2026-08-15 13:10:08,480 reid_baseline INFO: Using 1 GPUS
2026-08-15 13:10:08,480 reid_baseline INFO: Namespace(config_file='/root/autodl-tmp/BoT-reid-c2l03-soft-min-alignment-formal-v1/configs/softmax_triplet_c2l03_soft_min_alignment_autodl.yml', opts=[])
2026-08-15 13:10:08,481 reid_baseline INFO: Loaded configuration file /root/autodl-tmp/BoT-reid-c2l03-soft-min-alignment-formal-v1/configs/softmax_triplet_c2l03_soft_min_alignment_autodl.yml
2026-08-15 13:10:08,481 reid_baseline INFO: 
SEED: 42
MODEL: {NAME: 'resnet50', PRETRAIN_CHOICE: 'imagenet', PRETRAIN_PATH: "/root/autodl-tmp/pretrained/resnet50-19c8e357.pth", METRIC_LOSS_TYPE: 'triplet', IF_LABELSMOOTH: 'on', IF_WITH_CENTER: 'no', PART_ATTENTION: True, PART_ATTENTION_PARTS: 6, CAMERA_AWARE_TRIPLET: False, CAMERA_AWARE_TRIPLET_LAMBDA: 0.5, CAMERA_AWARE_TRIPLET_MARGIN: 0.3, CAMERA_AWARE_TRIPLET_MODE: "hard", CROSS_CAMERA_POSITIVE_ONLY: True, CROSS_CAMERA_POSITIVE_LAMBDA: 0.3, CROSS_CAMERA_POSITIVE_MODE: "mean", PART_CORRESPONDENCE_CONSISTENCY: True, PCC_PARTS: 6, PCC_LAMBDA: 0.1, PCC_MODE: "soft_min", PCC_SOFTMIN_TAU: 0.1}
INPUT: {SIZE_TRAIN: [256, 128], SIZE_TEST: [256, 128], PROB: 0.5, RE_PROB: 0.5, PADDING: 10}
DATASETS: {NAMES: 'market1501', ROOT_DIR: "/root/autodl-tmp/datasets"}
DATALOADER: {SAMPLER: 'softmax_triplet', NUM_INSTANCE: 4, NUM_WORKERS: 8}
SOLVER: {OPTIMIZER_NAME: 'Adam', MAX_EPOCHS: 120, BASE_LR: 0.00035, CLUSTER_MARGIN: 0.3, CENTER_LR: 0.5, CENTER_LOSS_WEIGHT: 0.0005, RANGE_K: 2, RANGE_MARGIN: 0.3, RANGE_ALPHA: 0, RANGE_BETA: 1, RANGE_LOSS_WEIGHT: 1, BIAS_LR_FACTOR: 1, WEIGHT_DECAY: 0.0005, WEIGHT_DECAY_BIAS: 0.0005, IMS_PER_BATCH: 64, STEPS: [40, 70], GAMMA: 0.1, WARMUP_FACTOR: 0.01, WARMUP_ITERS: 10, WARMUP_METHOD: 'linear', CHECKPOINT_PERIOD: 40, LOG_PERIOD: 20, EVAL_PERIOD: 40}
TEST: {IMS_PER_BATCH: 128, RE_RANKING: 'no', WEIGHT: "path", NECK_FEAT: 'after', FEAT_NORM: 'yes'}
OUTPUT_DIR: "/root/autodl-tmp/experiments/BoT/c2l03_soft_min_alignment_tau0p1_seed42_market1501"

2026-08-15 13:10:08,481 reid_baseline INFO: Running with config:
DATALOADER:
  NUM_INSTANCE: 4
  NUM_WORKERS: 8
  SAMPLER: softmax_triplet
DATASETS:
  NAMES: market1501
  ROOT_DIR: /root/autodl-tmp/datasets
INPUT:
  PADDING: 10
  PIXEL_MEAN: [0.485, 0.456, 0.406]
  PIXEL_STD: [0.229, 0.224, 0.225]
  PROB: 0.5
  RE_PROB: 0.5
  SIZE_TEST: [256, 128]
  SIZE_TRAIN: [256, 128]
MODEL:
  CAMERA_AWARE_TRIPLET: False
  CAMERA_AWARE_TRIPLET_LAMBDA: 0.5
  CAMERA_AWARE_TRIPLET_MARGIN: 0.3
  CAMERA_AWARE_TRIPLET_MODE: hard
  CROSS_CAMERA_POSITIVE_LAMBDA: 0.3
  CROSS_CAMERA_POSITIVE_MODE: mean
  CROSS_CAMERA_POSITIVE_ONLY: True
  DEVICE: cuda
  DEVICE_ID: 0
  IF_LABELSMOOTH: on
  IF_WITH_CENTER: no
  LAST_STRIDE: 1
  METRIC_LOSS_TYPE: triplet
  NAME: resnet50
  NECK: bnneck
  PART_ATTENTION: True
  PART_ATTENTION_PARTS: 6
  PART_CORRESPONDENCE_CONSISTENCY: True
  PCC_LAMBDA: 0.1
  PCC_MODE: soft_min
  PCC_PARTS: 6
  PCC_SOFTMIN_TAU: 0.1
  PRETRAIN_CHOICE: imagenet
  PRETRAIN_PATH: /root/autodl-tmp/pretrained/resnet50-19c8e357.pth
OUTPUT_DIR: /root/autodl-tmp/experiments/BoT/c2l03_soft_min_alignment_tau0p1_seed42_market1501
SEED: 42
SOLVER:
  BASE_LR: 0.00035
  BIAS_LR_FACTOR: 1
  CENTER_LOSS_WEIGHT: 0.0005
  CENTER_LR: 0.5
  CHECKPOINT_PERIOD: 40
  CLUSTER_MARGIN: 0.3
  EVAL_PERIOD: 40
  GAMMA: 0.1
  IMS_PER_BATCH: 64
  LOG_PERIOD: 20
  MARGIN: 0.3
  MAX_EPOCHS: 120
  MOMENTUM: 0.9
  OPTIMIZER_NAME: Adam
  RANGE_ALPHA: 0
  RANGE_BETA: 1
  RANGE_K: 2
  RANGE_LOSS_WEIGHT: 1
  RANGE_MARGIN: 0.3
  STEPS: (40, 70)
  WARMUP_FACTOR: 0.01
  WARMUP_ITERS: 10
  WARMUP_METHOD: linear
  WEIGHT_DECAY: 0.0005
  WEIGHT_DECAY_BIAS: 0.0005
TEST:
  FEAT_NORM: yes
  IMS_PER_BATCH: 128
  NECK_FEAT: after
  RE_RANKING: no
  WEIGHT: path
=> Market1501 loaded
Dataset statistics:
  ----------------------------------------
  subset   | # ids | # images | # cameras
  ----------------------------------------
  train    |   751 |    12936 |         6
  query    |   750 |     3368 |         6
  gallery  |   751 |    15913 |         6
  ----------------------------------------
Loading pretrained ImageNet model......
Train without center loss, the loss type is triplet
label smooth on, numclasses: 751
2026-08-15 13:10:09,251 reid_baseline.train INFO: Start training
/root/miniconda3/lib/python3.10/site-packages/torch/optim/lr_scheduler.py:136: UserWarning: Detected call of `lr_scheduler.step()` before `optimizer.step()`. In PyTorch 1.1.0 and later, you should call them in the opposite order: `optimizer.step()` before `lr_scheduler.step()`.  Failure to do this will result in PyTorch skipping the first value of the learning rate schedule. See more details at https://pytorch.org/docs/stable/optim.html#how-to-adjust-learning-rate
  warnings.warn("Detected call of `lr_scheduler.step()` before `optimizer.step()`. "
/root/autodl-tmp/BoT-reid-c2l03-soft-min-alignment-formal-v1/./layers/triplet_loss.py:33: UserWarning: This overload of addmm_ is deprecated:
	addmm_(Number beta, Number alpha, Tensor mat1, Tensor mat2)
Consider using one of the following signatures instead:
	addmm_(Tensor mat1, Tensor mat2, *, Number beta, Number alpha) (Triggered internally at ../torch/csrc/utils/python_arg_parser.cpp:1519.)
  dist.addmm_(1, -2, x, y.t())
2026-08-15 13:10:13,084 reid_baseline.train INFO: Epoch[1] Iteration[20/186] loss_total: 23.381, loss_id: 6.624, loss_triplet: 5.320, loss_camera_triplet: 0.000, loss_cross_camera_positive: 29.456, loss_pcc: 26.001, cross_camera_positive_count: 63.4, Acc: 0.000, Base Lr: 3.82e-05
2026-08-15 13:10:13,085 reid_baseline.train INFO: Soft Alignment Batch - Epoch: 1 Iteration: 20 soft_alignment_loss: 24.493912 valid_alignment_pair_count: 80 mean_soft_path_cost: 269.433014 alignment_temperature: 0.1
2026-08-15 13:10:15,857 reid_baseline.train INFO: Epoch[1] Iteration[40/186] loss_total: 22.051, loss_id: 6.619, loss_triplet: 4.637, loss_camera_triplet: 0.000, loss_cross_camera_positive: 27.625, loss_pcc: 25.081, cross_camera_positive_count: 63.3, Acc: 0.004, Base Lr: 3.82e-05
2026-08-15 13:10:15,857 reid_baseline.train INFO: Soft Alignment Batch - Epoch: 1 Iteration: 40 soft_alignment_loss: 21.887171 valid_alignment_pair_count: 74 mean_soft_path_cost: 240.758881 alignment_temperature: 0.1
2026-08-15 13:10:18,601 reid_baseline.train INFO: Epoch[1] Iteration[60/186] loss_total: 20.140, loss_id: 6.610, loss_triplet: 3.915, loss_camera_triplet: 0.000, loss_cross_camera_positive: 24.358, loss_pcc: 23.071, cross_camera_positive_count: 62.8, Acc: 0.009, Base Lr: 3.82e-05
2026-08-15 13:10:18,601 reid_baseline.train INFO: Soft Alignment Batch - Epoch: 1 Iteration: 60 soft_alignment_loss: 16.777386 valid_alignment_pair_count: 69 mean_soft_path_cost: 184.551270 alignment_temperature: 0.1
2026-08-15 13:10:21,381 reid_baseline.train INFO: Epoch[1] Iteration[80/186] loss_total: 17.781, loss_id: 6.596, loss_triplet: 3.202, loss_camera_triplet: 0.000, loss_cross_camera_positive: 19.956, loss_pcc: 19.956, cross_camera_positive_count: 62.6, Acc: 0.019, Base Lr: 3.82e-05
2026-08-15 13:10:21,381 reid_baseline.train INFO: Soft Alignment Batch - Epoch: 1 Iteration: 80 soft_alignment_loss: 11.433590 valid_alignment_pair_count: 74 mean_soft_path_cost: 125.769478 alignment_temperature: 0.1
2026-08-15 13:10:24,144 reid_baseline.train INFO: Epoch[1] Iteration[100/186] loss_total: 15.407, loss_id: 6.581, loss_triplet: 2.583, loss_camera_triplet: 0.000, loss_cross_camera_positive: 15.366, loss_pcc: 16.337, cross_camera_positive_count: 62.6, Acc: 0.030, Base Lr: 3.82e-05
2026-08-15 13:10:24,144 reid_baseline.train INFO: Soft Alignment Batch - Epoch: 1 Iteration: 100 soft_alignment_loss: 7.588583 valid_alignment_pair_count: 74 mean_soft_path_cost: 83.474419 alignment_temperature: 0.1
2026-08-15 13:10:26,879 reid_baseline.train INFO: Epoch[1] Iteration[120/186] loss_total: 13.337, loss_id: 6.563, loss_triplet: 2.033, loss_camera_triplet: 0.000, loss_cross_camera_positive: 11.460, loss_pcc: 13.022, cross_camera_positive_count: 62.7, Acc: 0.043, Base Lr: 3.82e-05
2026-08-15 13:10:26,880 reid_baseline.train INFO: Soft Alignment Batch - Epoch: 1 Iteration: 120 soft_alignment_loss: 5.638980 valid_alignment_pair_count: 76 mean_soft_path_cost: 62.028782 alignment_temperature: 0.1
2026-08-15 13:10:29,632 reid_baseline.train INFO: Epoch[1] Iteration[140/186] loss_total: 11.698, loss_id: 6.543, loss_triplet: 1.591, loss_camera_triplet: 0.000, loss_cross_camera_positive: 8.443, loss_pcc: 10.309, cross_camera_positive_count: 62.8, Acc: 0.048, Base Lr: 3.82e-05
2026-08-15 13:10:29,633 reid_baseline.train INFO: Soft Alignment Batch - Epoch: 1 Iteration: 140 soft_alignment_loss: 4.365372 valid_alignment_pair_count: 76 mean_soft_path_cost: 48.019089 alignment_temperature: 0.1
2026-08-15 13:10:32,390 reid_baseline.train INFO: Epoch[1] Iteration[160/186] loss_total: 10.448, loss_id: 6.515, loss_triplet: 1.256, loss_camera_triplet: 0.000, loss_cross_camera_positive: 6.196, loss_pcc: 8.178, cross_camera_positive_count: 62.9, Acc: 0.061, Base Lr: 3.82e-05
2026-08-15 13:10:32,390 reid_baseline.train INFO: Soft Alignment Batch - Epoch: 1 Iteration: 160 soft_alignment_loss: 3.552118 valid_alignment_pair_count: 74 mean_soft_path_cost: 39.073292 alignment_temperature: 0.1
2026-08-15 13:10:35,124 reid_baseline.train INFO: Epoch[1] Iteration[180/186] loss_total: 9.502, loss_id: 6.473, loss_triplet: 1.010, loss_camera_triplet: 0.000, loss_cross_camera_positive: 4.552, loss_pcc: 6.537, cross_camera_positive_count: 62.7, Acc: 0.092, Base Lr: 3.82e-05
2026-08-15 13:10:35,124 reid_baseline.train INFO: Soft Alignment Batch - Epoch: 1 Iteration: 180 soft_alignment_loss: 2.990415 valid_alignment_pair_count: 71 mean_soft_path_cost: 32.894558 alignment_temperature: 0.1
2026-08-15 13:10:36,376 reid_baseline.train INFO: EPOCH_EVIDENCE epoch=1 global_iteration=186 epoch_length=186
2026-08-15 13:10:36,377 reid_baseline.train INFO: Soft Alignment Epoch Summary - Epoch: 1 soft_alignment_loss: 11.802218 valid_alignment_pair_count: 13749 mean_soft_path_cost: 129.824397 alignment_temperature: 0.1
2026-08-15 13:10:36,377 reid_baseline.train INFO: Epoch 1 done. Time per batch: 25.312[s] Speed: 470.3[samples/s]
2026-08-15 13:10:36,377 reid_baseline.train INFO: ----------
2026-08-15 13:10:39,103 reid_baseline.train INFO: Epoch[2] Iteration[20/186] loss_total: 8.624, loss_id: 6.444, loss_triplet: 0.776, loss_camera_triplet: 0.000, loss_cross_camera_positive: 3.049, loss_pcc: 4.897, cross_camera_positive_count: 62.6, Acc: 0.087, Base Lr: 7.28e-05
2026-08-15 13:10:39,104 reid_baseline.train INFO: Soft Alignment Batch - Epoch: 2 Iteration: 20 soft_alignment_loss: 2.122266 valid_alignment_pair_count: 80 mean_soft_path_cost: 23.344927 alignment_temperature: 0.1
2026-08-15 13:10:41,895 reid_baseline.train INFO: Epoch[2] Iteration[40/186] loss_total: 8.134, loss_id: 6.426, loss_triplet: 0.651, loss_camera_triplet: 0.000, loss_cross_camera_positive: 2.234, loss_pcc: 3.879, cross_camera_positive_count: 62.8, Acc: 0.072, Base Lr: 7.28e-05
2026-08-15 13:10:41,895 reid_baseline.train INFO: Soft Alignment Batch - Epoch: 2 Iteration: 40 soft_alignment_loss: 1.635278 valid_alignment_pair_count: 79 mean_soft_path_cost: 17.988056 alignment_temperature: 0.1
2026-08-15 13:10:44,666 reid_baseline.train INFO: Epoch[2] Iteration[60/186] loss_total: 7.745, loss_id: 6.381, loss_triplet: 0.559, loss_camera_triplet: 0.000, loss_cross_camera_positive: 1.659, loss_pcc: 3.076, cross_camera_positive_count: 62.5, Acc: 0.074, Base Lr: 7.28e-05
2026-08-15 13:10:44,666 reid_baseline.train INFO: Soft Alignment Batch - Epoch: 2 Iteration: 60 soft_alignment_loss: 1.340754 valid_alignment_pair_count: 74 mean_soft_path_cost: 14.748291 alignment_temperature: 0.1
2026-08-15 13:10:47,453 reid_baseline.train INFO: Epoch[2] Iteration[80/186] loss_total: 7.447, loss_id: 6.325, loss_triplet: 0.497, loss_camera_triplet: 0.000, loss_cross_camera_positive: 1.263, loss_pcc: 2.457, cross_camera_positive_count: 62.7, Acc: 0.075, Base Lr: 7.28e-05
2026-08-15 13:10:47,454 reid_baseline.train INFO: Soft Alignment Batch - Epoch: 2 Iteration: 80 soft_alignment_loss: 1.128099 valid_alignment_pair_count: 73 mean_soft_path_cost: 12.409093 alignment_temperature: 0.1
2026-08-15 13:10:50,204 reid_baseline.train INFO: Epoch[2] Iteration[100/186] loss_total: 7.206, loss_id: 6.255, loss_triplet: 0.454, loss_camera_triplet: 0.000, loss_cross_camera_positive: 0.993, loss_pcc: 1.988, cross_camera_positive_count: 62.9, Acc: 0.071, Base Lr: 7.28e-05
2026-08-15 13:10:50,204 reid_baseline.train INFO: Soft Alignment Batch - Epoch: 2 Iteration: 100 soft_alignment_loss: 0.979962 valid_alignment_pair_count: 79 mean_soft_path_cost: 10.779581 alignment_temperature: 0.1
2026-08-15 13:10:52,978 reid_baseline.train INFO: Epoch[2] Iteration[120/186] loss_total: 7.007, loss_id: 6.177, loss_triplet: 0.425, loss_camera_triplet: 0.000, loss_cross_camera_positive: 0.807, loss_pcc: 1.627, cross_camera_positive_count: 62.6, Acc: 0.062, Base Lr: 7.28e-05
2026-08-15 13:10:52,978 reid_baseline.train INFO: Soft Alignment Batch - Epoch: 2 Iteration: 120 soft_alignment_loss: 0.835204 valid_alignment_pair_count: 81 mean_soft_path_cost: 9.187240 alignment_temperature: 0.1
2026-08-15 13:10:55,710 reid_baseline.train INFO: Epoch[2] Iteration[140/186] loss_total: 6.817, loss_id: 6.073, loss_triplet: 0.405, loss_camera_triplet: 0.000, loss_cross_camera_positive: 0.680, loss_pcc: 1.350, cross_camera_positive_count: 62.5, Acc: 0.069, Base Lr: 7.28e-05
2026-08-15 13:10:55,710 reid_baseline.train INFO: Soft Alignment Batch - Epoch: 2 Iteration: 140 soft_alignment_loss: 0.767548 valid_alignment_pair_count: 72 mean_soft_path_cost: 8.443031 alignment_temperature: 0.1
2026-08-15 13:10:58,433 reid_baseline.train INFO: Epoch[2] Iteration[160/186] loss_total: 6.605, loss_id: 5.919, loss_triplet: 0.392, loss_camera_triplet: 0.000, loss_cross_camera_positive: 0.597, loss_pcc: 1.147, cross_camera_positive_count: 61.9, Acc: 0.082, Base Lr: 7.28e-05
2026-08-15 13:10:58,433 reid_baseline.train INFO: Soft Alignment Batch - Epoch: 2 Iteration: 160 soft_alignment_loss: 0.720236 valid_alignment_pair_count: 65 mean_soft_path_cost: 7.922600 alignment_temperature: 0.1
2026-08-15 13:11:01,104 reid_baseline.train INFO: Epoch[2] Iteration[180/186] loss_total: 6.339, loss_id: 5.690, loss_triplet: 0.383, loss_camera_triplet: 0.000, loss_cross_camera_positive: 0.551, loss_pcc: 1.006, cross_camera_positive_count: 62.0, Acc: 0.110, Base Lr: 7.28e-05
2026-08-15 13:11:01,104 reid_baseline.train INFO: Soft Alignment Batch - Epoch: 2 Iteration: 180 soft_alignment_loss: 0.729417 valid_alignment_pair_count: 75 mean_soft_path_cost: 8.023589 alignment_temperature: 0.1
2026-08-15 13:11:02,429 reid_baseline.train INFO: EPOCH_EVIDENCE epoch=2 global_iteration=372 epoch_length=186
2026-08-15 13:11:02,430 reid_baseline.train INFO: Soft Alignment Epoch Summary - Epoch: 2 soft_alignment_loss: 1.233791 valid_alignment_pair_count: 13717 mean_soft_path_cost: 13.571705 alignment_temperature: 0.1
2026-08-15 13:11:02,430 reid_baseline.train INFO: Epoch 2 done. Time per batch: 24.388[s] Speed: 488.1[samples/s]
2026-08-15 13:11:02,430 reid_baseline.train INFO: ----------
2026-08-15 13:11:05,182 reid_baseline.train INFO: Epoch[3] Iteration[20/186] loss_total: 6.358, loss_id: 5.757, loss_triplet: 0.368, loss_camera_triplet: 0.000, loss_cross_camera_positive: 0.486, loss_pcc: 0.858, cross_camera_positive_count: 62.3, Acc: 0.082, Base Lr: 1.07e-04
2026-08-15 13:11:05,182 reid_baseline.train INFO: Soft Alignment Batch - Epoch: 3 Iteration: 20 soft_alignment_loss: 0.634139 valid_alignment_pair_count: 70 mean_soft_path_cost: 6.975526 alignment_temperature: 0.1
2026-08-15 13:11:07,897 reid_baseline.train INFO: Epoch[3] Iteration[40/186] loss_total: 6.284, loss_id: 5.709, loss_triplet: 0.360, loss_camera_triplet: 0.000, loss_cross_camera_positive: 0.454, loss_pcc: 0.781, cross_camera_positive_count: 62.6, Acc: 0.080, Base Lr: 1.07e-04
2026-08-15 13:11:07,897 reid_baseline.train INFO: Soft Alignment Batch - Epoch: 3 Iteration: 40 soft_alignment_loss: 0.624982 valid_alignment_pair_count: 71 mean_soft_path_cost: 6.874805 alignment_temperature: 0.1
2026-08-15 13:11:10,637 reid_baseline.train INFO: Epoch[3] Iteration[60/186] loss_total: 6.201, loss_id: 5.647, loss_triplet: 0.352, loss_camera_triplet: 0.000, loss_cross_camera_positive: 0.433, loss_pcc: 0.721, cross_camera_positive_count: 62.5, Acc: 0.087, Base Lr: 1.07e-04
2026-08-15 13:11:10,637 reid_baseline.train INFO: Soft Alignment Batch - Epoch: 3 Iteration: 60 soft_alignment_loss: 0.607975 valid_alignment_pair_count: 66 mean_soft_path_cost: 6.687727 alignment_temperature: 0.1
2026-08-15 13:11:13,350 reid_baseline.train INFO: Epoch[3] Iteration[80/186] loss_total: 6.093, loss_id: 5.551, loss_triplet: 0.347, loss_camera_triplet: 0.000, loss_cross_camera_positive: 0.422, loss_pcc: 0.684, cross_camera_positive_count: 62.5, Acc: 0.094, Base Lr: 1.07e-04
2026-08-15 13:11:13,350 reid_baseline.train INFO: Soft Alignment Batch - Epoch: 3 Iteration: 80 soft_alignment_loss: 0.593093 valid_alignment_pair_count: 68 mean_soft_path_cost: 6.524027 alignment_temperature: 0.1
2026-08-15 13:11:16,056 reid_baseline.train INFO: Epoch[3] Iteration[100/186] loss_total: 5.955, loss_id: 5.422, loss_triplet: 0.342, loss_camera_triplet: 0.000, loss_cross_camera_positive: 0.418, loss_pcc: 0.662, cross_camera_positive_count: 62.6, Acc: 0.112, Base Lr: 1.07e-04
2026-08-15 13:11:16,056 reid_baseline.train INFO: Soft Alignment Batch - Epoch: 3 Iteration: 100 soft_alignment_loss: 0.668581 valid_alignment_pair_count: 75 mean_soft_path_cost: 7.354393 alignment_temperature: 0.1
2026-08-15 13:11:18,772 reid_baseline.train INFO: Epoch[3] Iteration[120/186] loss_total: 5.789, loss_id: 5.257, loss_triplet: 0.340, loss_camera_triplet: 0.000, loss_cross_camera_positive: 0.424, loss_pcc: 0.652, cross_camera_positive_count: 62.9, Acc: 0.139, Base Lr: 1.07e-04
2026-08-15 13:11:18,772 reid_baseline.train INFO: Soft Alignment Batch - Epoch: 3 Iteration: 120 soft_alignment_loss: 0.601051 valid_alignment_pair_count: 65 mean_soft_path_cost: 6.611561 alignment_temperature: 0.1
2026-08-15 13:11:21,372 reid_baseline.train INFO: Epoch[3] Iteration[140/186] loss_total: 5.622, loss_id: 5.095, loss_triplet: 0.337, loss_camera_triplet: 0.000, loss_cross_camera_positive: 0.424, loss_pcc: 0.638, cross_camera_positive_count: 62.7, Acc: 0.162, Base Lr: 1.07e-04
2026-08-15 13:11:21,373 reid_baseline.train INFO: Soft Alignment Batch - Epoch: 3 Iteration: 140 soft_alignment_loss: 0.632834 valid_alignment_pair_count: 74 mean_soft_path_cost: 6.961179 alignment_temperature: 0.1
2026-08-15 13:11:24,118 reid_baseline.train INFO: Epoch[3] Iteration[160/186] loss_total: 5.410, loss_id: 4.882, loss_triplet: 0.335, loss_camera_triplet: 0.000, loss_cross_camera_positive: 0.429, loss_pcc: 0.637, cross_camera_positive_count: 62.6, Acc: 0.194, Base Lr: 1.07e-04
2026-08-15 13:11:24,118 reid_baseline.train INFO: Soft Alignment Batch - Epoch: 3 Iteration: 160 soft_alignment_loss: 0.610575 valid_alignment_pair_count: 73 mean_soft_path_cost: 6.716323 alignment_temperature: 0.1
2026-08-15 13:11:27,271 reid_baseline.train INFO: Epoch[3] Iteration[180/186] loss_total: 5.127, loss_id: 4.597, loss_triplet: 0.335, loss_camera_triplet: 0.000, loss_cross_camera_positive: 0.440, loss_pcc: 0.639, cross_camera_positive_count: 62.4, Acc: 0.251, Base Lr: 1.07e-04
2026-08-15 13:11:27,271 reid_baseline.train INFO: Soft Alignment Batch - Epoch: 3 Iteration: 180 soft_alignment_loss: 0.645987 valid_alignment_pair_count: 70 mean_soft_path_cost: 7.105861 alignment_temperature: 0.1
2026-08-15 13:11:28,093 reid_baseline.train INFO: EPOCH_EVIDENCE epoch=3 global_iteration=558 epoch_length=186
2026-08-15 13:11:28,093 reid_baseline.train INFO: Soft Alignment Epoch Summary - Epoch: 3 soft_alignment_loss: 0.622772 valid_alignment_pair_count: 13764 mean_soft_path_cost: 6.850488 alignment_temperature: 0.1
2026-08-15 13:11:28,093 reid_baseline.train INFO: Epoch 3 done. Time per batch: 24.153[s] Speed: 492.9[samples/s]
2026-08-15 13:11:28,093 reid_baseline.train INFO: ----------
2026-08-15 13:11:30,841 reid_baseline.train INFO: Epoch[4] Iteration[20/186] loss_total: 5.254, loss_id: 4.739, loss_triplet: 0.327, loss_camera_triplet: 0.000, loss_cross_camera_positive: 0.422, loss_pcc: 0.620, cross_camera_positive_count: 62.3, Acc: 0.207, Base Lr: 1.42e-04
2026-08-15 13:11:30,842 reid_baseline.train INFO: Soft Alignment Batch - Epoch: 4 Iteration: 20 soft_alignment_loss: 0.641797 valid_alignment_pair_count: 77 mean_soft_path_cost: 7.059764 alignment_temperature: 0.1
2026-08-15 13:11:33,583 reid_baseline.train INFO: Epoch[4] Iteration[40/186] loss_total: 5.199, loss_id: 4.683, loss_triplet: 0.323, loss_camera_triplet: 0.000, loss_cross_camera_positive: 0.433, loss_pcc: 0.627, cross_camera_positive_count: 62.4, Acc: 0.216, Base Lr: 1.42e-04
2026-08-15 13:11:33,583 reid_baseline.train INFO: Soft Alignment Batch - Epoch: 4 Iteration: 40 soft_alignment_loss: 0.632579 valid_alignment_pair_count: 70 mean_soft_path_cost: 6.958365 alignment_temperature: 0.1
2026-08-15 13:11:36,292 reid_baseline.train INFO: Epoch[4] Iteration[60/186] loss_total: 5.111, loss_id: 4.599, loss_triplet: 0.321, loss_camera_triplet: 0.000, loss_cross_camera_positive: 0.429, loss_pcc: 0.619, cross_camera_positive_count: 62.4, Acc: 0.244, Base Lr: 1.42e-04
2026-08-15 13:11:36,292 reid_baseline.train INFO: Soft Alignment Batch - Epoch: 4 Iteration: 60 soft_alignment_loss: 0.604485 valid_alignment_pair_count: 74 mean_soft_path_cost: 6.649336 alignment_temperature: 0.1
2026-08-15 13:11:38,987 reid_baseline.train INFO: Epoch[4] Iteration[80/186] loss_total: 5.025, loss_id: 4.516, loss_triplet: 0.320, loss_camera_triplet: 0.000, loss_cross_camera_positive: 0.427, loss_pcc: 0.613, cross_camera_positive_count: 62.9, Acc: 0.256, Base Lr: 1.42e-04
2026-08-15 13:11:38,987 reid_baseline.train INFO: Soft Alignment Batch - Epoch: 4 Iteration: 80 soft_alignment_loss: 0.591436 valid_alignment_pair_count: 80 mean_soft_path_cost: 6.505794 alignment_temperature: 0.1
2026-08-15 13:11:41,707 reid_baseline.train INFO: Epoch[4] Iteration[100/186] loss_total: 4.920, loss_id: 4.413, loss_triplet: 0.319, loss_camera_triplet: 0.000, loss_cross_camera_positive: 0.425, loss_pcc: 0.603, cross_camera_positive_count: 63.1, Acc: 0.274, Base Lr: 1.42e-04
2026-08-15 13:11:41,708 reid_baseline.train INFO: Soft Alignment Batch - Epoch: 4 Iteration: 100 soft_alignment_loss: 0.618138 valid_alignment_pair_count: 71 mean_soft_path_cost: 6.799521 alignment_temperature: 0.1
2026-08-15 13:11:44,466 reid_baseline.train INFO: Epoch[4] Iteration[120/186] loss_total: 4.760, loss_id: 4.255, loss_triplet: 0.314, loss_camera_triplet: 0.000, loss_cross_camera_positive: 0.435, loss_pcc: 0.615, cross_camera_positive_count: 62.9, Acc: 0.308, Base Lr: 1.42e-04
2026-08-15 13:11:44,466 reid_baseline.train INFO: Soft Alignment Batch - Epoch: 4 Iteration: 120 soft_alignment_loss: 0.609240 valid_alignment_pair_count: 69 mean_soft_path_cost: 6.701636 alignment_temperature: 0.1
2026-08-15 13:11:47,198 reid_baseline.train INFO: Epoch[4] Iteration[140/186] loss_total: 4.591, loss_id: 4.090, loss_triplet: 0.310, loss_camera_triplet: 0.000, loss_cross_camera_positive: 0.434, loss_pcc: 0.613, cross_camera_positive_count: 63.1, Acc: 0.333, Base Lr: 1.42e-04
2026-08-15 13:11:47,198 reid_baseline.train INFO: Soft Alignment Batch - Epoch: 4 Iteration: 140 soft_alignment_loss: 0.614774 valid_alignment_pair_count: 74 mean_soft_path_cost: 6.762518 alignment_temperature: 0.1
2026-08-15 13:11:49,934 reid_baseline.train INFO: Epoch[4] Iteration[160/186] loss_total: 4.321, loss_id: 3.820, loss_triplet: 0.308, loss_camera_triplet: 0.000, loss_cross_camera_positive: 0.439, loss_pcc: 0.616, cross_camera_positive_count: 62.8, Acc: 0.393, Base Lr: 1.42e-04
2026-08-15 13:11:49,934 reid_baseline.train INFO: Soft Alignment Batch - Epoch: 4 Iteration: 160 soft_alignment_loss: 0.596498 valid_alignment_pair_count: 77 mean_soft_path_cost: 6.561474 alignment_temperature: 0.1
2026-08-15 13:11:53,003 reid_baseline.train INFO: Epoch[4] Iteration[180/186] loss_total: 4.054, loss_id: 3.558, loss_triplet: 0.302, loss_camera_triplet: 0.000, loss_cross_camera_positive: 0.443, loss_pcc: 0.619, cross_camera_positive_count: 62.9, Acc: 0.447, Base Lr: 1.42e-04
2026-08-15 13:11:53,003 reid_baseline.train INFO: Soft Alignment Batch - Epoch: 4 Iteration: 180 soft_alignment_loss: 0.596854 valid_alignment_pair_count: 72 mean_soft_path_cost: 6.565393 alignment_temperature: 0.1
2026-08-15 13:11:53,815 reid_baseline.train INFO: EPOCH_EVIDENCE epoch=4 global_iteration=744 epoch_length=186
2026-08-15 13:11:53,815 reid_baseline.train INFO: Soft Alignment Epoch Summary - Epoch: 4 soft_alignment_loss: 0.610967 valid_alignment_pair_count: 13802 mean_soft_path_cost: 6.720640 alignment_temperature: 0.1
2026-08-15 13:11:53,815 reid_baseline.train INFO: Epoch 4 done. Time per batch: 24.348[s] Speed: 488.9[samples/s]
2026-08-15 13:11:53,815 reid_baseline.train INFO: ----------
2026-08-15 13:11:56,585 reid_baseline.train INFO: Epoch[5] Iteration[20/186] loss_total: 4.178, loss_id: 3.681, loss_triplet: 0.301, loss_camera_triplet: 0.000, loss_cross_camera_positive: 0.445, loss_pcc: 0.632, cross_camera_positive_count: 62.5, Acc: 0.419, Base Lr: 1.77e-04
2026-08-15 13:11:56,585 reid_baseline.train INFO: Soft Alignment Batch - Epoch: 5 Iteration: 20 soft_alignment_loss: 0.690453 valid_alignment_pair_count: 74 mean_soft_path_cost: 7.594977 alignment_temperature: 0.1
2026-08-15 13:11:59,326 reid_baseline.train INFO: Epoch[5] Iteration[40/186] loss_total: 4.190, loss_id: 3.697, loss_triplet: 0.297, loss_camera_triplet: 0.000, loss_cross_camera_positive: 0.441, loss_pcc: 0.631, cross_camera_positive_count: 62.8, Acc: 0.417, Base Lr: 1.77e-04
2026-08-15 13:11:59,326 reid_baseline.train INFO: Soft Alignment Batch - Epoch: 5 Iteration: 40 soft_alignment_loss: 0.641231 valid_alignment_pair_count: 85 mean_soft_path_cost: 7.053536 alignment_temperature: 0.1
2026-08-15 13:12:02,109 reid_baseline.train INFO: Epoch[5] Iteration[60/186] loss_total: 4.113, loss_id: 3.622, loss_triplet: 0.292, loss_camera_triplet: 0.000, loss_cross_camera_positive: 0.449, loss_pcc: 0.639, cross_camera_positive_count: 63.1, Acc: 0.434, Base Lr: 1.77e-04
2026-08-15 13:12:02,109 reid_baseline.train INFO: Soft Alignment Batch - Epoch: 5 Iteration: 60 soft_alignment_loss: 0.643233 valid_alignment_pair_count: 73 mean_soft_path_cost: 7.075560 alignment_temperature: 0.1
2026-08-15 13:12:04,830 reid_baseline.train INFO: Epoch[5] Iteration[80/186] loss_total: 4.007, loss_id: 3.520, loss_triplet: 0.288, loss_camera_triplet: 0.000, loss_cross_camera_positive: 0.450, loss_pcc: 0.637, cross_camera_positive_count: 62.9, Acc: 0.467, Base Lr: 1.77e-04
2026-08-15 13:12:04,830 reid_baseline.train INFO: Soft Alignment Batch - Epoch: 5 Iteration: 80 soft_alignment_loss: 0.648628 valid_alignment_pair_count: 67 mean_soft_path_cost: 7.134907 alignment_temperature: 0.1
2026-08-15 13:12:07,559 reid_baseline.train INFO: Epoch[5] Iteration[100/186] loss_total: 3.897, loss_id: 3.410, loss_triplet: 0.288, loss_camera_triplet: 0.000, loss_cross_camera_positive: 0.450, loss_pcc: 0.635, cross_camera_positive_count: 63.0, Acc: 0.495, Base Lr: 1.77e-04
2026-08-15 13:12:07,560 reid_baseline.train INFO: Soft Alignment Batch - Epoch: 5 Iteration: 100 soft_alignment_loss: 0.610387 valid_alignment_pair_count: 77 mean_soft_path_cost: 6.714254 alignment_temperature: 0.1
2026-08-15 13:12:10,270 reid_baseline.train INFO: Epoch[5] Iteration[120/186] loss_total: 3.728, loss_id: 3.246, loss_triplet: 0.283, loss_camera_triplet: 0.000, loss_cross_camera_positive: 0.450, loss_pcc: 0.632, cross_camera_positive_count: 62.5, Acc: 0.536, Base Lr: 1.77e-04
2026-08-15 13:12:10,270 reid_baseline.train INFO: Soft Alignment Batch - Epoch: 5 Iteration: 120 soft_alignment_loss: 0.636925 valid_alignment_pair_count: 68 mean_soft_path_cost: 7.006177 alignment_temperature: 0.1
2026-08-15 13:12:12,997 reid_baseline.train INFO: Epoch[5] Iteration[140/186] loss_total: 3.507, loss_id: 3.030, loss_triplet: 0.278, loss_camera_triplet: 0.000, loss_cross_camera_positive: 0.453, loss_pcc: 0.633, cross_camera_positive_count: 62.4, Acc: 0.586, Base Lr: 1.77e-04
2026-08-15 13:12:12,997 reid_baseline.train INFO: Soft Alignment Batch - Epoch: 5 Iteration: 140 soft_alignment_loss: 0.648047 valid_alignment_pair_count: 74 mean_soft_path_cost: 7.128512 alignment_temperature: 0.1
2026-08-15 13:12:15,720 reid_baseline.train INFO: Epoch[5] Iteration[160/186] loss_total: 3.276, loss_id: 2.802, loss_triplet: 0.277, loss_camera_triplet: 0.000, loss_cross_camera_positive: 0.449, loss_pcc: 0.626, cross_camera_positive_count: 62.3, Acc: 0.650, Base Lr: 1.77e-04
2026-08-15 13:12:15,720 reid_baseline.train INFO: Soft Alignment Batch - Epoch: 5 Iteration: 160 soft_alignment_loss: 0.611838 valid_alignment_pair_count: 75 mean_soft_path_cost: 6.730220 alignment_temperature: 0.1
2026-08-15 13:12:18,960 reid_baseline.train INFO: Epoch[5] Iteration[180/186] loss_total: 3.197, loss_id: 2.732, loss_triplet: 0.271, loss_camera_triplet: 0.000, loss_cross_camera_positive: 0.440, loss_pcc: 0.614, cross_camera_positive_count: 62.4, Acc: 0.653, Base Lr: 1.77e-04
2026-08-15 13:12:18,960 reid_baseline.train INFO: Soft Alignment Batch - Epoch: 5 Iteration: 180 soft_alignment_loss: 0.560361 valid_alignment_pair_count: 77 mean_soft_path_cost: 6.163967 alignment_temperature: 0.1
2026-08-15 13:12:19,773 reid_baseline.train INFO: EPOCH_EVIDENCE epoch=5 global_iteration=930 epoch_length=186
2026-08-15 13:12:19,773 reid_baseline.train INFO: Soft Alignment Epoch Summary - Epoch: 5 soft_alignment_loss: 0.629657 valid_alignment_pair_count: 13734 mean_soft_path_cost: 6.926222 alignment_temperature: 0.1
2026-08-15 13:12:19,773 reid_baseline.train INFO: Epoch 5 done. Time per batch: 24.395[s] Speed: 488.0[samples/s]
2026-08-15 13:12:19,773 reid_baseline.train INFO: ----------
2026-08-15 13:12:22,477 reid_baseline.train INFO: Epoch[6] Iteration[20/186] loss_total: 3.259, loss_id: 2.788, loss_triplet: 0.272, loss_camera_triplet: 0.000, loss_cross_camera_positive: 0.451, loss_pcc: 0.631, cross_camera_positive_count: 62.6, Acc: 0.636, Base Lr: 2.11e-04
2026-08-15 13:12:22,477 reid_baseline.train INFO: Soft Alignment Batch - Epoch: 6 Iteration: 20 soft_alignment_loss: 0.688997 valid_alignment_pair_count: 79 mean_soft_path_cost: 7.578964 alignment_temperature: 0.1
2026-08-15 13:12:25,212 reid_baseline.train INFO: Epoch[6] Iteration[40/186] loss_total: 3.257, loss_id: 2.790, loss_triplet: 0.269, loss_camera_triplet: 0.000, loss_cross_camera_positive: 0.449, loss_pcc: 0.632, cross_camera_positive_count: 62.8, Acc: 0.631, Base Lr: 2.11e-04
2026-08-15 13:12:25,212 reid_baseline.train INFO: Soft Alignment Batch - Epoch: 6 Iteration: 40 soft_alignment_loss: 0.591572 valid_alignment_pair_count: 77 mean_soft_path_cost: 6.507288 alignment_temperature: 0.1
2026-08-15 13:12:27,905 reid_baseline.train INFO: Epoch[6] Iteration[60/186] loss_total: 3.190, loss_id: 2.725, loss_triplet: 0.267, loss_camera_triplet: 0.000, loss_cross_camera_positive: 0.449, loss_pcc: 0.631, cross_camera_positive_count: 62.7, Acc: 0.652, Base Lr: 2.11e-04
2026-08-15 13:12:27,905 reid_baseline.train INFO: Soft Alignment Batch - Epoch: 6 Iteration: 60 soft_alignment_loss: 0.596287 valid_alignment_pair_count: 76 mean_soft_path_cost: 6.559154 alignment_temperature: 0.1
2026-08-15 13:12:30,603 reid_baseline.train INFO: Epoch[6] Iteration[80/186] loss_total: 3.133, loss_id: 2.668, loss_triplet: 0.268, loss_camera_triplet: 0.000, loss_cross_camera_positive: 0.448, loss_pcc: 0.627, cross_camera_positive_count: 62.6, Acc: 0.666, Base Lr: 2.11e-04
2026-08-15 13:12:30,603 reid_baseline.train INFO: Soft Alignment Batch - Epoch: 6 Iteration: 80 soft_alignment_loss: 0.615188 valid_alignment_pair_count: 77 mean_soft_path_cost: 6.767073 alignment_temperature: 0.1
2026-08-15 13:12:33,292 reid_baseline.train INFO: Epoch[6] Iteration[100/186] loss_total: 3.026, loss_id: 2.563, loss_triplet: 0.267, loss_camera_triplet: 0.000, loss_cross_camera_positive: 0.447, loss_pcc: 0.622, cross_camera_positive_count: 62.4, Acc: 0.697, Base Lr: 2.11e-04
2026-08-15 13:12:33,292 reid_baseline.train INFO: Soft Alignment Batch - Epoch: 6 Iteration: 100 soft_alignment_loss: 0.630972 valid_alignment_pair_count: 70 mean_soft_path_cost: 6.940697 alignment_temperature: 0.1
2026-08-15 13:12:35,987 reid_baseline.train INFO: Epoch[6] Iteration[120/186] loss_total: 2.922, loss_id: 2.461, loss_triplet: 0.266, loss_camera_triplet: 0.000, loss_cross_camera_positive: 0.443, loss_pcc: 0.611, cross_camera_positive_count: 62.3, Acc: 0.726, Base Lr: 2.11e-04
2026-08-15 13:12:35,987 reid_baseline.train INFO: Soft Alignment Batch - Epoch: 6 Iteration: 120 soft_alignment_loss: 0.570983 valid_alignment_pair_count: 68 mean_soft_path_cost: 6.280814 alignment_temperature: 0.1
2026-08-15 13:12:38,675 reid_baseline.train INFO: Epoch[6] Iteration[140/186] loss_total: 2.781, loss_id: 2.328, loss_triplet: 0.260, loss_camera_triplet: 0.000, loss_cross_camera_positive: 0.439, loss_pcc: 0.606, cross_camera_positive_count: 62.3, Acc: 0.757, Base Lr: 2.11e-04
2026-08-15 13:12:38,675 reid_baseline.train INFO: Soft Alignment Batch - Epoch: 6 Iteration: 140 soft_alignment_loss: 0.582736 valid_alignment_pair_count: 68 mean_soft_path_cost: 6.410094 alignment_temperature: 0.1
2026-08-15 13:12:41,372 reid_baseline.train INFO: Epoch[6] Iteration[160/186] loss_total: 2.636, loss_id: 2.191, loss_triplet: 0.256, loss_camera_triplet: 0.000, loss_cross_camera_positive: 0.429, loss_pcc: 0.596, cross_camera_positive_count: 62.4, Acc: 0.784, Base Lr: 2.11e-04
2026-08-15 13:12:41,372 reid_baseline.train INFO: Soft Alignment Batch - Epoch: 6 Iteration: 160 soft_alignment_loss: 0.575250 valid_alignment_pair_count: 80 mean_soft_path_cost: 6.327753 alignment_temperature: 0.1
2026-08-15 13:12:44,494 reid_baseline.train INFO: Epoch[6] Iteration[180/186] loss_total: 2.651, loss_id: 2.215, loss_triplet: 0.255, loss_camera_triplet: 0.000, loss_cross_camera_positive: 0.414, loss_pcc: 0.579, cross_camera_positive_count: 62.4, Acc: 0.765, Base Lr: 2.11e-04
2026-08-15 13:12:44,494 reid_baseline.train INFO: Soft Alignment Batch - Epoch: 6 Iteration: 180 soft_alignment_loss: 0.575767 valid_alignment_pair_count: 73 mean_soft_path_cost: 6.333441 alignment_temperature: 0.1
2026-08-15 13:12:45,317 reid_baseline.train INFO: EPOCH_EVIDENCE epoch=6 global_iteration=1116 epoch_length=186
2026-08-15 13:12:45,317 reid_baseline.train INFO: Soft Alignment Epoch Summary - Epoch: 6 soft_alignment_loss: 0.609226 valid_alignment_pair_count: 13687 mean_soft_path_cost: 6.701484 alignment_temperature: 0.1
2026-08-15 13:12:45,317 reid_baseline.train INFO: Epoch 6 done. Time per batch: 24.172[s] Speed: 492.5[samples/s]
2026-08-15 13:12:45,317 reid_baseline.train INFO: ----------
2026-08-15 13:12:48,082 reid_baseline.train INFO: Epoch[7] Iteration[20/186] loss_total: 2.692, loss_id: 2.244, loss_triplet: 0.257, loss_camera_triplet: 0.000, loss_cross_camera_positive: 0.435, loss_pcc: 0.608, cross_camera_positive_count: 62.1, Acc: 0.759, Base Lr: 2.46e-04
2026-08-15 13:12:48,082 reid_baseline.train INFO: Soft Alignment Batch - Epoch: 7 Iteration: 20 soft_alignment_loss: 0.602705 valid_alignment_pair_count: 81 mean_soft_path_cost: 6.629751 alignment_temperature: 0.1
2026-08-15 13:12:50,866 reid_baseline.train INFO: Epoch[7] Iteration[40/186] loss_total: 2.689, loss_id: 2.240, loss_triplet: 0.260, loss_camera_triplet: 0.000, loss_cross_camera_positive: 0.430, loss_pcc: 0.598, cross_camera_positive_count: 62.4, Acc: 0.764, Base Lr: 2.46e-04
2026-08-15 13:12:50,866 reid_baseline.train INFO: Soft Alignment Batch - Epoch: 7 Iteration: 40 soft_alignment_loss: 0.616970 valid_alignment_pair_count: 77 mean_soft_path_cost: 6.786671 alignment_temperature: 0.1
2026-08-15 13:12:53,617 reid_baseline.train INFO: Epoch[7] Iteration[60/186] loss_total: 2.637, loss_id: 2.192, loss_triplet: 0.256, loss_camera_triplet: 0.000, loss_cross_camera_positive: 0.431, loss_pcc: 0.597, cross_camera_positive_count: 62.5, Acc: 0.778, Base Lr: 2.46e-04
2026-08-15 13:12:53,617 reid_baseline.train INFO: Soft Alignment Batch - Epoch: 7 Iteration: 60 soft_alignment_loss: 0.616274 valid_alignment_pair_count: 79 mean_soft_path_cost: 6.779015 alignment_temperature: 0.1
2026-08-15 13:12:56,355 reid_baseline.train INFO: Epoch[7] Iteration[80/186] loss_total: 2.563, loss_id: 2.121, loss_triplet: 0.255, loss_camera_triplet: 0.000, loss_cross_camera_positive: 0.428, loss_pcc: 0.591, cross_camera_positive_count: 62.6, Acc: 0.796, Base Lr: 2.46e-04
2026-08-15 13:12:56,356 reid_baseline.train INFO: Soft Alignment Batch - Epoch: 7 Iteration: 80 soft_alignment_loss: 0.563661 valid_alignment_pair_count: 82 mean_soft_path_cost: 6.200276 alignment_temperature: 0.1
2026-08-15 13:12:59,097 reid_baseline.train INFO: Epoch[7] Iteration[100/186] loss_total: 2.463, loss_id: 2.027, loss_triplet: 0.251, loss_camera_triplet: 0.000, loss_cross_camera_positive: 0.422, loss_pcc: 0.583, cross_camera_positive_count: 62.7, Acc: 0.822, Base Lr: 2.46e-04
2026-08-15 13:12:59,097 reid_baseline.train INFO: Soft Alignment Batch - Epoch: 7 Iteration: 100 soft_alignment_loss: 0.547922 valid_alignment_pair_count: 75 mean_soft_path_cost: 6.027140 alignment_temperature: 0.1
2026-08-15 13:13:01,838 reid_baseline.train INFO: Epoch[7] Iteration[120/186] loss_total: 2.385, loss_id: 1.953, loss_triplet: 0.252, loss_camera_triplet: 0.000, loss_cross_camera_positive: 0.411, loss_pcc: 0.565, cross_camera_positive_count: 62.7, Acc: 0.840, Base Lr: 2.46e-04
2026-08-15 13:13:01,838 reid_baseline.train INFO: Soft Alignment Batch - Epoch: 7 Iteration: 120 soft_alignment_loss: 0.535221 valid_alignment_pair_count: 77 mean_soft_path_cost: 5.887434 alignment_temperature: 0.1
2026-08-15 13:13:04,607 reid_baseline.train INFO: Epoch[7] Iteration[140/186] loss_total: 2.302, loss_id: 1.874, loss_triplet: 0.249, loss_camera_triplet: 0.000, loss_cross_camera_positive: 0.407, loss_pcc: 0.558, cross_camera_positive_count: 62.7, Acc: 0.859, Base Lr: 2.46e-04
2026-08-15 13:13:04,607 reid_baseline.train INFO: Soft Alignment Batch - Epoch: 7 Iteration: 140 soft_alignment_loss: 0.540080 valid_alignment_pair_count: 81 mean_soft_path_cost: 5.940885 alignment_temperature: 0.1
2026-08-15 13:13:07,346 reid_baseline.train INFO: Epoch[7] Iteration[160/186] loss_total: 2.187, loss_id: 1.767, loss_triplet: 0.248, loss_camera_triplet: 0.000, loss_cross_camera_positive: 0.394, loss_pcc: 0.539, cross_camera_positive_count: 62.4, Acc: 0.887, Base Lr: 2.46e-04
2026-08-15 13:13:07,346 reid_baseline.train INFO: Soft Alignment Batch - Epoch: 7 Iteration: 160 soft_alignment_loss: 0.519082 valid_alignment_pair_count: 69 mean_soft_path_cost: 5.709902 alignment_temperature: 0.1
2026-08-15 13:13:10,658 reid_baseline.train INFO: Epoch[7] Iteration[180/186] loss_total: 2.238, loss_id: 1.818, loss_triplet: 0.251, loss_camera_triplet: 0.000, loss_cross_camera_positive: 0.388, loss_pcc: 0.532, cross_camera_positive_count: 62.4, Acc: 0.867, Base Lr: 2.46e-04
2026-08-15 13:13:10,659 reid_baseline.train INFO: Soft Alignment Batch - Epoch: 7 Iteration: 180 soft_alignment_loss: 0.671236 valid_alignment_pair_count: 75 mean_soft_path_cost: 7.383591 alignment_temperature: 0.1
2026-08-15 13:13:11,479 reid_baseline.train INFO: EPOCH_EVIDENCE epoch=7 global_iteration=1302 epoch_length=186
2026-08-15 13:13:11,480 reid_baseline.train INFO: Soft Alignment Epoch Summary - Epoch: 7 soft_alignment_loss: 0.566114 valid_alignment_pair_count: 13787 mean_soft_path_cost: 6.227254 alignment_temperature: 0.1
2026-08-15 13:13:11,480 reid_baseline.train INFO: Epoch 7 done. Time per batch: 24.586[s] Speed: 484.2[samples/s]
2026-08-15 13:13:11,480 reid_baseline.train INFO: ----------
2026-08-15 13:13:14,247 reid_baseline.train INFO: Epoch[8] Iteration[20/186] loss_total: 2.275, loss_id: 1.848, loss_triplet: 0.251, loss_camera_triplet: 0.000, loss_cross_camera_positive: 0.403, loss_pcc: 0.554, cross_camera_positive_count: 62.2, Acc: 0.861, Base Lr: 2.81e-04
2026-08-15 13:13:14,248 reid_baseline.train INFO: Soft Alignment Batch - Epoch: 8 Iteration: 20 soft_alignment_loss: 0.534594 valid_alignment_pair_count: 73 mean_soft_path_cost: 5.880529 alignment_temperature: 0.1
2026-08-15 13:13:16,994 reid_baseline.train INFO: Epoch[8] Iteration[40/186] loss_total: 2.258, loss_id: 1.831, loss_triplet: 0.250, loss_camera_triplet: 0.000, loss_cross_camera_positive: 0.404, loss_pcc: 0.553, cross_camera_positive_count: 62.5, Acc: 0.868, Base Lr: 2.81e-04
2026-08-15 13:13:16,994 reid_baseline.train INFO: Soft Alignment Batch - Epoch: 8 Iteration: 40 soft_alignment_loss: 0.567559 valid_alignment_pair_count: 79 mean_soft_path_cost: 6.243145 alignment_temperature: 0.1
2026-08-15 13:13:19,741 reid_baseline.train INFO: Epoch[8] Iteration[60/186] loss_total: 2.251, loss_id: 1.825, loss_triplet: 0.251, loss_camera_triplet: 0.000, loss_cross_camera_positive: 0.401, loss_pcc: 0.548, cross_camera_positive_count: 62.4, Acc: 0.868, Base Lr: 2.81e-04
2026-08-15 13:13:19,741 reid_baseline.train INFO: Soft Alignment Batch - Epoch: 8 Iteration: 60 soft_alignment_loss: 0.517965 valid_alignment_pair_count: 75 mean_soft_path_cost: 5.697612 alignment_temperature: 0.1
2026-08-15 13:13:22,515 reid_baseline.train INFO: Epoch[8] Iteration[80/186] loss_total: 2.204, loss_id: 1.784, loss_triplet: 0.246, loss_camera_triplet: 0.000, loss_cross_camera_positive: 0.400, loss_pcc: 0.544, cross_camera_positive_count: 62.4, Acc: 0.880, Base Lr: 2.81e-04
2026-08-15 13:13:22,515 reid_baseline.train INFO: Soft Alignment Batch - Epoch: 8 Iteration: 80 soft_alignment_loss: 0.521504 valid_alignment_pair_count: 67 mean_soft_path_cost: 5.736546 alignment_temperature: 0.1
2026-08-15 13:13:25,271 reid_baseline.train INFO: Epoch[8] Iteration[100/186] loss_total: 2.170, loss_id: 1.752, loss_triplet: 0.246, loss_camera_triplet: 0.000, loss_cross_camera_positive: 0.396, loss_pcc: 0.535, cross_camera_positive_count: 62.5, Acc: 0.884, Base Lr: 2.81e-04
2026-08-15 13:13:25,271 reid_baseline.train INFO: Soft Alignment Batch - Epoch: 8 Iteration: 100 soft_alignment_loss: 0.508272 valid_alignment_pair_count: 77 mean_soft_path_cost: 5.590992 alignment_temperature: 0.1
2026-08-15 13:13:28,028 reid_baseline.train INFO: Epoch[8] Iteration[120/186] loss_total: 2.129, loss_id: 1.715, loss_triplet: 0.245, loss_camera_triplet: 0.000, loss_cross_camera_positive: 0.387, loss_pcc: 0.523, cross_camera_positive_count: 62.6, Acc: 0.893, Base Lr: 2.81e-04
2026-08-15 13:13:28,028 reid_baseline.train INFO: Soft Alignment Batch - Epoch: 8 Iteration: 120 soft_alignment_loss: 0.503261 valid_alignment_pair_count: 76 mean_soft_path_cost: 5.535867 alignment_temperature: 0.1
2026-08-15 13:13:30,771 reid_baseline.train INFO: Epoch[8] Iteration[140/186] loss_total: 2.059, loss_id: 1.653, loss_triplet: 0.242, loss_camera_triplet: 0.000, loss_cross_camera_positive: 0.377, loss_pcc: 0.508, cross_camera_positive_count: 62.8, Acc: 0.909, Base Lr: 2.81e-04
2026-08-15 13:13:30,771 reid_baseline.train INFO: Soft Alignment Batch - Epoch: 8 Iteration: 140 soft_alignment_loss: 0.487365 valid_alignment_pair_count: 78 mean_soft_path_cost: 5.361014 alignment_temperature: 0.1
2026-08-15 13:13:33,538 reid_baseline.train INFO: Epoch[8] Iteration[160/186] loss_total: 1.992, loss_id: 1.593, loss_triplet: 0.242, loss_camera_triplet: 0.000, loss_cross_camera_positive: 0.363, loss_pcc: 0.488, cross_camera_positive_count: 62.8, Acc: 0.918, Base Lr: 2.81e-04
2026-08-15 13:13:33,538 reid_baseline.train INFO: Soft Alignment Batch - Epoch: 8 Iteration: 160 soft_alignment_loss: 0.443711 valid_alignment_pair_count: 74 mean_soft_path_cost: 4.880818 alignment_temperature: 0.1
2026-08-15 13:13:36,750 reid_baseline.train INFO: Epoch[8] Iteration[180/186] loss_total: 2.070, loss_id: 1.664, loss_triplet: 0.243, loss_camera_triplet: 0.000, loss_cross_camera_positive: 0.375, loss_pcc: 0.505, cross_camera_positive_count: 62.4, Acc: 0.896, Base Lr: 2.81e-04
2026-08-15 13:13:36,750 reid_baseline.train INFO: Soft Alignment Batch - Epoch: 8 Iteration: 180 soft_alignment_loss: 0.641718 valid_alignment_pair_count: 71 mean_soft_path_cost: 7.058898 alignment_temperature: 0.1
2026-08-15 13:13:37,560 reid_baseline.train INFO: EPOCH_EVIDENCE epoch=8 global_iteration=1488 epoch_length=186
2026-08-15 13:13:37,561 reid_baseline.train INFO: Soft Alignment Epoch Summary - Epoch: 8 soft_alignment_loss: 0.520811 valid_alignment_pair_count: 13765 mean_soft_path_cost: 5.728920 alignment_temperature: 0.1
2026-08-15 13:13:37,561 reid_baseline.train INFO: Epoch 8 done. Time per batch: 24.532[s] Speed: 485.2[samples/s]
2026-08-15 13:13:37,561 reid_baseline.train INFO: ----------
2026-08-15 13:13:40,362 reid_baseline.train INFO: Epoch[9] Iteration[20/186] loss_total: 2.059, loss_id: 1.649, loss_triplet: 0.241, loss_camera_triplet: 0.000, loss_cross_camera_positive: 0.388, loss_pcc: 0.523, cross_camera_positive_count: 62.1, Acc: 0.905, Base Lr: 3.15e-04
2026-08-15 13:13:40,363 reid_baseline.train INFO: Soft Alignment Batch - Epoch: 9 Iteration: 20 soft_alignment_loss: 0.570707 valid_alignment_pair_count: 69 mean_soft_path_cost: 6.277776 alignment_temperature: 0.1
2026-08-15 13:13:43,144 reid_baseline.train INFO: Epoch[9] Iteration[40/186] loss_total: 2.040, loss_id: 1.634, loss_triplet: 0.239, loss_camera_triplet: 0.000, loss_cross_camera_positive: 0.385, loss_pcc: 0.519, cross_camera_positive_count: 62.2, Acc: 0.910, Base Lr: 3.15e-04
2026-08-15 13:13:43,144 reid_baseline.train INFO: Soft Alignment Batch - Epoch: 9 Iteration: 40 soft_alignment_loss: 0.512371 valid_alignment_pair_count: 78 mean_soft_path_cost: 5.636079 alignment_temperature: 0.1
2026-08-15 13:13:45,941 reid_baseline.train INFO: Epoch[9] Iteration[60/186] loss_total: 2.029, loss_id: 1.626, loss_triplet: 0.236, loss_camera_triplet: 0.000, loss_cross_camera_positive: 0.385, loss_pcc: 0.517, cross_camera_positive_count: 62.3, Acc: 0.916, Base Lr: 3.15e-04
2026-08-15 13:13:45,941 reid_baseline.train INFO: Soft Alignment Batch - Epoch: 9 Iteration: 60 soft_alignment_loss: 0.480672 valid_alignment_pair_count: 77 mean_soft_path_cost: 5.287391 alignment_temperature: 0.1
2026-08-15 13:13:48,733 reid_baseline.train INFO: Epoch[9] Iteration[80/186] loss_total: 2.013, loss_id: 1.611, loss_triplet: 0.237, loss_camera_triplet: 0.000, loss_cross_camera_positive: 0.381, loss_pcc: 0.509, cross_camera_positive_count: 62.5, Acc: 0.919, Base Lr: 3.15e-04
2026-08-15 13:13:48,733 reid_baseline.train INFO: Soft Alignment Batch - Epoch: 9 Iteration: 80 soft_alignment_loss: 0.497431 valid_alignment_pair_count: 76 mean_soft_path_cost: 5.471742 alignment_temperature: 0.1
2026-08-15 13:13:51,523 reid_baseline.train INFO: Epoch[9] Iteration[100/186] loss_total: 1.983, loss_id: 1.584, loss_triplet: 0.236, loss_camera_triplet: 0.000, loss_cross_camera_positive: 0.375, loss_pcc: 0.500, cross_camera_positive_count: 62.8, Acc: 0.926, Base Lr: 3.15e-04
2026-08-15 13:13:51,523 reid_baseline.train INFO: Soft Alignment Batch - Epoch: 9 Iteration: 100 soft_alignment_loss: 0.471166 valid_alignment_pair_count: 78 mean_soft_path_cost: 5.182824 alignment_temperature: 0.1
2026-08-15 13:13:54,214 reid_baseline.train INFO: Epoch[9] Iteration[120/186] loss_total: 1.938, loss_id: 1.546, loss_triplet: 0.234, loss_camera_triplet: 0.000, loss_cross_camera_positive: 0.366, loss_pcc: 0.487, cross_camera_positive_count: 62.9, Acc: 0.934, Base Lr: 3.15e-04
2026-08-15 13:13:54,214 reid_baseline.train INFO: Soft Alignment Batch - Epoch: 9 Iteration: 120 soft_alignment_loss: 0.453854 valid_alignment_pair_count: 67 mean_soft_path_cost: 4.992393 alignment_temperature: 0.1
2026-08-15 13:13:57,058 reid_baseline.train INFO: Epoch[9] Iteration[140/186] loss_total: 1.909, loss_id: 1.522, loss_triplet: 0.233, loss_camera_triplet: 0.000, loss_cross_camera_positive: 0.357, loss_pcc: 0.473, cross_camera_positive_count: 62.9, Acc: 0.934, Base Lr: 3.15e-04
2026-08-15 13:13:57,058 reid_baseline.train INFO: Soft Alignment Batch - Epoch: 9 Iteration: 140 soft_alignment_loss: 0.441567 valid_alignment_pair_count: 70 mean_soft_path_cost: 4.857237 alignment_temperature: 0.1
2026-08-15 13:14:00,366 reid_baseline.train INFO: Epoch[9] Iteration[160/186] loss_total: 1.860, loss_id: 1.480, loss_triplet: 0.233, loss_camera_triplet: 0.000, loss_cross_camera_positive: 0.340, loss_pcc: 0.453, cross_camera_positive_count: 62.5, Acc: 0.943, Base Lr: 3.15e-04
2026-08-15 13:14:00,366 reid_baseline.train INFO: Soft Alignment Batch - Epoch: 9 Iteration: 160 soft_alignment_loss: 0.371109 valid_alignment_pair_count: 79 mean_soft_path_cost: 4.082193 alignment_temperature: 0.1
2026-08-15 13:14:03,079 reid_baseline.train INFO: Epoch[9] Iteration[180/186] loss_total: 1.914, loss_id: 1.522, loss_triplet: 0.230, loss_camera_triplet: 0.000, loss_cross_camera_positive: 0.373, loss_pcc: 0.496, cross_camera_positive_count: 62.4, Acc: 0.931, Base Lr: 3.15e-04
2026-08-15 13:14:03,079 reid_baseline.train INFO: Soft Alignment Batch - Epoch: 9 Iteration: 180 soft_alignment_loss: 0.566652 valid_alignment_pair_count: 72 mean_soft_path_cost: 6.233167 alignment_temperature: 0.1
2026-08-15 13:14:03,893 reid_baseline.train INFO: EPOCH_EVIDENCE epoch=9 global_iteration=1674 epoch_length=186
2026-08-15 13:14:03,894 reid_baseline.train INFO: Soft Alignment Epoch Summary - Epoch: 9 soft_alignment_loss: 0.493397 valid_alignment_pair_count: 13794 mean_soft_path_cost: 5.427367 alignment_temperature: 0.1
2026-08-15 13:14:03,894 reid_baseline.train INFO: Epoch 9 done. Time per batch: 24.543[s] Speed: 485.0[samples/s]
2026-08-15 13:14:03,894 reid_baseline.train INFO: ----------
2026-08-15 13:14:06,652 reid_baseline.train INFO: Epoch[10] Iteration[20/186] loss_total: 1.933, loss_id: 1.537, loss_triplet: 0.234, loss_camera_triplet: 0.000, loss_cross_camera_positive: 0.373, loss_pcc: 0.495, cross_camera_positive_count: 62.7, Acc: 0.931, Base Lr: 3.50e-04
2026-08-15 13:14:06,653 reid_baseline.train INFO: Soft Alignment Batch - Epoch: 10 Iteration: 20 soft_alignment_loss: 0.471585 valid_alignment_pair_count: 78 mean_soft_path_cost: 5.187429 alignment_temperature: 0.1
2026-08-15 13:14:09,370 reid_baseline.train INFO: Epoch[10] Iteration[40/186] loss_total: 1.919, loss_id: 1.526, loss_triplet: 0.234, loss_camera_triplet: 0.000, loss_cross_camera_positive: 0.370, loss_pcc: 0.488, cross_camera_positive_count: 62.6, Acc: 0.935, Base Lr: 3.50e-04
2026-08-15 13:14:09,370 reid_baseline.train INFO: Soft Alignment Batch - Epoch: 10 Iteration: 40 soft_alignment_loss: 0.491297 valid_alignment_pair_count: 73 mean_soft_path_cost: 5.404266 alignment_temperature: 0.1
2026-08-15 13:14:12,143 reid_baseline.train INFO: Epoch[10] Iteration[60/186] loss_total: 1.917, loss_id: 1.524, loss_triplet: 0.234, loss_camera_triplet: 0.000, loss_cross_camera_positive: 0.367, loss_pcc: 0.484, cross_camera_positive_count: 62.6, Acc: 0.935, Base Lr: 3.50e-04
2026-08-15 13:14:12,143 reid_baseline.train INFO: Soft Alignment Batch - Epoch: 10 Iteration: 60 soft_alignment_loss: 0.449073 valid_alignment_pair_count: 74 mean_soft_path_cost: 4.939806 alignment_temperature: 0.1
2026-08-15 13:14:14,877 reid_baseline.train INFO: Epoch[10] Iteration[80/186] loss_total: 1.892, loss_id: 1.505, loss_triplet: 0.230, loss_camera_triplet: 0.000, loss_cross_camera_positive: 0.363, loss_pcc: 0.477, cross_camera_positive_count: 62.8, Acc: 0.941, Base Lr: 3.50e-04
2026-08-15 13:14:14,877 reid_baseline.train INFO: Soft Alignment Batch - Epoch: 10 Iteration: 80 soft_alignment_loss: 0.439958 valid_alignment_pair_count: 82 mean_soft_path_cost: 4.839537 alignment_temperature: 0.1
2026-08-15 13:14:17,607 reid_baseline.train INFO: Epoch[10] Iteration[100/186] loss_total: 1.881, loss_id: 1.495, loss_triplet: 0.229, loss_camera_triplet: 0.000, loss_cross_camera_positive: 0.364, loss_pcc: 0.476, cross_camera_positive_count: 63.0, Acc: 0.942, Base Lr: 3.50e-04
2026-08-15 13:14:17,607 reid_baseline.train INFO: Soft Alignment Batch - Epoch: 10 Iteration: 100 soft_alignment_loss: 0.452136 valid_alignment_pair_count: 76 mean_soft_path_cost: 4.973501 alignment_temperature: 0.1
2026-08-15 13:14:20,341 reid_baseline.train INFO: Epoch[10] Iteration[120/186] loss_total: 1.854, loss_id: 1.471, loss_triplet: 0.229, loss_camera_triplet: 0.000, loss_cross_camera_positive: 0.357, loss_pcc: 0.466, cross_camera_positive_count: 62.6, Acc: 0.948, Base Lr: 3.50e-04
2026-08-15 13:14:20,341 reid_baseline.train INFO: Soft Alignment Batch - Epoch: 10 Iteration: 120 soft_alignment_loss: 0.452647 valid_alignment_pair_count: 70 mean_soft_path_cost: 4.979121 alignment_temperature: 0.1
2026-08-15 13:14:23,124 reid_baseline.train INFO: Epoch[10] Iteration[140/186] loss_total: 1.815, loss_id: 1.436, loss_triplet: 0.229, loss_camera_triplet: 0.000, loss_cross_camera_positive: 0.349, loss_pcc: 0.454, cross_camera_positive_count: 62.7, Acc: 0.955, Base Lr: 3.50e-04
2026-08-15 13:14:23,124 reid_baseline.train INFO: Soft Alignment Batch - Epoch: 10 Iteration: 140 soft_alignment_loss: 0.414245 valid_alignment_pair_count: 76 mean_soft_path_cost: 4.556698 alignment_temperature: 0.1
2026-08-15 13:14:26,306 reid_baseline.train INFO: Epoch[10] Iteration[160/186] loss_total: 1.799, loss_id: 1.429, loss_triplet: 0.227, loss_camera_triplet: 0.000, loss_cross_camera_positive: 0.332, loss_pcc: 0.434, cross_camera_positive_count: 62.7, Acc: 0.953, Base Lr: 3.50e-04
2026-08-15 13:14:26,306 reid_baseline.train INFO: Soft Alignment Batch - Epoch: 10 Iteration: 160 soft_alignment_loss: 0.412694 valid_alignment_pair_count: 77 mean_soft_path_cost: 4.539637 alignment_temperature: 0.1
2026-08-15 13:14:29,062 reid_baseline.train INFO: Epoch[10] Iteration[180/186] loss_total: 1.839, loss_id: 1.459, loss_triplet: 0.225, loss_camera_triplet: 0.000, loss_cross_camera_positive: 0.360, loss_pcc: 0.473, cross_camera_positive_count: 62.9, Acc: 0.949, Base Lr: 3.50e-04
2026-08-15 13:14:29,062 reid_baseline.train INFO: Soft Alignment Batch - Epoch: 10 Iteration: 180 soft_alignment_loss: 0.489609 valid_alignment_pair_count: 73 mean_soft_path_cost: 5.385699 alignment_temperature: 0.1
2026-08-15 13:14:29,879 reid_baseline.train INFO: EPOCH_EVIDENCE epoch=10 global_iteration=1860 epoch_length=186
2026-08-15 13:14:29,879 reid_baseline.train INFO: Soft Alignment Epoch Summary - Epoch: 10 soft_alignment_loss: 0.467460 valid_alignment_pair_count: 13880 mean_soft_path_cost: 5.142057 alignment_temperature: 0.1
2026-08-15 13:14:29,879 reid_baseline.train INFO: Epoch 10 done. Time per batch: 24.417[s] Speed: 487.5[samples/s]
2026-08-15 13:14:29,879 reid_baseline.train INFO: ----------
2026-08-15 13:14:32,613 reid_baseline.train INFO: Epoch[11] Iteration[20/186] loss_total: 1.864, loss_id: 1.480, loss_triplet: 0.228, loss_camera_triplet: 0.000, loss_cross_camera_positive: 0.361, loss_pcc: 0.473, cross_camera_positive_count: 62.8, Acc: 0.946, Base Lr: 3.50e-04
2026-08-15 13:14:32,614 reid_baseline.train INFO: Soft Alignment Batch - Epoch: 11 Iteration: 20 soft_alignment_loss: 0.438118 valid_alignment_pair_count: 73 mean_soft_path_cost: 4.819298 alignment_temperature: 0.1
2026-08-15 13:14:35,349 reid_baseline.train INFO: Epoch[11] Iteration[40/186] loss_total: 1.855, loss_id: 1.469, loss_triplet: 0.230, loss_camera_triplet: 0.000, loss_cross_camera_positive: 0.361, loss_pcc: 0.472, cross_camera_positive_count: 62.6, Acc: 0.951, Base Lr: 3.50e-04
2026-08-15 13:14:35,350 reid_baseline.train INFO: Soft Alignment Batch - Epoch: 11 Iteration: 40 soft_alignment_loss: 0.466834 valid_alignment_pair_count: 67 mean_soft_path_cost: 5.135173 alignment_temperature: 0.1
2026-08-15 13:14:38,097 reid_baseline.train INFO: Epoch[11] Iteration[60/186] loss_total: 1.818, loss_id: 1.440, loss_triplet: 0.223, loss_camera_triplet: 0.000, loss_cross_camera_positive: 0.360, loss_pcc: 0.469, cross_camera_positive_count: 62.5, Acc: 0.957, Base Lr: 3.50e-04
2026-08-15 13:14:38,097 reid_baseline.train INFO: Soft Alignment Batch - Epoch: 11 Iteration: 60 soft_alignment_loss: 0.474818 valid_alignment_pair_count: 71 mean_soft_path_cost: 5.222994 alignment_temperature: 0.1
2026-08-15 13:14:40,810 reid_baseline.train INFO: Epoch[11] Iteration[80/186] loss_total: 1.811, loss_id: 1.436, loss_triplet: 0.221, loss_camera_triplet: 0.000, loss_cross_camera_positive: 0.358, loss_pcc: 0.465, cross_camera_positive_count: 62.7, Acc: 0.958, Base Lr: 3.50e-04
2026-08-15 13:14:40,810 reid_baseline.train INFO: Soft Alignment Batch - Epoch: 11 Iteration: 80 soft_alignment_loss: 0.447829 valid_alignment_pair_count: 80 mean_soft_path_cost: 4.926122 alignment_temperature: 0.1
2026-08-15 13:14:43,529 reid_baseline.train INFO: Epoch[11] Iteration[100/186] loss_total: 1.796, loss_id: 1.422, loss_triplet: 0.222, loss_camera_triplet: 0.000, loss_cross_camera_positive: 0.355, loss_pcc: 0.460, cross_camera_positive_count: 62.7, Acc: 0.963, Base Lr: 3.50e-04
2026-08-15 13:14:43,529 reid_baseline.train INFO: Soft Alignment Batch - Epoch: 11 Iteration: 100 soft_alignment_loss: 0.430788 valid_alignment_pair_count: 77 mean_soft_path_cost: 4.738663 alignment_temperature: 0.1
2026-08-15 13:14:45,862 reid_baseline.train INFO: Epoch[11] Iteration[120/186] loss_total: 1.780, loss_id: 1.410, loss_triplet: 0.220, loss_camera_triplet: 0.000, loss_cross_camera_positive: 0.350, loss_pcc: 0.452, cross_camera_positive_count: 62.5, Acc: 0.963, Base Lr: 3.50e-04
2026-08-15 13:14:45,862 reid_baseline.train INFO: Soft Alignment Batch - Epoch: 11 Iteration: 120 soft_alignment_loss: 0.457625 valid_alignment_pair_count: 68 mean_soft_path_cost: 5.033877 alignment_temperature: 0.1
2026-08-15 13:14:48,187 reid_baseline.train INFO: Epoch[11] Iteration[140/186] loss_total: 1.759, loss_id: 1.391, loss_triplet: 0.222, loss_camera_triplet: 0.000, loss_cross_camera_positive: 0.340, loss_pcc: 0.437, cross_camera_positive_count: 62.4, Acc: 0.962, Base Lr: 3.50e-04
2026-08-15 13:14:48,187 reid_baseline.train INFO: Soft Alignment Batch - Epoch: 11 Iteration: 140 soft_alignment_loss: 0.378838 valid_alignment_pair_count: 70 mean_soft_path_cost: 4.167215 alignment_temperature: 0.1
2026-08-15 13:14:51,040 reid_baseline.train INFO: Epoch[11] Iteration[160/186] loss_total: 1.740, loss_id: 1.380, loss_triplet: 0.221, loss_camera_triplet: 0.000, loss_cross_camera_positive: 0.323, loss_pcc: 0.417, cross_camera_positive_count: 62.5, Acc: 0.959, Base Lr: 3.50e-04
2026-08-15 13:14:51,040 reid_baseline.train INFO: Soft Alignment Batch - Epoch: 11 Iteration: 160 soft_alignment_loss: 0.475555 valid_alignment_pair_count: 76 mean_soft_path_cost: 5.231100 alignment_temperature: 0.1
2026-08-15 13:14:53,766 reid_baseline.train INFO: Epoch[11] Iteration[180/186] loss_total: 1.767, loss_id: 1.397, loss_triplet: 0.221, loss_camera_triplet: 0.000, loss_cross_camera_positive: 0.347, loss_pcc: 0.451, cross_camera_positive_count: 62.2, Acc: 0.958, Base Lr: 3.50e-04
2026-08-15 13:14:53,766 reid_baseline.train INFO: Soft Alignment Batch - Epoch: 11 Iteration: 180 soft_alignment_loss: 0.446181 valid_alignment_pair_count: 72 mean_soft_path_cost: 4.907988 alignment_temperature: 0.1
2026-08-15 13:14:54,592 reid_baseline.train INFO: EPOCH_EVIDENCE epoch=11 global_iteration=2046 epoch_length=186
2026-08-15 13:14:54,593 reid_baseline.train INFO: Soft Alignment Epoch Summary - Epoch: 11 soft_alignment_loss: 0.451235 valid_alignment_pair_count: 13744 mean_soft_path_cost: 4.963588 alignment_temperature: 0.1
2026-08-15 13:14:54,593 reid_baseline.train INFO: Epoch 11 done. Time per batch: 23.194[s] Speed: 513.2[samples/s]
2026-08-15 13:14:54,593 reid_baseline.train INFO: ----------
2026-08-15 13:14:57,340 reid_baseline.train INFO: Epoch[12] Iteration[20/186] loss_total: 1.768, loss_id: 1.400, loss_triplet: 0.216, loss_camera_triplet: 0.000, loss_cross_camera_positive: 0.355, loss_pcc: 0.458, cross_camera_positive_count: 62.5, Acc: 0.961, Base Lr: 3.50e-04
2026-08-15 13:14:57,341 reid_baseline.train INFO: Soft Alignment Batch - Epoch: 12 Iteration: 20 soft_alignment_loss: 0.450456 valid_alignment_pair_count: 74 mean_soft_path_cost: 4.955015 alignment_temperature: 0.1
2026-08-15 13:15:00,120 reid_baseline.train INFO: Epoch[12] Iteration[40/186] loss_total: 1.764, loss_id: 1.398, loss_triplet: 0.214, loss_camera_triplet: 0.000, loss_cross_camera_positive: 0.353, loss_pcc: 0.455, cross_camera_positive_count: 62.7, Acc: 0.958, Base Lr: 3.50e-04
2026-08-15 13:15:00,121 reid_baseline.train INFO: Soft Alignment Batch - Epoch: 12 Iteration: 40 soft_alignment_loss: 0.464135 valid_alignment_pair_count: 76 mean_soft_path_cost: 5.105483 alignment_temperature: 0.1
2026-08-15 13:15:02,870 reid_baseline.train INFO: Epoch[12] Iteration[60/186] loss_total: 1.777, loss_id: 1.407, loss_triplet: 0.217, loss_camera_triplet: 0.000, loss_cross_camera_positive: 0.355, loss_pcc: 0.455, cross_camera_positive_count: 62.8, Acc: 0.958, Base Lr: 3.50e-04
2026-08-15 13:15:02,870 reid_baseline.train INFO: Soft Alignment Batch - Epoch: 12 Iteration: 60 soft_alignment_loss: 0.478728 valid_alignment_pair_count: 81 mean_soft_path_cost: 5.266006 alignment_temperature: 0.1
2026-08-15 13:15:05,612 reid_baseline.train INFO: Epoch[12] Iteration[80/186] loss_total: 1.753, loss_id: 1.390, loss_triplet: 0.213, loss_camera_triplet: 0.000, loss_cross_camera_positive: 0.350, loss_pcc: 0.450, cross_camera_positive_count: 62.6, Acc: 0.964, Base Lr: 3.50e-04
2026-08-15 13:15:05,612 reid_baseline.train INFO: Soft Alignment Batch - Epoch: 12 Iteration: 80 soft_alignment_loss: 0.440052 valid_alignment_pair_count: 75 mean_soft_path_cost: 4.840570 alignment_temperature: 0.1
2026-08-15 13:15:08,351 reid_baseline.train INFO: Epoch[12] Iteration[100/186] loss_total: 1.741, loss_id: 1.378, loss_triplet: 0.213, loss_camera_triplet: 0.000, loss_cross_camera_positive: 0.350, loss_pcc: 0.449, cross_camera_positive_count: 62.6, Acc: 0.967, Base Lr: 3.50e-04
2026-08-15 13:15:08,351 reid_baseline.train INFO: Soft Alignment Batch - Epoch: 12 Iteration: 100 soft_alignment_loss: 0.442155 valid_alignment_pair_count: 78 mean_soft_path_cost: 4.863700 alignment_temperature: 0.1
2026-08-15 13:15:11,085 reid_baseline.train INFO: Epoch[12] Iteration[120/186] loss_total: 1.717, loss_id: 1.358, loss_triplet: 0.212, loss_camera_triplet: 0.000, loss_cross_camera_positive: 0.343, loss_pcc: 0.439, cross_camera_positive_count: 62.5, Acc: 0.970, Base Lr: 3.50e-04
2026-08-15 13:15:11,085 reid_baseline.train INFO: Soft Alignment Batch - Epoch: 12 Iteration: 120 soft_alignment_loss: 0.417159 valid_alignment_pair_count: 65 mean_soft_path_cost: 4.588750 alignment_temperature: 0.1
2026-08-15 13:15:13,803 reid_baseline.train INFO: Epoch[12] Iteration[140/186] loss_total: 1.683, loss_id: 1.334, loss_triplet: 0.206, loss_camera_triplet: 0.000, loss_cross_camera_positive: 0.334, loss_pcc: 0.429, cross_camera_positive_count: 62.6, Acc: 0.972, Base Lr: 3.50e-04
2026-08-15 13:15:13,803 reid_baseline.train INFO: Soft Alignment Batch - Epoch: 12 Iteration: 140 soft_alignment_loss: 0.408178 valid_alignment_pair_count: 79 mean_soft_path_cost: 4.489957 alignment_temperature: 0.1
2026-08-15 13:15:17,033 reid_baseline.train INFO: Epoch[12] Iteration[160/186] loss_total: 1.692, loss_id: 1.343, loss_triplet: 0.207, loss_camera_triplet: 0.000, loss_cross_camera_positive: 0.332, loss_pcc: 0.424, cross_camera_positive_count: 62.3, Acc: 0.968, Base Lr: 3.50e-04
2026-08-15 13:15:17,033 reid_baseline.train INFO: Soft Alignment Batch - Epoch: 12 Iteration: 160 soft_alignment_loss: 0.512135 valid_alignment_pair_count: 70 mean_soft_path_cost: 5.633489 alignment_temperature: 0.1
2026-08-15 13:15:19,840 reid_baseline.train INFO: Epoch[12] Iteration[180/186] loss_total: 1.713, loss_id: 1.355, loss_triplet: 0.207, loss_camera_triplet: 0.000, loss_cross_camera_positive: 0.351, loss_pcc: 0.450, cross_camera_positive_count: 62.8, Acc: 0.968, Base Lr: 3.50e-04
2026-08-15 13:15:19,840 reid_baseline.train INFO: Soft Alignment Batch - Epoch: 12 Iteration: 180 soft_alignment_loss: 0.477250 valid_alignment_pair_count: 74 mean_soft_path_cost: 5.249745 alignment_temperature: 0.1
2026-08-15 13:15:20,665 reid_baseline.train INFO: EPOCH_EVIDENCE epoch=12 global_iteration=2232 epoch_length=186
2026-08-15 13:15:20,667 reid_baseline.train INFO: Soft Alignment Epoch Summary - Epoch: 12 soft_alignment_loss: 0.446358 valid_alignment_pair_count: 13797 mean_soft_path_cost: 4.909940 alignment_temperature: 0.1
2026-08-15 13:15:20,667 reid_baseline.train INFO: Epoch 12 done. Time per batch: 24.524[s] Speed: 485.4[samples/s]
2026-08-15 13:15:20,667 reid_baseline.train INFO: ----------
2026-08-15 13:15:23,441 reid_baseline.train INFO: Epoch[13] Iteration[20/186] loss_total: 1.730, loss_id: 1.367, loss_triplet: 0.211, loss_camera_triplet: 0.000, loss_cross_camera_positive: 0.356, loss_pcc: 0.454, cross_camera_positive_count: 62.7, Acc: 0.967, Base Lr: 3.50e-04
2026-08-15 13:15:23,441 reid_baseline.train INFO: Soft Alignment Batch - Epoch: 13 Iteration: 20 soft_alignment_loss: 0.454407 valid_alignment_pair_count: 73 mean_soft_path_cost: 4.998481 alignment_temperature: 0.1
2026-08-15 13:15:25,982 reid_baseline.train INFO: Epoch[13] Iteration[40/186] loss_total: 1.713, loss_id: 1.356, loss_triplet: 0.205, loss_camera_triplet: 0.000, loss_cross_camera_positive: 0.356, loss_pcc: 0.454, cross_camera_positive_count: 62.7, Acc: 0.971, Base Lr: 3.50e-04
2026-08-15 13:15:25,982 reid_baseline.train INFO: Soft Alignment Batch - Epoch: 13 Iteration: 40 soft_alignment_loss: 0.488161 valid_alignment_pair_count: 66 mean_soft_path_cost: 5.369770 alignment_temperature: 0.1
2026-08-15 13:15:28,425 reid_baseline.train INFO: Epoch[13] Iteration[60/186] loss_total: 1.713, loss_id: 1.357, loss_triplet: 0.202, loss_camera_triplet: 0.000, loss_cross_camera_positive: 0.358, loss_pcc: 0.456, cross_camera_positive_count: 62.9, Acc: 0.969, Base Lr: 3.50e-04
2026-08-15 13:15:28,425 reid_baseline.train INFO: Soft Alignment Batch - Epoch: 13 Iteration: 60 soft_alignment_loss: 0.449616 valid_alignment_pair_count: 70 mean_soft_path_cost: 4.945770 alignment_temperature: 0.1
2026-08-15 13:15:31,003 reid_baseline.train INFO: Epoch[13] Iteration[80/186] loss_total: 1.698, loss_id: 1.344, loss_triplet: 0.200, loss_camera_triplet: 0.000, loss_cross_camera_positive: 0.361, loss_pcc: 0.458, cross_camera_positive_count: 62.7, Acc: 0.973, Base Lr: 3.50e-04
2026-08-15 13:15:31,003 reid_baseline.train INFO: Soft Alignment Batch - Epoch: 13 Iteration: 80 soft_alignment_loss: 0.439311 valid_alignment_pair_count: 73 mean_soft_path_cost: 4.832425 alignment_temperature: 0.1
2026-08-15 13:15:33,744 reid_baseline.train INFO: Epoch[13] Iteration[100/186] loss_total: 1.688, loss_id: 1.337, loss_triplet: 0.199, loss_camera_triplet: 0.000, loss_cross_camera_positive: 0.357, loss_pcc: 0.453, cross_camera_positive_count: 62.5, Acc: 0.973, Base Lr: 3.50e-04
2026-08-15 13:15:33,744 reid_baseline.train INFO: Soft Alignment Batch - Epoch: 13 Iteration: 100 soft_alignment_loss: 0.439750 valid_alignment_pair_count: 67 mean_soft_path_cost: 4.837249 alignment_temperature: 0.1
2026-08-15 13:15:36,467 reid_baseline.train INFO: Epoch[13] Iteration[120/186] loss_total: 1.678, loss_id: 1.331, loss_triplet: 0.199, loss_camera_triplet: 0.000, loss_cross_camera_positive: 0.349, loss_pcc: 0.441, cross_camera_positive_count: 62.5, Acc: 0.972, Base Lr: 3.50e-04
2026-08-15 13:15:36,467 reid_baseline.train INFO: Soft Alignment Batch - Epoch: 13 Iteration: 120 soft_alignment_loss: 0.438354 valid_alignment_pair_count: 75 mean_soft_path_cost: 4.821890 alignment_temperature: 0.1
2026-08-15 13:15:39,259 reid_baseline.train INFO: Epoch[13] Iteration[140/186] loss_total: 1.652, loss_id: 1.312, loss_triplet: 0.193, loss_camera_triplet: 0.000, loss_cross_camera_positive: 0.346, loss_pcc: 0.439, cross_camera_positive_count: 62.4, Acc: 0.974, Base Lr: 3.50e-04
2026-08-15 13:15:39,259 reid_baseline.train INFO: Soft Alignment Batch - Epoch: 13 Iteration: 140 soft_alignment_loss: 0.452339 valid_alignment_pair_count: 74 mean_soft_path_cost: 4.975726 alignment_temperature: 0.1
2026-08-15 13:15:42,516 reid_baseline.train INFO: Epoch[13] Iteration[160/186] loss_total: 1.663, loss_id: 1.320, loss_triplet: 0.194, loss_camera_triplet: 0.000, loss_cross_camera_positive: 0.348, loss_pcc: 0.444, cross_camera_positive_count: 62.6, Acc: 0.971, Base Lr: 3.50e-04
2026-08-15 13:15:42,516 reid_baseline.train INFO: Soft Alignment Batch - Epoch: 13 Iteration: 160 soft_alignment_loss: 0.559713 valid_alignment_pair_count: 80 mean_soft_path_cost: 6.156845 alignment_temperature: 0.1
2026-08-15 13:15:45,234 reid_baseline.train INFO: Epoch[13] Iteration[180/186] loss_total: 1.684, loss_id: 1.334, loss_triplet: 0.198, loss_camera_triplet: 0.000, loss_cross_camera_positive: 0.357, loss_pcc: 0.454, cross_camera_positive_count: 62.5, Acc: 0.971, Base Lr: 3.50e-04
2026-08-15 13:15:45,235 reid_baseline.train INFO: Soft Alignment Batch - Epoch: 13 Iteration: 180 soft_alignment_loss: 0.462083 valid_alignment_pair_count: 68 mean_soft_path_cost: 5.082915 alignment_temperature: 0.1
2026-08-15 13:15:46,061 reid_baseline.train INFO: EPOCH_EVIDENCE epoch=13 global_iteration=2418 epoch_length=186
2026-08-15 13:15:46,062 reid_baseline.train INFO: Soft Alignment Epoch Summary - Epoch: 13 soft_alignment_loss: 0.451886 valid_alignment_pair_count: 13739 mean_soft_path_cost: 4.970746 alignment_temperature: 0.1
2026-08-15 13:15:46,062 reid_baseline.train INFO: Epoch 13 done. Time per batch: 23.754[s] Speed: 501.1[samples/s]
2026-08-15 13:15:46,062 reid_baseline.train INFO: ----------
2026-08-15 13:15:48,803 reid_baseline.train INFO: Epoch[14] Iteration[20/186] loss_total: 1.696, loss_id: 1.341, loss_triplet: 0.201, loss_camera_triplet: 0.000, loss_cross_camera_positive: 0.361, loss_pcc: 0.457, cross_camera_positive_count: 62.6, Acc: 0.971, Base Lr: 3.50e-04
2026-08-15 13:15:48,804 reid_baseline.train INFO: Soft Alignment Batch - Epoch: 14 Iteration: 20 soft_alignment_loss: 0.444500 valid_alignment_pair_count: 74 mean_soft_path_cost: 4.889495 alignment_temperature: 0.1
2026-08-15 13:15:51,543 reid_baseline.train INFO: Epoch[14] Iteration[40/186] loss_total: 1.695, loss_id: 1.341, loss_triplet: 0.200, loss_camera_triplet: 0.000, loss_cross_camera_positive: 0.361, loss_pcc: 0.457, cross_camera_positive_count: 62.6, Acc: 0.970, Base Lr: 3.50e-04
2026-08-15 13:15:51,543 reid_baseline.train INFO: Soft Alignment Batch - Epoch: 14 Iteration: 40 soft_alignment_loss: 0.506385 valid_alignment_pair_count: 74 mean_soft_path_cost: 5.570234 alignment_temperature: 0.1
2026-08-15 13:15:54,290 reid_baseline.train INFO: Epoch[14] Iteration[60/186] loss_total: 1.680, loss_id: 1.332, loss_triplet: 0.193, loss_camera_triplet: 0.000, loss_cross_camera_positive: 0.363, loss_pcc: 0.460, cross_camera_positive_count: 62.4, Acc: 0.972, Base Lr: 3.50e-04
2026-08-15 13:15:54,290 reid_baseline.train INFO: Soft Alignment Batch - Epoch: 14 Iteration: 60 soft_alignment_loss: 0.447430 valid_alignment_pair_count: 64 mean_soft_path_cost: 4.921725 alignment_temperature: 0.1
2026-08-15 13:15:57,073 reid_baseline.train INFO: Epoch[14] Iteration[80/186] loss_total: 1.681, loss_id: 1.333, loss_triplet: 0.192, loss_camera_triplet: 0.000, loss_cross_camera_positive: 0.363, loss_pcc: 0.461, cross_camera_positive_count: 62.6, Acc: 0.970, Base Lr: 3.50e-04
2026-08-15 13:15:57,074 reid_baseline.train INFO: Soft Alignment Batch - Epoch: 14 Iteration: 80 soft_alignment_loss: 0.484676 valid_alignment_pair_count: 80 mean_soft_path_cost: 5.331436 alignment_temperature: 0.1
2026-08-15 13:15:59,846 reid_baseline.train INFO: Epoch[14] Iteration[100/186] loss_total: 1.673, loss_id: 1.327, loss_triplet: 0.192, loss_camera_triplet: 0.000, loss_cross_camera_positive: 0.361, loss_pcc: 0.461, cross_camera_positive_count: 62.9, Acc: 0.971, Base Lr: 3.50e-04
2026-08-15 13:15:59,847 reid_baseline.train INFO: Soft Alignment Batch - Epoch: 14 Iteration: 100 soft_alignment_loss: 0.448955 valid_alignment_pair_count: 78 mean_soft_path_cost: 4.938499 alignment_temperature: 0.1
2026-08-15 13:16:02,629 reid_baseline.train INFO: Epoch[14] Iteration[120/186] loss_total: 1.662, loss_id: 1.319, loss_triplet: 0.191, loss_camera_triplet: 0.000, loss_cross_camera_positive: 0.357, loss_pcc: 0.457, cross_camera_positive_count: 62.8, Acc: 0.972, Base Lr: 3.50e-04
2026-08-15 13:16:02,629 reid_baseline.train INFO: Soft Alignment Batch - Epoch: 14 Iteration: 120 soft_alignment_loss: 0.470813 valid_alignment_pair_count: 73 mean_soft_path_cost: 5.178939 alignment_temperature: 0.1
2026-08-15 13:16:05,083 reid_baseline.train INFO: Epoch[14] Iteration[140/186] loss_total: 1.633, loss_id: 1.294, loss_triplet: 0.190, loss_camera_triplet: 0.000, loss_cross_camera_positive: 0.349, loss_pcc: 0.445, cross_camera_positive_count: 63.0, Acc: 0.976, Base Lr: 3.50e-04
2026-08-15 13:16:05,083 reid_baseline.train INFO: Soft Alignment Batch - Epoch: 14 Iteration: 140 soft_alignment_loss: 0.400200 valid_alignment_pair_count: 70 mean_soft_path_cost: 4.402195 alignment_temperature: 0.1
2026-08-15 13:16:08,048 reid_baseline.train INFO: Epoch[14] Iteration[160/186] loss_total: 1.641, loss_id: 1.299, loss_triplet: 0.190, loss_camera_triplet: 0.000, loss_cross_camera_positive: 0.356, loss_pcc: 0.459, cross_camera_positive_count: 62.6, Acc: 0.976, Base Lr: 3.50e-04
2026-08-15 13:16:08,048 reid_baseline.train INFO: Soft Alignment Batch - Epoch: 14 Iteration: 160 soft_alignment_loss: 0.570848 valid_alignment_pair_count: 78 mean_soft_path_cost: 6.279331 alignment_temperature: 0.1
2026-08-15 13:16:10,373 reid_baseline.train INFO: Epoch[14] Iteration[180/186] loss_total: 1.647, loss_id: 1.303, loss_triplet: 0.188, loss_camera_triplet: 0.000, loss_cross_camera_positive: 0.362, loss_pcc: 0.467, cross_camera_positive_count: 62.3, Acc: 0.975, Base Lr: 3.50e-04
2026-08-15 13:16:10,373 reid_baseline.train INFO: Soft Alignment Batch - Epoch: 14 Iteration: 180 soft_alignment_loss: 0.455686 valid_alignment_pair_count: 72 mean_soft_path_cost: 5.012542 alignment_temperature: 0.1
2026-08-15 13:16:11,073 reid_baseline.train INFO: EPOCH_EVIDENCE epoch=14 global_iteration=2604 epoch_length=186
2026-08-15 13:16:11,074 reid_baseline.train INFO: Soft Alignment Epoch Summary - Epoch: 14 soft_alignment_loss: 0.459506 valid_alignment_pair_count: 13768 mean_soft_path_cost: 5.054563 alignment_temperature: 0.1
2026-08-15 13:16:11,074 reid_baseline.train INFO: Epoch 14 done. Time per batch: 23.298[s] Speed: 511.0[samples/s]
2026-08-15 13:16:11,074 reid_baseline.train INFO: ----------
2026-08-15 13:16:13,779 reid_baseline.train INFO: Epoch[15] Iteration[20/186] loss_total: 1.663, loss_id: 1.317, loss_triplet: 0.190, loss_camera_triplet: 0.000, loss_cross_camera_positive: 0.366, loss_pcc: 0.469, cross_camera_positive_count: 62.5, Acc: 0.975, Base Lr: 3.50e-04
2026-08-15 13:16:13,780 reid_baseline.train INFO: Soft Alignment Batch - Epoch: 15 Iteration: 20 soft_alignment_loss: 0.455886 valid_alignment_pair_count: 75 mean_soft_path_cost: 5.014741 alignment_temperature: 0.1
2026-08-15 13:16:16,205 reid_baseline.train INFO: Epoch[15] Iteration[40/186] loss_total: 1.662, loss_id: 1.317, loss_triplet: 0.187, loss_camera_triplet: 0.000, loss_cross_camera_positive: 0.370, loss_pcc: 0.472, cross_camera_positive_count: 62.6, Acc: 0.975, Base Lr: 3.50e-04
2026-08-15 13:16:16,205 reid_baseline.train INFO: Soft Alignment Batch - Epoch: 15 Iteration: 40 soft_alignment_loss: 0.485755 valid_alignment_pair_count: 71 mean_soft_path_cost: 5.343302 alignment_temperature: 0.1
2026-08-15 13:16:18,875 reid_baseline.train INFO: Epoch[15] Iteration[60/186] loss_total: 1.652, loss_id: 1.313, loss_triplet: 0.182, loss_camera_triplet: 0.000, loss_cross_camera_positive: 0.369, loss_pcc: 0.471, cross_camera_positive_count: 62.8, Acc: 0.978, Base Lr: 3.50e-04
2026-08-15 13:16:18,876 reid_baseline.train INFO: Soft Alignment Batch - Epoch: 15 Iteration: 60 soft_alignment_loss: 0.477341 valid_alignment_pair_count: 67 mean_soft_path_cost: 5.250748 alignment_temperature: 0.1
2026-08-15 13:16:21,621 reid_baseline.train INFO: Epoch[15] Iteration[80/186] loss_total: 1.646, loss_id: 1.309, loss_triplet: 0.181, loss_camera_triplet: 0.000, loss_cross_camera_positive: 0.366, loss_pcc: 0.466, cross_camera_positive_count: 62.8, Acc: 0.976, Base Lr: 3.50e-04
2026-08-15 13:16:21,621 reid_baseline.train INFO: Soft Alignment Batch - Epoch: 15 Iteration: 80 soft_alignment_loss: 0.441470 valid_alignment_pair_count: 78 mean_soft_path_cost: 4.856174 alignment_temperature: 0.1
2026-08-15 13:16:24,312 reid_baseline.train INFO: Epoch[15] Iteration[100/186] loss_total: 1.637, loss_id: 1.301, loss_triplet: 0.180, loss_camera_triplet: 0.000, loss_cross_camera_positive: 0.365, loss_pcc: 0.465, cross_camera_positive_count: 62.8, Acc: 0.975, Base Lr: 3.50e-04
2026-08-15 13:16:24,312 reid_baseline.train INFO: Soft Alignment Batch - Epoch: 15 Iteration: 100 soft_alignment_loss: 0.437741 valid_alignment_pair_count: 74 mean_soft_path_cost: 4.815154 alignment_temperature: 0.1
2026-08-15 13:16:26,883 reid_baseline.train INFO: Epoch[15] Iteration[120/186] loss_total: 1.629, loss_id: 1.297, loss_triplet: 0.175, loss_camera_triplet: 0.000, loss_cross_camera_positive: 0.367, loss_pcc: 0.466, cross_camera_positive_count: 62.9, Acc: 0.978, Base Lr: 3.50e-04
2026-08-15 13:16:26,884 reid_baseline.train INFO: Soft Alignment Batch - Epoch: 15 Iteration: 120 soft_alignment_loss: 0.440944 valid_alignment_pair_count: 73 mean_soft_path_cost: 4.850384 alignment_temperature: 0.1
2026-08-15 13:16:29,230 reid_baseline.train INFO: Epoch[15] Iteration[140/186] loss_total: 1.608, loss_id: 1.281, loss_triplet: 0.170, loss_camera_triplet: 0.000, loss_cross_camera_positive: 0.365, loss_pcc: 0.463, cross_camera_positive_count: 62.9, Acc: 0.980, Base Lr: 3.50e-04
2026-08-15 13:16:29,230 reid_baseline.train INFO: Soft Alignment Batch - Epoch: 15 Iteration: 140 soft_alignment_loss: 0.446444 valid_alignment_pair_count: 73 mean_soft_path_cost: 4.910887 alignment_temperature: 0.1
2026-08-15 13:16:32,249 reid_baseline.train INFO: Epoch[15] Iteration[160/186] loss_total: 1.635, loss_id: 1.302, loss_triplet: 0.174, loss_camera_triplet: 0.000, loss_cross_camera_positive: 0.373, loss_pcc: 0.475, cross_camera_positive_count: 62.9, Acc: 0.976, Base Lr: 3.50e-04
2026-08-15 13:16:32,249 reid_baseline.train INFO: Soft Alignment Batch - Epoch: 15 Iteration: 160 soft_alignment_loss: 0.557103 valid_alignment_pair_count: 78 mean_soft_path_cost: 6.128134 alignment_temperature: 0.1
2026-08-15 13:16:34,913 reid_baseline.train INFO: Epoch[15] Iteration[180/186] loss_total: 1.645, loss_id: 1.307, loss_triplet: 0.179, loss_camera_triplet: 0.000, loss_cross_camera_positive: 0.373, loss_pcc: 0.476, cross_camera_positive_count: 63.1, Acc: 0.979, Base Lr: 3.50e-04
2026-08-15 13:16:34,913 reid_baseline.train INFO: Soft Alignment Batch - Epoch: 15 Iteration: 180 soft_alignment_loss: 0.476710 valid_alignment_pair_count: 72 mean_soft_path_cost: 5.243809 alignment_temperature: 0.1
2026-08-15 13:16:35,643 reid_baseline.train INFO: EPOCH_EVIDENCE epoch=15 global_iteration=2790 epoch_length=186
2026-08-15 13:16:35,644 reid_baseline.train INFO: Soft Alignment Epoch Summary - Epoch: 15 soft_alignment_loss: 0.471354 valid_alignment_pair_count: 13802 mean_soft_path_cost: 5.184891 alignment_temperature: 0.1
2026-08-15 13:16:35,644 reid_baseline.train INFO: Epoch 15 done. Time per batch: 22.990[s] Speed: 517.8[samples/s]
2026-08-15 13:16:35,644 reid_baseline.train INFO: ----------
2026-08-15 13:16:38,157 reid_baseline.train INFO: Epoch[16] Iteration[20/186] loss_total: 1.634, loss_id: 1.301, loss_triplet: 0.172, loss_camera_triplet: 0.000, loss_cross_camera_positive: 0.376, loss_pcc: 0.480, cross_camera_positive_count: 63.0, Acc: 0.980, Base Lr: 3.50e-04
2026-08-15 13:16:38,158 reid_baseline.train INFO: Soft Alignment Batch - Epoch: 16 Iteration: 20 soft_alignment_loss: 0.463927 valid_alignment_pair_count: 74 mean_soft_path_cost: 5.103191 alignment_temperature: 0.1
2026-08-15 13:16:40,768 reid_baseline.train INFO: Epoch[16] Iteration[40/186] loss_total: 1.632, loss_id: 1.299, loss_triplet: 0.172, loss_camera_triplet: 0.000, loss_cross_camera_positive: 0.376, loss_pcc: 0.481, cross_camera_positive_count: 63.2, Acc: 0.979, Base Lr: 3.50e-04
2026-08-15 13:16:40,768 reid_baseline.train INFO: Soft Alignment Batch - Epoch: 16 Iteration: 40 soft_alignment_loss: 0.490054 valid_alignment_pair_count: 67 mean_soft_path_cost: 5.390594 alignment_temperature: 0.1
2026-08-15 13:16:43,437 reid_baseline.train INFO: Epoch[16] Iteration[60/186] loss_total: 1.635, loss_id: 1.306, loss_triplet: 0.169, loss_camera_triplet: 0.000, loss_cross_camera_positive: 0.375, loss_pcc: 0.480, cross_camera_positive_count: 62.9, Acc: 0.977, Base Lr: 3.50e-04
2026-08-15 13:16:43,437 reid_baseline.train INFO: Soft Alignment Batch - Epoch: 16 Iteration: 60 soft_alignment_loss: 0.452756 valid_alignment_pair_count: 55 mean_soft_path_cost: 4.980312 alignment_temperature: 0.1
2026-08-15 13:16:45,928 reid_baseline.train INFO: Epoch[16] Iteration[80/186] loss_total: 1.625, loss_id: 1.294, loss_triplet: 0.171, loss_camera_triplet: 0.000, loss_cross_camera_positive: 0.375, loss_pcc: 0.477, cross_camera_positive_count: 62.8, Acc: 0.980, Base Lr: 3.50e-04
2026-08-15 13:16:45,928 reid_baseline.train INFO: Soft Alignment Batch - Epoch: 16 Iteration: 80 soft_alignment_loss: 0.465218 valid_alignment_pair_count: 78 mean_soft_path_cost: 5.117395 alignment_temperature: 0.1
2026-08-15 13:16:48,328 reid_baseline.train INFO: Epoch[16] Iteration[100/186] loss_total: 1.619, loss_id: 1.289, loss_triplet: 0.171, loss_camera_triplet: 0.000, loss_cross_camera_positive: 0.372, loss_pcc: 0.474, cross_camera_positive_count: 62.6, Acc: 0.980, Base Lr: 3.50e-04
2026-08-15 13:16:48,328 reid_baseline.train INFO: Soft Alignment Batch - Epoch: 16 Iteration: 100 soft_alignment_loss: 0.482008 valid_alignment_pair_count: 76 mean_soft_path_cost: 5.302084 alignment_temperature: 0.1
2026-08-15 13:16:50,642 reid_baseline.train INFO: Epoch[16] Iteration[120/186] loss_total: 1.608, loss_id: 1.282, loss_triplet: 0.167, loss_camera_triplet: 0.000, loss_cross_camera_positive: 0.370, loss_pcc: 0.476, cross_camera_positive_count: 62.4, Acc: 0.981, Base Lr: 3.50e-04
2026-08-15 13:16:50,642 reid_baseline.train INFO: Soft Alignment Batch - Epoch: 16 Iteration: 120 soft_alignment_loss: 0.492669 valid_alignment_pair_count: 72 mean_soft_path_cost: 5.419355 alignment_temperature: 0.1
2026-08-15 13:16:53,162 reid_baseline.train INFO: Epoch[16] Iteration[140/186] loss_total: 1.585, loss_id: 1.264, loss_triplet: 0.163, loss_camera_triplet: 0.000, loss_cross_camera_positive: 0.365, loss_pcc: 0.473, cross_camera_positive_count: 62.4, Acc: 0.983, Base Lr: 3.50e-04
2026-08-15 13:16:53,162 reid_baseline.train INFO: Soft Alignment Batch - Epoch: 16 Iteration: 140 soft_alignment_loss: 0.408765 valid_alignment_pair_count: 74 mean_soft_path_cost: 4.496417 alignment_temperature: 0.1
2026-08-15 13:16:56,149 reid_baseline.train INFO: Epoch[16] Iteration[160/186] loss_total: 1.623, loss_id: 1.291, loss_triplet: 0.165, loss_camera_triplet: 0.000, loss_cross_camera_positive: 0.388, loss_pcc: 0.503, cross_camera_positive_count: 62.5, Acc: 0.980, Base Lr: 3.50e-04
2026-08-15 13:16:56,150 reid_baseline.train INFO: Soft Alignment Batch - Epoch: 16 Iteration: 160 soft_alignment_loss: 0.502014 valid_alignment_pair_count: 77 mean_soft_path_cost: 5.522156 alignment_temperature: 0.1
2026-08-15 13:16:58,865 reid_baseline.train INFO: Epoch[16] Iteration[180/186] loss_total: 1.629, loss_id: 1.298, loss_triplet: 0.166, loss_camera_triplet: 0.000, loss_cross_camera_positive: 0.385, loss_pcc: 0.499, cross_camera_positive_count: 62.6, Acc: 0.979, Base Lr: 3.50e-04
2026-08-15 13:16:58,865 reid_baseline.train INFO: Soft Alignment Batch - Epoch: 16 Iteration: 180 soft_alignment_loss: 0.503814 valid_alignment_pair_count: 80 mean_soft_path_cost: 5.541956 alignment_temperature: 0.1
2026-08-15 13:16:59,664 reid_baseline.train INFO: EPOCH_EVIDENCE epoch=16 global_iteration=2976 epoch_length=186
2026-08-15 13:16:59,664 reid_baseline.train INFO: Soft Alignment Epoch Summary - Epoch: 16 soft_alignment_loss: 0.487482 valid_alignment_pair_count: 13831 mean_soft_path_cost: 5.362304 alignment_temperature: 0.1
2026-08-15 13:16:59,664 reid_baseline.train INFO: Epoch 16 done. Time per batch: 22.438[s] Speed: 530.5[samples/s]
2026-08-15 13:16:59,664 reid_baseline.train INFO: ----------
2026-08-15 13:17:02,402 reid_baseline.train INFO: Epoch[17] Iteration[20/186] loss_total: 1.627, loss_id: 1.296, loss_triplet: 0.164, loss_camera_triplet: 0.000, loss_cross_camera_positive: 0.387, loss_pcc: 0.500, cross_camera_positive_count: 62.5, Acc: 0.980, Base Lr: 3.50e-04
2026-08-15 13:17:02,402 reid_baseline.train INFO: Soft Alignment Batch - Epoch: 17 Iteration: 20 soft_alignment_loss: 0.471010 valid_alignment_pair_count: 69 mean_soft_path_cost: 5.181108 alignment_temperature: 0.1
2026-08-15 13:17:05,188 reid_baseline.train INFO: Epoch[17] Iteration[40/186] loss_total: 1.617, loss_id: 1.291, loss_triplet: 0.161, loss_camera_triplet: 0.000, loss_cross_camera_positive: 0.384, loss_pcc: 0.492, cross_camera_positive_count: 62.3, Acc: 0.982, Base Lr: 3.50e-04
2026-08-15 13:17:05,188 reid_baseline.train INFO: Soft Alignment Batch - Epoch: 17 Iteration: 40 soft_alignment_loss: 0.476054 valid_alignment_pair_count: 69 mean_soft_path_cost: 5.236592 alignment_temperature: 0.1
2026-08-15 13:17:07,980 reid_baseline.train INFO: Epoch[17] Iteration[60/186] loss_total: 1.612, loss_id: 1.286, loss_triplet: 0.161, loss_camera_triplet: 0.000, loss_cross_camera_positive: 0.385, loss_pcc: 0.491, cross_camera_positive_count: 62.6, Acc: 0.982, Base Lr: 3.50e-04
2026-08-15 13:17:07,981 reid_baseline.train INFO: Soft Alignment Batch - Epoch: 17 Iteration: 60 soft_alignment_loss: 0.492459 valid_alignment_pair_count: 78 mean_soft_path_cost: 5.417053 alignment_temperature: 0.1
2026-08-15 13:17:10,799 reid_baseline.train INFO: Epoch[17] Iteration[80/186] loss_total: 1.610, loss_id: 1.285, loss_triplet: 0.159, loss_camera_triplet: 0.000, loss_cross_camera_positive: 0.386, loss_pcc: 0.491, cross_camera_positive_count: 62.7, Acc: 0.981, Base Lr: 3.50e-04
2026-08-15 13:17:10,799 reid_baseline.train INFO: Soft Alignment Batch - Epoch: 17 Iteration: 80 soft_alignment_loss: 0.493625 valid_alignment_pair_count: 73 mean_soft_path_cost: 5.429880 alignment_temperature: 0.1
2026-08-15 13:17:13,629 reid_baseline.train INFO: Epoch[17] Iteration[100/186] loss_total: 1.607, loss_id: 1.285, loss_triplet: 0.159, loss_camera_triplet: 0.000, loss_cross_camera_positive: 0.382, loss_pcc: 0.485, cross_camera_positive_count: 62.6, Acc: 0.981, Base Lr: 3.50e-04
2026-08-15 13:17:13,629 reid_baseline.train INFO: Soft Alignment Batch - Epoch: 17 Iteration: 100 soft_alignment_loss: 0.491635 valid_alignment_pair_count: 78 mean_soft_path_cost: 5.407981 alignment_temperature: 0.1
2026-08-15 13:17:16,441 reid_baseline.train INFO: Epoch[17] Iteration[120/186] loss_total: 1.584, loss_id: 1.269, loss_triplet: 0.154, loss_camera_triplet: 0.000, loss_cross_camera_positive: 0.376, loss_pcc: 0.478, cross_camera_positive_count: 62.5, Acc: 0.983, Base Lr: 3.50e-04
2026-08-15 13:17:16,441 reid_baseline.train INFO: Soft Alignment Batch - Epoch: 17 Iteration: 120 soft_alignment_loss: 0.506811 valid_alignment_pair_count: 66 mean_soft_path_cost: 5.574917 alignment_temperature: 0.1
2026-08-15 13:17:19,897 reid_baseline.train INFO: Epoch[17] Iteration[140/186] loss_total: 1.575, loss_id: 1.262, loss_triplet: 0.154, loss_camera_triplet: 0.000, loss_cross_camera_positive: 0.371, loss_pcc: 0.472, cross_camera_positive_count: 62.8, Acc: 0.985, Base Lr: 3.50e-04
2026-08-15 13:17:19,897 reid_baseline.train INFO: Soft Alignment Batch - Epoch: 17 Iteration: 140 soft_alignment_loss: 0.424283 valid_alignment_pair_count: 74 mean_soft_path_cost: 4.667116 alignment_temperature: 0.1
2026-08-15 13:17:22,664 reid_baseline.train INFO: Epoch[17] Iteration[160/186] loss_total: 1.599, loss_id: 1.280, loss_triplet: 0.155, loss_camera_triplet: 0.000, loss_cross_camera_positive: 0.384, loss_pcc: 0.490, cross_camera_positive_count: 62.8, Acc: 0.982, Base Lr: 3.50e-04
2026-08-15 13:17:22,664 reid_baseline.train INFO: Soft Alignment Batch - Epoch: 17 Iteration: 160 soft_alignment_loss: 0.520211 valid_alignment_pair_count: 76 mean_soft_path_cost: 5.722317 alignment_temperature: 0.1
2026-08-15 13:17:25,462 reid_baseline.train INFO: Epoch[17] Iteration[180/186] loss_total: 1.612, loss_id: 1.288, loss_triplet: 0.158, loss_camera_triplet: 0.000, loss_cross_camera_positive: 0.388, loss_pcc: 0.495, cross_camera_positive_count: 63.0, Acc: 0.982, Base Lr: 3.50e-04
2026-08-15 13:17:25,462 reid_baseline.train INFO: Soft Alignment Batch - Epoch: 17 Iteration: 180 soft_alignment_loss: 0.499442 valid_alignment_pair_count: 76 mean_soft_path_cost: 5.493865 alignment_temperature: 0.1
2026-08-15 13:17:26,314 reid_baseline.train INFO: EPOCH_EVIDENCE epoch=17 global_iteration=3162 epoch_length=186
2026-08-15 13:17:26,314 reid_baseline.train INFO: Soft Alignment Epoch Summary - Epoch: 17 soft_alignment_loss: 0.487538 valid_alignment_pair_count: 13819 mean_soft_path_cost: 5.362914 alignment_temperature: 0.1
2026-08-15 13:17:26,314 reid_baseline.train INFO: Epoch 17 done. Time per batch: 24.860[s] Speed: 478.8[samples/s]
2026-08-15 13:17:26,314 reid_baseline.train INFO: ----------
2026-08-15 13:17:29,089 reid_baseline.train INFO: Epoch[18] Iteration[20/186] loss_total: 1.614, loss_id: 1.290, loss_triplet: 0.159, loss_camera_triplet: 0.000, loss_cross_camera_positive: 0.384, loss_pcc: 0.490, cross_camera_positive_count: 62.7, Acc: 0.982, Base Lr: 3.50e-04
2026-08-15 13:17:29,089 reid_baseline.train INFO: Soft Alignment Batch - Epoch: 18 Iteration: 20 soft_alignment_loss: 0.477681 valid_alignment_pair_count: 74 mean_soft_path_cost: 5.254495 alignment_temperature: 0.1
2026-08-15 13:17:31,890 reid_baseline.train INFO: Epoch[18] Iteration[40/186] loss_total: 1.609, loss_id: 1.285, loss_triplet: 0.159, loss_camera_triplet: 0.000, loss_cross_camera_positive: 0.385, loss_pcc: 0.489, cross_camera_positive_count: 62.4, Acc: 0.983, Base Lr: 3.50e-04
2026-08-15 13:17:31,890 reid_baseline.train INFO: Soft Alignment Batch - Epoch: 18 Iteration: 40 soft_alignment_loss: 0.485373 valid_alignment_pair_count: 64 mean_soft_path_cost: 5.339105 alignment_temperature: 0.1
2026-08-15 13:17:34,703 reid_baseline.train INFO: Epoch[18] Iteration[60/186] loss_total: 1.609, loss_id: 1.284, loss_triplet: 0.161, loss_camera_triplet: 0.000, loss_cross_camera_positive: 0.384, loss_pcc: 0.485, cross_camera_positive_count: 62.3, Acc: 0.981, Base Lr: 3.50e-04
2026-08-15 13:17:34,703 reid_baseline.train INFO: Soft Alignment Batch - Epoch: 18 Iteration: 60 soft_alignment_loss: 0.494446 valid_alignment_pair_count: 74 mean_soft_path_cost: 5.438909 alignment_temperature: 0.1
2026-08-15 13:17:37,453 reid_baseline.train INFO: Epoch[18] Iteration[80/186] loss_total: 1.596, loss_id: 1.275, loss_triplet: 0.158, loss_camera_triplet: 0.000, loss_cross_camera_positive: 0.384, loss_pcc: 0.483, cross_camera_positive_count: 62.4, Acc: 0.983, Base Lr: 3.50e-04
2026-08-15 13:17:37,453 reid_baseline.train INFO: Soft Alignment Batch - Epoch: 18 Iteration: 80 soft_alignment_loss: 0.465622 valid_alignment_pair_count: 73 mean_soft_path_cost: 5.121844 alignment_temperature: 0.1
2026-08-15 13:17:40,201 reid_baseline.train INFO: Epoch[18] Iteration[100/186] loss_total: 1.590, loss_id: 1.273, loss_triplet: 0.155, loss_camera_triplet: 0.000, loss_cross_camera_positive: 0.380, loss_pcc: 0.478, cross_camera_positive_count: 62.4, Acc: 0.983, Base Lr: 3.50e-04
2026-08-15 13:17:40,201 reid_baseline.train INFO: Soft Alignment Batch - Epoch: 18 Iteration: 100 soft_alignment_loss: 0.443204 valid_alignment_pair_count: 76 mean_soft_path_cost: 4.875238 alignment_temperature: 0.1
2026-08-15 13:17:42,912 reid_baseline.train INFO: Epoch[18] Iteration[120/186] loss_total: 1.581, loss_id: 1.268, loss_triplet: 0.154, loss_camera_triplet: 0.000, loss_cross_camera_positive: 0.374, loss_pcc: 0.470, cross_camera_positive_count: 62.9, Acc: 0.982, Base Lr: 3.50e-04
2026-08-15 13:17:42,912 reid_baseline.train INFO: Soft Alignment Batch - Epoch: 18 Iteration: 120 soft_alignment_loss: 0.472865 valid_alignment_pair_count: 77 mean_soft_path_cost: 5.201513 alignment_temperature: 0.1
2026-08-15 13:17:46,100 reid_baseline.train INFO: Epoch[18] Iteration[140/186] loss_total: 1.573, loss_id: 1.267, loss_triplet: 0.150, loss_camera_triplet: 0.000, loss_cross_camera_positive: 0.365, loss_pcc: 0.461, cross_camera_positive_count: 62.8, Acc: 0.983, Base Lr: 3.50e-04
2026-08-15 13:17:46,101 reid_baseline.train INFO: Soft Alignment Batch - Epoch: 18 Iteration: 140 soft_alignment_loss: 0.491968 valid_alignment_pair_count: 78 mean_soft_path_cost: 5.411644 alignment_temperature: 0.1
2026-08-15 13:17:48,827 reid_baseline.train INFO: Epoch[18] Iteration[160/186] loss_total: 1.603, loss_id: 1.283, loss_triplet: 0.154, loss_camera_triplet: 0.000, loss_cross_camera_positive: 0.388, loss_pcc: 0.496, cross_camera_positive_count: 63.1, Acc: 0.980, Base Lr: 3.50e-04
2026-08-15 13:17:48,827 reid_baseline.train INFO: Soft Alignment Batch - Epoch: 18 Iteration: 160 soft_alignment_loss: 0.467197 valid_alignment_pair_count: 74 mean_soft_path_cost: 5.139170 alignment_temperature: 0.1
2026-08-15 13:17:51,583 reid_baseline.train INFO: Epoch[18] Iteration[180/186] loss_total: 1.600, loss_id: 1.281, loss_triplet: 0.155, loss_camera_triplet: 0.000, loss_cross_camera_positive: 0.384, loss_pcc: 0.490, cross_camera_positive_count: 63.0, Acc: 0.981, Base Lr: 3.50e-04
2026-08-15 13:17:51,583 reid_baseline.train INFO: Soft Alignment Batch - Epoch: 18 Iteration: 180 soft_alignment_loss: 0.459945 valid_alignment_pair_count: 72 mean_soft_path_cost: 5.059396 alignment_temperature: 0.1
2026-08-15 13:17:52,388 reid_baseline.train INFO: EPOCH_EVIDENCE epoch=18 global_iteration=3348 epoch_length=186
2026-08-15 13:17:52,389 reid_baseline.train INFO: Soft Alignment Epoch Summary - Epoch: 18 soft_alignment_loss: 0.483156 valid_alignment_pair_count: 13789 mean_soft_path_cost: 5.314716 alignment_temperature: 0.1
2026-08-15 13:17:52,389 reid_baseline.train INFO: Epoch 18 done. Time per batch: 24.469[s] Speed: 486.5[samples/s]
2026-08-15 13:17:52,389 reid_baseline.train INFO: ----------
2026-08-15 13:17:55,092 reid_baseline.train INFO: Epoch[19] Iteration[20/186] loss_total: 1.598, loss_id: 1.281, loss_triplet: 0.151, loss_camera_triplet: 0.000, loss_cross_camera_positive: 0.388, loss_pcc: 0.495, cross_camera_positive_count: 63.0, Acc: 0.981, Base Lr: 3.50e-04
2026-08-15 13:17:55,092 reid_baseline.train INFO: Soft Alignment Batch - Epoch: 19 Iteration: 20 soft_alignment_loss: 0.496697 valid_alignment_pair_count: 79 mean_soft_path_cost: 5.463669 alignment_temperature: 0.1
2026-08-15 13:17:57,799 reid_baseline.train INFO: Epoch[19] Iteration[40/186] loss_total: 1.599, loss_id: 1.278, loss_triplet: 0.156, loss_camera_triplet: 0.000, loss_cross_camera_positive: 0.387, loss_pcc: 0.491, cross_camera_positive_count: 62.8, Acc: 0.982, Base Lr: 3.50e-04
2026-08-15 13:17:57,800 reid_baseline.train INFO: Soft Alignment Batch - Epoch: 19 Iteration: 40 soft_alignment_loss: 0.469459 valid_alignment_pair_count: 61 mean_soft_path_cost: 5.164050 alignment_temperature: 0.1
2026-08-15 13:18:00,522 reid_baseline.train INFO: Epoch[19] Iteration[60/186] loss_total: 1.594, loss_id: 1.278, loss_triplet: 0.152, loss_camera_triplet: 0.000, loss_cross_camera_positive: 0.384, loss_pcc: 0.489, cross_camera_positive_count: 62.9, Acc: 0.983, Base Lr: 3.50e-04
2026-08-15 13:18:00,522 reid_baseline.train INFO: Soft Alignment Batch - Epoch: 19 Iteration: 60 soft_alignment_loss: 0.451654 valid_alignment_pair_count: 78 mean_soft_path_cost: 4.968190 alignment_temperature: 0.1
2026-08-15 13:18:03,254 reid_baseline.train INFO: Epoch[19] Iteration[80/186] loss_total: 1.587, loss_id: 1.274, loss_triplet: 0.150, loss_camera_triplet: 0.000, loss_cross_camera_positive: 0.381, loss_pcc: 0.486, cross_camera_positive_count: 62.4, Acc: 0.985, Base Lr: 3.50e-04
2026-08-15 13:18:03,255 reid_baseline.train INFO: Soft Alignment Batch - Epoch: 19 Iteration: 80 soft_alignment_loss: 0.457670 valid_alignment_pair_count: 78 mean_soft_path_cost: 5.034370 alignment_temperature: 0.1
2026-08-15 13:18:05,992 reid_baseline.train INFO: Epoch[19] Iteration[100/186] loss_total: 1.573, loss_id: 1.264, loss_triplet: 0.148, loss_camera_triplet: 0.000, loss_cross_camera_positive: 0.379, loss_pcc: 0.480, cross_camera_positive_count: 62.6, Acc: 0.986, Base Lr: 3.50e-04
2026-08-15 13:18:05,992 reid_baseline.train INFO: Soft Alignment Batch - Epoch: 19 Iteration: 100 soft_alignment_loss: 0.468725 valid_alignment_pair_count: 79 mean_soft_path_cost: 5.155972 alignment_temperature: 0.1
2026-08-15 13:18:08,761 reid_baseline.train INFO: Epoch[19] Iteration[120/186] loss_total: 1.560, loss_id: 1.255, loss_triplet: 0.145, loss_camera_triplet: 0.000, loss_cross_camera_positive: 0.375, loss_pcc: 0.475, cross_camera_positive_count: 62.7, Acc: 0.985, Base Lr: 3.50e-04
2026-08-15 13:18:08,762 reid_baseline.train INFO: Soft Alignment Batch - Epoch: 19 Iteration: 120 soft_alignment_loss: 0.469060 valid_alignment_pair_count: 75 mean_soft_path_cost: 5.159665 alignment_temperature: 0.1
2026-08-15 13:18:12,054 reid_baseline.train INFO: Epoch[19] Iteration[140/186] loss_total: 1.557, loss_id: 1.258, loss_triplet: 0.142, loss_camera_triplet: 0.000, loss_cross_camera_positive: 0.368, loss_pcc: 0.465, cross_camera_positive_count: 62.5, Acc: 0.983, Base Lr: 3.50e-04
2026-08-15 13:18:12,055 reid_baseline.train INFO: Soft Alignment Batch - Epoch: 19 Iteration: 140 soft_alignment_loss: 0.498686 valid_alignment_pair_count: 75 mean_soft_path_cost: 5.485541 alignment_temperature: 0.1
2026-08-15 13:18:14,765 reid_baseline.train INFO: Epoch[19] Iteration[160/186] loss_total: 1.592, loss_id: 1.279, loss_triplet: 0.146, loss_camera_triplet: 0.000, loss_cross_camera_positive: 0.393, loss_pcc: 0.501, cross_camera_positive_count: 62.3, Acc: 0.979, Base Lr: 3.50e-04
2026-08-15 13:18:14,765 reid_baseline.train INFO: Soft Alignment Batch - Epoch: 19 Iteration: 160 soft_alignment_loss: 0.489237 valid_alignment_pair_count: 65 mean_soft_path_cost: 5.381609 alignment_temperature: 0.1
2026-08-15 13:18:17,549 reid_baseline.train INFO: Epoch[19] Iteration[180/186] loss_total: 1.603, loss_id: 1.286, loss_triplet: 0.148, loss_camera_triplet: 0.000, loss_cross_camera_positive: 0.394, loss_pcc: 0.503, cross_camera_positive_count: 62.5, Acc: 0.978, Base Lr: 3.50e-04
2026-08-15 13:18:17,549 reid_baseline.train INFO: Soft Alignment Batch - Epoch: 19 Iteration: 180 soft_alignment_loss: 0.521993 valid_alignment_pair_count: 74 mean_soft_path_cost: 5.741919 alignment_temperature: 0.1
2026-08-15 13:18:18,366 reid_baseline.train INFO: EPOCH_EVIDENCE epoch=19 global_iteration=3534 epoch_length=186
2026-08-15 13:18:18,367 reid_baseline.train INFO: Soft Alignment Epoch Summary - Epoch: 19 soft_alignment_loss: 0.491401 valid_alignment_pair_count: 13826 mean_soft_path_cost: 5.405408 alignment_temperature: 0.1
2026-08-15 13:18:18,367 reid_baseline.train INFO: Epoch 19 done. Time per batch: 24.228[s] Speed: 491.3[samples/s]
2026-08-15 13:18:18,367 reid_baseline.train INFO: ----------
2026-08-15 13:18:21,145 reid_baseline.train INFO: Epoch[20] Iteration[20/186] loss_total: 1.597, loss_id: 1.282, loss_triplet: 0.146, loss_camera_triplet: 0.000, loss_cross_camera_positive: 0.397, loss_pcc: 0.508, cross_camera_positive_count: 62.5, Acc: 0.980, Base Lr: 3.50e-04
2026-08-15 13:18:21,145 reid_baseline.train INFO: Soft Alignment Batch - Epoch: 20 Iteration: 20 soft_alignment_loss: 0.517299 valid_alignment_pair_count: 74 mean_soft_path_cost: 5.690287 alignment_temperature: 0.1
2026-08-15 13:18:23,924 reid_baseline.train INFO: Epoch[20] Iteration[40/186] loss_total: 1.584, loss_id: 1.271, loss_triplet: 0.145, loss_camera_triplet: 0.000, loss_cross_camera_positive: 0.393, loss_pcc: 0.502, cross_camera_positive_count: 62.7, Acc: 0.983, Base Lr: 3.50e-04
2026-08-15 13:18:23,925 reid_baseline.train INFO: Soft Alignment Batch - Epoch: 20 Iteration: 40 soft_alignment_loss: 0.496951 valid_alignment_pair_count: 76 mean_soft_path_cost: 5.466460 alignment_temperature: 0.1
2026-08-15 13:18:26,714 reid_baseline.train INFO: Epoch[20] Iteration[60/186] loss_total: 1.574, loss_id: 1.264, loss_triplet: 0.144, loss_camera_triplet: 0.000, loss_cross_camera_positive: 0.388, loss_pcc: 0.494, cross_camera_positive_count: 62.8, Acc: 0.985, Base Lr: 3.50e-04
2026-08-15 13:18:26,714 reid_baseline.train INFO: Soft Alignment Batch - Epoch: 20 Iteration: 60 soft_alignment_loss: 0.463130 valid_alignment_pair_count: 80 mean_soft_path_cost: 5.094426 alignment_temperature: 0.1
2026-08-15 13:18:29,496 reid_baseline.train INFO: Epoch[20] Iteration[80/186] loss_total: 1.567, loss_id: 1.256, loss_triplet: 0.147, loss_camera_triplet: 0.000, loss_cross_camera_positive: 0.384, loss_pcc: 0.487, cross_camera_positive_count: 62.9, Acc: 0.987, Base Lr: 3.50e-04
2026-08-15 13:18:29,496 reid_baseline.train INFO: Soft Alignment Batch - Epoch: 20 Iteration: 80 soft_alignment_loss: 0.480313 valid_alignment_pair_count: 76 mean_soft_path_cost: 5.283448 alignment_temperature: 0.1
2026-08-15 13:18:32,264 reid_baseline.train INFO: Epoch[20] Iteration[100/186] loss_total: 1.557, loss_id: 1.252, loss_triplet: 0.146, loss_camera_triplet: 0.000, loss_cross_camera_positive: 0.374, loss_pcc: 0.478, cross_camera_positive_count: 63.0, Acc: 0.987, Base Lr: 3.50e-04
2026-08-15 13:18:32,264 reid_baseline.train INFO: Soft Alignment Batch - Epoch: 20 Iteration: 100 soft_alignment_loss: 0.467652 valid_alignment_pair_count: 77 mean_soft_path_cost: 5.144168 alignment_temperature: 0.1
2026-08-15 13:18:35,039 reid_baseline.train INFO: Epoch[20] Iteration[120/186] loss_total: 1.554, loss_id: 1.250, loss_triplet: 0.145, loss_camera_triplet: 0.000, loss_cross_camera_positive: 0.371, loss_pcc: 0.477, cross_camera_positive_count: 62.9, Acc: 0.984, Base Lr: 3.50e-04
2026-08-15 13:18:35,039 reid_baseline.train INFO: Soft Alignment Batch - Epoch: 20 Iteration: 120 soft_alignment_loss: 0.484497 valid_alignment_pair_count: 72 mean_soft_path_cost: 5.329463 alignment_temperature: 0.1
2026-08-15 13:18:38,343 reid_baseline.train INFO: Epoch[20] Iteration[140/186] loss_total: 1.554, loss_id: 1.254, loss_triplet: 0.139, loss_camera_triplet: 0.000, loss_cross_camera_positive: 0.375, loss_pcc: 0.486, cross_camera_positive_count: 62.7, Acc: 0.983, Base Lr: 3.50e-04
2026-08-15 13:18:38,344 reid_baseline.train INFO: Soft Alignment Batch - Epoch: 20 Iteration: 140 soft_alignment_loss: 0.616657 valid_alignment_pair_count: 73 mean_soft_path_cost: 6.783224 alignment_temperature: 0.1
2026-08-15 13:18:41,058 reid_baseline.train INFO: Epoch[20] Iteration[160/186] loss_total: 1.575, loss_id: 1.263, loss_triplet: 0.147, loss_camera_triplet: 0.000, loss_cross_camera_positive: 0.385, loss_pcc: 0.498, cross_camera_positive_count: 62.6, Acc: 0.984, Base Lr: 3.50e-04
2026-08-15 13:18:41,058 reid_baseline.train INFO: Soft Alignment Batch - Epoch: 20 Iteration: 160 soft_alignment_loss: 0.531616 valid_alignment_pair_count: 77 mean_soft_path_cost: 5.847781 alignment_temperature: 0.1
2026-08-15 13:18:43,808 reid_baseline.train INFO: Epoch[20] Iteration[180/186] loss_total: 1.581, loss_id: 1.268, loss_triplet: 0.145, loss_camera_triplet: 0.000, loss_cross_camera_positive: 0.392, loss_pcc: 0.504, cross_camera_positive_count: 62.9, Acc: 0.985, Base Lr: 3.50e-04
2026-08-15 13:18:43,808 reid_baseline.train INFO: Soft Alignment Batch - Epoch: 20 Iteration: 180 soft_alignment_loss: 0.511263 valid_alignment_pair_count: 77 mean_soft_path_cost: 5.623898 alignment_temperature: 0.1
2026-08-15 13:18:44,628 reid_baseline.train INFO: EPOCH_EVIDENCE epoch=20 global_iteration=3720 epoch_length=186
2026-08-15 13:18:44,628 reid_baseline.train INFO: Soft Alignment Epoch Summary - Epoch: 20 soft_alignment_loss: 0.493046 valid_alignment_pair_count: 13911 mean_soft_path_cost: 5.423510 alignment_temperature: 0.1
2026-08-15 13:18:44,628 reid_baseline.train INFO: Epoch 20 done. Time per batch: 24.539[s] Speed: 485.1[samples/s]
2026-08-15 13:18:44,628 reid_baseline.train INFO: ----------
2026-08-15 13:18:47,447 reid_baseline.train INFO: Epoch[21] Iteration[20/186] loss_total: 1.575, loss_id: 1.269, loss_triplet: 0.138, loss_camera_triplet: 0.000, loss_cross_camera_positive: 0.392, loss_pcc: 0.503, cross_camera_positive_count: 62.8, Acc: 0.983, Base Lr: 3.50e-04
2026-08-15 13:18:47,447 reid_baseline.train INFO: Soft Alignment Batch - Epoch: 21 Iteration: 20 soft_alignment_loss: 0.523823 valid_alignment_pair_count: 74 mean_soft_path_cost: 5.762048 alignment_temperature: 0.1
2026-08-15 13:18:50,214 reid_baseline.train INFO: Epoch[21] Iteration[40/186] loss_total: 1.589, loss_id: 1.276, loss_triplet: 0.145, loss_camera_triplet: 0.000, loss_cross_camera_positive: 0.394, loss_pcc: 0.499, cross_camera_positive_count: 62.7, Acc: 0.982, Base Lr: 3.50e-04
2026-08-15 13:18:50,214 reid_baseline.train INFO: Soft Alignment Batch - Epoch: 21 Iteration: 40 soft_alignment_loss: 0.496071 valid_alignment_pair_count: 76 mean_soft_path_cost: 5.456778 alignment_temperature: 0.1
2026-08-15 13:18:53,034 reid_baseline.train INFO: Epoch[21] Iteration[60/186] loss_total: 1.569, loss_id: 1.264, loss_triplet: 0.139, loss_camera_triplet: 0.000, loss_cross_camera_positive: 0.390, loss_pcc: 0.495, cross_camera_positive_count: 62.8, Acc: 0.984, Base Lr: 3.50e-04
2026-08-15 13:18:53,034 reid_baseline.train INFO: Soft Alignment Batch - Epoch: 21 Iteration: 60 soft_alignment_loss: 0.485237 valid_alignment_pair_count: 67 mean_soft_path_cost: 5.337606 alignment_temperature: 0.1
2026-08-15 13:18:55,853 reid_baseline.train INFO: Epoch[21] Iteration[80/186] loss_total: 1.565, loss_id: 1.261, loss_triplet: 0.138, loss_camera_triplet: 0.000, loss_cross_camera_positive: 0.389, loss_pcc: 0.492, cross_camera_positive_count: 62.8, Acc: 0.984, Base Lr: 3.50e-04
2026-08-15 13:18:55,853 reid_baseline.train INFO: Soft Alignment Batch - Epoch: 21 Iteration: 80 soft_alignment_loss: 0.483622 valid_alignment_pair_count: 76 mean_soft_path_cost: 5.319836 alignment_temperature: 0.1
2026-08-15 13:18:58,612 reid_baseline.train INFO: Epoch[21] Iteration[100/186] loss_total: 1.552, loss_id: 1.254, loss_triplet: 0.136, loss_camera_triplet: 0.000, loss_cross_camera_positive: 0.382, loss_pcc: 0.483, cross_camera_positive_count: 62.8, Acc: 0.983, Base Lr: 3.50e-04
2026-08-15 13:18:58,613 reid_baseline.train INFO: Soft Alignment Batch - Epoch: 21 Iteration: 100 soft_alignment_loss: 0.469837 valid_alignment_pair_count: 75 mean_soft_path_cost: 5.168202 alignment_temperature: 0.1
2026-08-15 13:19:01,358 reid_baseline.train INFO: Epoch[21] Iteration[120/186] loss_total: 1.534, loss_id: 1.240, loss_triplet: 0.134, loss_camera_triplet: 0.000, loss_cross_camera_positive: 0.373, loss_pcc: 0.471, cross_camera_positive_count: 62.9, Acc: 0.986, Base Lr: 3.50e-04
2026-08-15 13:19:01,358 reid_baseline.train INFO: Soft Alignment Batch - Epoch: 21 Iteration: 120 soft_alignment_loss: 0.450690 valid_alignment_pair_count: 70 mean_soft_path_cost: 4.957591 alignment_temperature: 0.1
2026-08-15 13:19:04,497 reid_baseline.train INFO: Epoch[21] Iteration[140/186] loss_total: 1.554, loss_id: 1.257, loss_triplet: 0.134, loss_camera_triplet: 0.000, loss_cross_camera_positive: 0.383, loss_pcc: 0.487, cross_camera_positive_count: 62.5, Acc: 0.983, Base Lr: 3.50e-04
2026-08-15 13:19:04,498 reid_baseline.train INFO: Soft Alignment Batch - Epoch: 21 Iteration: 140 soft_alignment_loss: 0.637064 valid_alignment_pair_count: 76 mean_soft_path_cost: 7.007698 alignment_temperature: 0.1
2026-08-15 13:19:07,272 reid_baseline.train INFO: Epoch[21] Iteration[160/186] loss_total: 1.579, loss_id: 1.271, loss_triplet: 0.140, loss_camera_triplet: 0.000, loss_cross_camera_positive: 0.392, loss_pcc: 0.498, cross_camera_positive_count: 62.6, Acc: 0.982, Base Lr: 3.50e-04
2026-08-15 13:19:07,272 reid_baseline.train INFO: Soft Alignment Batch - Epoch: 21 Iteration: 160 soft_alignment_loss: 0.516641 valid_alignment_pair_count: 80 mean_soft_path_cost: 5.683055 alignment_temperature: 0.1
2026-08-15 13:19:10,019 reid_baseline.train INFO: Epoch[21] Iteration[180/186] loss_total: 1.582, loss_id: 1.275, loss_triplet: 0.141, loss_camera_triplet: 0.000, loss_cross_camera_positive: 0.390, loss_pcc: 0.495, cross_camera_positive_count: 62.6, Acc: 0.982, Base Lr: 3.50e-04
2026-08-15 13:19:10,020 reid_baseline.train INFO: Soft Alignment Batch - Epoch: 21 Iteration: 180 soft_alignment_loss: 0.500095 valid_alignment_pair_count: 75 mean_soft_path_cost: 5.501045 alignment_temperature: 0.1
2026-08-15 13:19:10,866 reid_baseline.train INFO: EPOCH_EVIDENCE epoch=21 global_iteration=3906 epoch_length=186
2026-08-15 13:19:10,867 reid_baseline.train INFO: Soft Alignment Epoch Summary - Epoch: 21 soft_alignment_loss: 0.488787 valid_alignment_pair_count: 13784 mean_soft_path_cost: 5.376662 alignment_temperature: 0.1
2026-08-15 13:19:10,867 reid_baseline.train INFO: Epoch 21 done. Time per batch: 24.545[s] Speed: 485.0[samples/s]
2026-08-15 13:19:10,867 reid_baseline.train INFO: ----------
2026-08-15 13:19:13,755 reid_baseline.train INFO: Epoch[22] Iteration[20/186] loss_total: 1.579, loss_id: 1.273, loss_triplet: 0.139, loss_camera_triplet: 0.000, loss_cross_camera_positive: 0.391, loss_pcc: 0.498, cross_camera_positive_count: 62.9, Acc: 0.982, Base Lr: 3.50e-04
2026-08-15 13:19:13,756 reid_baseline.train INFO: Soft Alignment Batch - Epoch: 22 Iteration: 20 soft_alignment_loss: 0.459601 valid_alignment_pair_count: 64 mean_soft_path_cost: 5.055614 alignment_temperature: 0.1
2026-08-15 13:19:16,557 reid_baseline.train INFO: Epoch[22] Iteration[40/186] loss_total: 1.583, loss_id: 1.274, loss_triplet: 0.143, loss_camera_triplet: 0.000, loss_cross_camera_positive: 0.389, loss_pcc: 0.493, cross_camera_positive_count: 63.0, Acc: 0.982, Base Lr: 3.50e-04
2026-08-15 13:19:16,558 reid_baseline.train INFO: Soft Alignment Batch - Epoch: 22 Iteration: 40 soft_alignment_loss: 0.502618 valid_alignment_pair_count: 74 mean_soft_path_cost: 5.528799 alignment_temperature: 0.1
2026-08-15 13:19:19,321 reid_baseline.train INFO: Epoch[22] Iteration[60/186] loss_total: 1.585, loss_id: 1.273, loss_triplet: 0.147, loss_camera_triplet: 0.000, loss_cross_camera_positive: 0.388, loss_pcc: 0.490, cross_camera_positive_count: 62.8, Acc: 0.981, Base Lr: 3.50e-04
2026-08-15 13:19:19,321 reid_baseline.train INFO: Soft Alignment Batch - Epoch: 22 Iteration: 60 soft_alignment_loss: 0.496689 valid_alignment_pair_count: 74 mean_soft_path_cost: 5.463582 alignment_temperature: 0.1
2026-08-15 13:19:22,176 reid_baseline.train INFO: Epoch[22] Iteration[80/186] loss_total: 1.576, loss_id: 1.268, loss_triplet: 0.146, loss_camera_triplet: 0.000, loss_cross_camera_positive: 0.382, loss_pcc: 0.484, cross_camera_positive_count: 63.0, Acc: 0.981, Base Lr: 3.50e-04
2026-08-15 13:19:22,176 reid_baseline.train INFO: Soft Alignment Batch - Epoch: 22 Iteration: 80 soft_alignment_loss: 0.464980 valid_alignment_pair_count: 75 mean_soft_path_cost: 5.114784 alignment_temperature: 0.1
2026-08-15 13:19:25,007 reid_baseline.train INFO: Epoch[22] Iteration[100/186] loss_total: 1.555, loss_id: 1.257, loss_triplet: 0.138, loss_camera_triplet: 0.000, loss_cross_camera_positive: 0.373, loss_pcc: 0.476, cross_camera_positive_count: 62.8, Acc: 0.982, Base Lr: 3.50e-04
2026-08-15 13:19:25,007 reid_baseline.train INFO: Soft Alignment Batch - Epoch: 22 Iteration: 100 soft_alignment_loss: 0.444828 valid_alignment_pair_count: 79 mean_soft_path_cost: 4.893107 alignment_temperature: 0.1
2026-08-15 13:19:27,840 reid_baseline.train INFO: Epoch[22] Iteration[120/186] loss_total: 1.536, loss_id: 1.243, loss_triplet: 0.136, loss_camera_triplet: 0.000, loss_cross_camera_positive: 0.369, loss_pcc: 0.469, cross_camera_positive_count: 62.3, Acc: 0.983, Base Lr: 3.50e-04
2026-08-15 13:19:27,840 reid_baseline.train INFO: Soft Alignment Batch - Epoch: 22 Iteration: 120 soft_alignment_loss: 0.456983 valid_alignment_pair_count: 65 mean_soft_path_cost: 5.026809 alignment_temperature: 0.1
2026-08-15 13:19:31,030 reid_baseline.train INFO: Epoch[22] Iteration[140/186] loss_total: 1.559, loss_id: 1.259, loss_triplet: 0.138, loss_camera_triplet: 0.000, loss_cross_camera_positive: 0.379, loss_pcc: 0.486, cross_camera_positive_count: 62.4, Acc: 0.983, Base Lr: 3.50e-04
2026-08-15 13:19:31,030 reid_baseline.train INFO: Soft Alignment Batch - Epoch: 22 Iteration: 140 soft_alignment_loss: 0.563150 valid_alignment_pair_count: 82 mean_soft_path_cost: 6.194649 alignment_temperature: 0.1
2026-08-15 13:19:33,779 reid_baseline.train INFO: Epoch[22] Iteration[160/186] loss_total: 1.573, loss_id: 1.269, loss_triplet: 0.140, loss_camera_triplet: 0.000, loss_cross_camera_positive: 0.383, loss_pcc: 0.493, cross_camera_positive_count: 62.7, Acc: 0.982, Base Lr: 3.50e-04
2026-08-15 13:19:33,779 reid_baseline.train INFO: Soft Alignment Batch - Epoch: 22 Iteration: 160 soft_alignment_loss: 0.517165 valid_alignment_pair_count: 76 mean_soft_path_cost: 5.688816 alignment_temperature: 0.1
2026-08-15 13:19:36,538 reid_baseline.train INFO: Epoch[22] Iteration[180/186] loss_total: 1.571, loss_id: 1.267, loss_triplet: 0.136, loss_camera_triplet: 0.000, loss_cross_camera_positive: 0.391, loss_pcc: 0.503, cross_camera_positive_count: 62.3, Acc: 0.983, Base Lr: 3.50e-04
2026-08-15 13:19:36,538 reid_baseline.train INFO: Soft Alignment Batch - Epoch: 22 Iteration: 180 soft_alignment_loss: 0.519226 valid_alignment_pair_count: 74 mean_soft_path_cost: 5.711483 alignment_temperature: 0.1
2026-08-15 13:19:37,353 reid_baseline.train INFO: EPOCH_EVIDENCE epoch=22 global_iteration=4092 epoch_length=186
2026-08-15 13:19:37,353 reid_baseline.train INFO: Soft Alignment Epoch Summary - Epoch: 22 soft_alignment_loss: 0.489311 valid_alignment_pair_count: 13767 mean_soft_path_cost: 5.382419 alignment_temperature: 0.1
2026-08-15 13:19:37,353 reid_baseline.train INFO: Epoch 22 done. Time per batch: 24.855[s] Speed: 478.9[samples/s]
2026-08-15 13:19:37,353 reid_baseline.train INFO: ----------
2026-08-15 13:19:40,085 reid_baseline.train INFO: Epoch[23] Iteration[20/186] loss_total: 1.582, loss_id: 1.274, loss_triplet: 0.142, loss_camera_triplet: 0.000, loss_cross_camera_positive: 0.390, loss_pcc: 0.497, cross_camera_positive_count: 62.4, Acc: 0.980, Base Lr: 3.50e-04
2026-08-15 13:19:40,085 reid_baseline.train INFO: Soft Alignment Batch - Epoch: 23 Iteration: 20 soft_alignment_loss: 0.522848 valid_alignment_pair_count: 75 mean_soft_path_cost: 5.751323 alignment_temperature: 0.1
2026-08-15 13:19:42,839 reid_baseline.train INFO: Epoch[23] Iteration[40/186] loss_total: 1.570, loss_id: 1.268, loss_triplet: 0.137, loss_camera_triplet: 0.000, loss_cross_camera_positive: 0.384, loss_pcc: 0.489, cross_camera_positive_count: 62.6, Acc: 0.981, Base Lr: 3.50e-04
2026-08-15 13:19:42,840 reid_baseline.train INFO: Soft Alignment Batch - Epoch: 23 Iteration: 40 soft_alignment_loss: 0.489460 valid_alignment_pair_count: 72 mean_soft_path_cost: 5.384063 alignment_temperature: 0.1
2026-08-15 13:19:45,521 reid_baseline.train INFO: Epoch[23] Iteration[60/186] loss_total: 1.558, loss_id: 1.258, loss_triplet: 0.137, loss_camera_triplet: 0.000, loss_cross_camera_positive: 0.381, loss_pcc: 0.484, cross_camera_positive_count: 62.6, Acc: 0.983, Base Lr: 3.50e-04
2026-08-15 13:19:45,521 reid_baseline.train INFO: Soft Alignment Batch - Epoch: 23 Iteration: 60 soft_alignment_loss: 0.471523 valid_alignment_pair_count: 75 mean_soft_path_cost: 5.186755 alignment_temperature: 0.1
2026-08-15 13:19:48,265 reid_baseline.train INFO: Epoch[23] Iteration[80/186] loss_total: 1.551, loss_id: 1.254, loss_triplet: 0.136, loss_camera_triplet: 0.000, loss_cross_camera_positive: 0.378, loss_pcc: 0.478, cross_camera_positive_count: 62.2, Acc: 0.984, Base Lr: 3.50e-04
2026-08-15 13:19:48,265 reid_baseline.train INFO: Soft Alignment Batch - Epoch: 23 Iteration: 80 soft_alignment_loss: 0.448303 valid_alignment_pair_count: 61 mean_soft_path_cost: 4.931332 alignment_temperature: 0.1
2026-08-15 13:19:50,977 reid_baseline.train INFO: Epoch[23] Iteration[100/186] loss_total: 1.527, loss_id: 1.239, loss_triplet: 0.130, loss_camera_triplet: 0.000, loss_cross_camera_positive: 0.371, loss_pcc: 0.472, cross_camera_positive_count: 62.3, Acc: 0.987, Base Lr: 3.50e-04
2026-08-15 13:19:50,977 reid_baseline.train INFO: Soft Alignment Batch - Epoch: 23 Iteration: 100 soft_alignment_loss: 0.454438 valid_alignment_pair_count: 69 mean_soft_path_cost: 4.998823 alignment_temperature: 0.1
2026-08-15 13:19:53,678 reid_baseline.train INFO: Epoch[23] Iteration[120/186] loss_total: 1.526, loss_id: 1.231, loss_triplet: 0.137, loss_camera_triplet: 0.000, loss_cross_camera_positive: 0.369, loss_pcc: 0.464, cross_camera_positive_count: 62.6, Acc: 0.988, Base Lr: 3.50e-04
2026-08-15 13:19:53,678 reid_baseline.train INFO: Soft Alignment Batch - Epoch: 23 Iteration: 120 soft_alignment_loss: 0.439556 valid_alignment_pair_count: 81 mean_soft_path_cost: 4.835117 alignment_temperature: 0.1
2026-08-15 13:19:56,951 reid_baseline.train INFO: Epoch[23] Iteration[140/186] loss_total: 1.548, loss_id: 1.248, loss_triplet: 0.139, loss_camera_triplet: 0.000, loss_cross_camera_positive: 0.379, loss_pcc: 0.478, cross_camera_positive_count: 62.5, Acc: 0.986, Base Lr: 3.50e-04
2026-08-15 13:19:56,951 reid_baseline.train INFO: Soft Alignment Batch - Epoch: 23 Iteration: 140 soft_alignment_loss: 0.512193 valid_alignment_pair_count: 74 mean_soft_path_cost: 5.634128 alignment_temperature: 0.1
2026-08-15 13:19:59,648 reid_baseline.train INFO: Epoch[23] Iteration[160/186] loss_total: 1.551, loss_id: 1.251, loss_triplet: 0.138, loss_camera_triplet: 0.000, loss_cross_camera_positive: 0.379, loss_pcc: 0.480, cross_camera_positive_count: 62.4, Acc: 0.987, Base Lr: 3.50e-04
2026-08-15 13:19:59,648 reid_baseline.train INFO: Soft Alignment Batch - Epoch: 23 Iteration: 160 soft_alignment_loss: 0.499753 valid_alignment_pair_count: 75 mean_soft_path_cost: 5.497278 alignment_temperature: 0.1
2026-08-15 13:20:02,420 reid_baseline.train INFO: Epoch[23] Iteration[180/186] loss_total: 1.553, loss_id: 1.254, loss_triplet: 0.135, loss_camera_triplet: 0.000, loss_cross_camera_positive: 0.382, loss_pcc: 0.485, cross_camera_positive_count: 62.5, Acc: 0.985, Base Lr: 3.50e-04
2026-08-15 13:20:02,420 reid_baseline.train INFO: Soft Alignment Batch - Epoch: 23 Iteration: 180 soft_alignment_loss: 0.501580 valid_alignment_pair_count: 83 mean_soft_path_cost: 5.517379 alignment_temperature: 0.1
2026-08-15 13:20:03,212 reid_baseline.train INFO: EPOCH_EVIDENCE epoch=23 global_iteration=4278 epoch_length=186
2026-08-15 13:20:03,212 reid_baseline.train INFO: Soft Alignment Epoch Summary - Epoch: 23 soft_alignment_loss: 0.478074 valid_alignment_pair_count: 13785 mean_soft_path_cost: 5.258812 alignment_temperature: 0.1
2026-08-15 13:20:03,213 reid_baseline.train INFO: Epoch 23 done. Time per batch: 24.238[s] Speed: 491.1[samples/s]
2026-08-15 13:20:03,213 reid_baseline.train INFO: ----------
2026-08-15 13:20:05,973 reid_baseline.train INFO: Epoch[24] Iteration[20/186] loss_total: 1.551, loss_id: 1.253, loss_triplet: 0.134, loss_camera_triplet: 0.000, loss_cross_camera_positive: 0.385, loss_pcc: 0.488, cross_camera_positive_count: 62.4, Acc: 0.984, Base Lr: 3.50e-04
2026-08-15 13:20:05,974 reid_baseline.train INFO: Soft Alignment Batch - Epoch: 24 Iteration: 20 soft_alignment_loss: 0.480005 valid_alignment_pair_count: 79 mean_soft_path_cost: 5.280051 alignment_temperature: 0.1
2026-08-15 13:20:08,754 reid_baseline.train INFO: Epoch[24] Iteration[40/186] loss_total: 1.553, loss_id: 1.255, loss_triplet: 0.134, loss_camera_triplet: 0.000, loss_cross_camera_positive: 0.384, loss_pcc: 0.486, cross_camera_positive_count: 62.7, Acc: 0.983, Base Lr: 3.50e-04
2026-08-15 13:20:08,754 reid_baseline.train INFO: Soft Alignment Batch - Epoch: 24 Iteration: 40 soft_alignment_loss: 0.480715 valid_alignment_pair_count: 75 mean_soft_path_cost: 5.287867 alignment_temperature: 0.1
2026-08-15 13:20:11,403 reid_baseline.train INFO: Epoch[24] Iteration[60/186] loss_total: 1.555, loss_id: 1.253, loss_triplet: 0.140, loss_camera_triplet: 0.000, loss_cross_camera_positive: 0.381, loss_pcc: 0.482, cross_camera_positive_count: 62.8, Acc: 0.983, Base Lr: 3.50e-04
2026-08-15 13:20:11,403 reid_baseline.train INFO: Soft Alignment Batch - Epoch: 24 Iteration: 60 soft_alignment_loss: 0.477171 valid_alignment_pair_count: 78 mean_soft_path_cost: 5.248877 alignment_temperature: 0.1
2026-08-15 13:20:14,185 reid_baseline.train INFO: Epoch[24] Iteration[80/186] loss_total: 1.540, loss_id: 1.245, loss_triplet: 0.134, loss_camera_triplet: 0.000, loss_cross_camera_positive: 0.378, loss_pcc: 0.477, cross_camera_positive_count: 63.1, Acc: 0.983, Base Lr: 3.50e-04
2026-08-15 13:20:14,185 reid_baseline.train INFO: Soft Alignment Batch - Epoch: 24 Iteration: 80 soft_alignment_loss: 0.492605 valid_alignment_pair_count: 80 mean_soft_path_cost: 5.418653 alignment_temperature: 0.1
2026-08-15 13:20:16,929 reid_baseline.train INFO: Epoch[24] Iteration[100/186] loss_total: 1.528, loss_id: 1.238, loss_triplet: 0.130, loss_camera_triplet: 0.000, loss_cross_camera_positive: 0.376, loss_pcc: 0.477, cross_camera_positive_count: 62.8, Acc: 0.984, Base Lr: 3.50e-04
2026-08-15 13:20:16,929 reid_baseline.train INFO: Soft Alignment Batch - Epoch: 24 Iteration: 100 soft_alignment_loss: 0.443698 valid_alignment_pair_count: 74 mean_soft_path_cost: 4.880673 alignment_temperature: 0.1
2026-08-15 13:20:20,158 reid_baseline.train INFO: Epoch[24] Iteration[120/186] loss_total: 1.517, loss_id: 1.234, loss_triplet: 0.127, loss_camera_triplet: 0.000, loss_cross_camera_positive: 0.365, loss_pcc: 0.464, cross_camera_positive_count: 62.5, Acc: 0.984, Base Lr: 3.50e-04
2026-08-15 13:20:20,158 reid_baseline.train INFO: Soft Alignment Batch - Epoch: 24 Iteration: 120 soft_alignment_loss: 0.415624 valid_alignment_pair_count: 65 mean_soft_path_cost: 4.571866 alignment_temperature: 0.1
2026-08-15 13:20:22,953 reid_baseline.train INFO: Epoch[24] Iteration[140/186] loss_total: 1.548, loss_id: 1.250, loss_triplet: 0.132, loss_camera_triplet: 0.000, loss_cross_camera_positive: 0.388, loss_pcc: 0.494, cross_camera_positive_count: 62.9, Acc: 0.983, Base Lr: 3.50e-04
2026-08-15 13:20:22,953 reid_baseline.train INFO: Soft Alignment Batch - Epoch: 24 Iteration: 140 soft_alignment_loss: 0.490488 valid_alignment_pair_count: 77 mean_soft_path_cost: 5.395368 alignment_temperature: 0.1
2026-08-15 13:20:25,741 reid_baseline.train INFO: Epoch[24] Iteration[160/186] loss_total: 1.557, loss_id: 1.256, loss_triplet: 0.136, loss_camera_triplet: 0.000, loss_cross_camera_positive: 0.388, loss_pcc: 0.494, cross_camera_positive_count: 62.4, Acc: 0.985, Base Lr: 3.50e-04
2026-08-15 13:20:25,742 reid_baseline.train INFO: Soft Alignment Batch - Epoch: 24 Iteration: 160 soft_alignment_loss: 0.512558 valid_alignment_pair_count: 68 mean_soft_path_cost: 5.638139 alignment_temperature: 0.1
2026-08-15 13:20:28,526 reid_baseline.train INFO: Epoch[24] Iteration[180/186] loss_total: 1.565, loss_id: 1.263, loss_triplet: 0.136, loss_camera_triplet: 0.000, loss_cross_camera_positive: 0.387, loss_pcc: 0.492, cross_camera_positive_count: 62.1, Acc: 0.984, Base Lr: 3.50e-04
2026-08-15 13:20:28,526 reid_baseline.train INFO: Soft Alignment Batch - Epoch: 24 Iteration: 180 soft_alignment_loss: 0.485615 valid_alignment_pair_count: 72 mean_soft_path_cost: 5.341765 alignment_temperature: 0.1
2026-08-15 13:20:29,342 reid_baseline.train INFO: EPOCH_EVIDENCE epoch=24 global_iteration=4464 epoch_length=186
2026-08-15 13:20:29,343 reid_baseline.train INFO: Soft Alignment Epoch Summary - Epoch: 24 soft_alignment_loss: 0.486089 valid_alignment_pair_count: 13733 mean_soft_path_cost: 5.346977 alignment_temperature: 0.1
2026-08-15 13:20:29,343 reid_baseline.train INFO: Epoch 24 done. Time per batch: 24.536[s] Speed: 485.2[samples/s]
2026-08-15 13:20:29,343 reid_baseline.train INFO: ----------
2026-08-15 13:20:32,121 reid_baseline.train INFO: Epoch[25] Iteration[20/186] loss_total: 1.562, loss_id: 1.264, loss_triplet: 0.131, loss_camera_triplet: 0.000, loss_cross_camera_positive: 0.388, loss_pcc: 0.495, cross_camera_positive_count: 62.4, Acc: 0.982, Base Lr: 3.50e-04
2026-08-15 13:20:32,121 reid_baseline.train INFO: Soft Alignment Batch - Epoch: 25 Iteration: 20 soft_alignment_loss: 0.522372 valid_alignment_pair_count: 77 mean_soft_path_cost: 5.746094 alignment_temperature: 0.1
2026-08-15 13:20:34,909 reid_baseline.train INFO: Epoch[25] Iteration[40/186] loss_total: 1.559, loss_id: 1.261, loss_triplet: 0.132, loss_camera_triplet: 0.000, loss_cross_camera_positive: 0.389, loss_pcc: 0.498, cross_camera_positive_count: 62.4, Acc: 0.982, Base Lr: 3.50e-04
2026-08-15 13:20:34,909 reid_baseline.train INFO: Soft Alignment Batch - Epoch: 25 Iteration: 40 soft_alignment_loss: 0.495448 valid_alignment_pair_count: 74 mean_soft_path_cost: 5.449923 alignment_temperature: 0.1
2026-08-15 13:20:37,688 reid_baseline.train INFO: Epoch[25] Iteration[60/186] loss_total: 1.550, loss_id: 1.252, loss_triplet: 0.132, loss_camera_triplet: 0.000, loss_cross_camera_positive: 0.387, loss_pcc: 0.496, cross_camera_positive_count: 62.5, Acc: 0.984, Base Lr: 3.50e-04
2026-08-15 13:20:37,688 reid_baseline.train INFO: Soft Alignment Batch - Epoch: 25 Iteration: 60 soft_alignment_loss: 0.503482 valid_alignment_pair_count: 73 mean_soft_path_cost: 5.538300 alignment_temperature: 0.1
2026-08-15 13:20:40,479 reid_baseline.train INFO: Epoch[25] Iteration[80/186] loss_total: 1.544, loss_id: 1.248, loss_triplet: 0.133, loss_camera_triplet: 0.000, loss_cross_camera_positive: 0.382, loss_pcc: 0.489, cross_camera_positive_count: 62.6, Acc: 0.985, Base Lr: 3.50e-04
2026-08-15 13:20:40,479 reid_baseline.train INFO: Soft Alignment Batch - Epoch: 25 Iteration: 80 soft_alignment_loss: 0.462439 valid_alignment_pair_count: 82 mean_soft_path_cost: 5.086832 alignment_temperature: 0.1
2026-08-15 13:20:43,215 reid_baseline.train INFO: Epoch[25] Iteration[100/186] loss_total: 1.530, loss_id: 1.238, loss_triplet: 0.132, loss_camera_triplet: 0.000, loss_cross_camera_positive: 0.375, loss_pcc: 0.477, cross_camera_positive_count: 62.5, Acc: 0.985, Base Lr: 3.50e-04
2026-08-15 13:20:43,215 reid_baseline.train INFO: Soft Alignment Batch - Epoch: 25 Iteration: 100 soft_alignment_loss: 0.446065 valid_alignment_pair_count: 74 mean_soft_path_cost: 4.906715 alignment_temperature: 0.1
2026-08-15 13:20:46,401 reid_baseline.train INFO: Epoch[25] Iteration[120/186] loss_total: 1.531, loss_id: 1.240, loss_triplet: 0.134, loss_camera_triplet: 0.000, loss_cross_camera_positive: 0.367, loss_pcc: 0.463, cross_camera_positive_count: 62.5, Acc: 0.986, Base Lr: 3.50e-04
2026-08-15 13:20:46,401 reid_baseline.train INFO: Soft Alignment Batch - Epoch: 25 Iteration: 120 soft_alignment_loss: 0.485520 valid_alignment_pair_count: 69 mean_soft_path_cost: 5.340717 alignment_temperature: 0.1
2026-08-15 13:20:49,159 reid_baseline.train INFO: Epoch[25] Iteration[140/186] loss_total: 1.562, loss_id: 1.255, loss_triplet: 0.144, loss_camera_triplet: 0.000, loss_cross_camera_positive: 0.382, loss_pcc: 0.484, cross_camera_positive_count: 62.8, Acc: 0.984, Base Lr: 3.50e-04
2026-08-15 13:20:49,159 reid_baseline.train INFO: Soft Alignment Batch - Epoch: 25 Iteration: 140 soft_alignment_loss: 0.471271 valid_alignment_pair_count: 80 mean_soft_path_cost: 5.183978 alignment_temperature: 0.1
2026-08-15 13:20:51,950 reid_baseline.train INFO: Epoch[25] Iteration[160/186] loss_total: 1.565, loss_id: 1.259, loss_triplet: 0.143, loss_camera_triplet: 0.000, loss_cross_camera_positive: 0.383, loss_pcc: 0.487, cross_camera_positive_count: 62.8, Acc: 0.985, Base Lr: 3.50e-04
2026-08-15 13:20:51,950 reid_baseline.train INFO: Soft Alignment Batch - Epoch: 25 Iteration: 160 soft_alignment_loss: 0.481384 valid_alignment_pair_count: 67 mean_soft_path_cost: 5.295229 alignment_temperature: 0.1
2026-08-15 13:20:54,711 reid_baseline.train INFO: Epoch[25] Iteration[180/186] loss_total: 1.566, loss_id: 1.265, loss_triplet: 0.138, loss_camera_triplet: 0.000, loss_cross_camera_positive: 0.382, loss_pcc: 0.483, cross_camera_positive_count: 62.5, Acc: 0.982, Base Lr: 3.50e-04
2026-08-15 13:20:54,711 reid_baseline.train INFO: Soft Alignment Batch - Epoch: 25 Iteration: 180 soft_alignment_loss: 0.469132 valid_alignment_pair_count: 76 mean_soft_path_cost: 5.160451 alignment_temperature: 0.1
2026-08-15 13:20:55,543 reid_baseline.train INFO: EPOCH_EVIDENCE epoch=25 global_iteration=4650 epoch_length=186
2026-08-15 13:20:55,544 reid_baseline.train INFO: Soft Alignment Epoch Summary - Epoch: 25 soft_alignment_loss: 0.483367 valid_alignment_pair_count: 13716 mean_soft_path_cost: 5.317031 alignment_temperature: 0.1
2026-08-15 13:20:55,544 reid_baseline.train INFO: Epoch 25 done. Time per batch: 24.678[s] Speed: 482.4[samples/s]
2026-08-15 13:20:55,544 reid_baseline.train INFO: ----------
2026-08-15 13:20:58,298 reid_baseline.train INFO: Epoch[26] Iteration[20/186] loss_total: 1.567, loss_id: 1.269, loss_triplet: 0.135, loss_camera_triplet: 0.000, loss_cross_camera_positive: 0.383, loss_pcc: 0.480, cross_camera_positive_count: 62.5, Acc: 0.979, Base Lr: 3.50e-04
2026-08-15 13:20:58,298 reid_baseline.train INFO: Soft Alignment Batch - Epoch: 26 Iteration: 20 soft_alignment_loss: 0.510333 valid_alignment_pair_count: 71 mean_soft_path_cost: 5.613657 alignment_temperature: 0.1
2026-08-15 13:21:01,074 reid_baseline.train INFO: Epoch[26] Iteration[40/186] loss_total: 1.574, loss_id: 1.273, loss_triplet: 0.136, loss_camera_triplet: 0.000, loss_cross_camera_positive: 0.388, loss_pcc: 0.486, cross_camera_positive_count: 62.4, Acc: 0.979, Base Lr: 3.50e-04
2026-08-15 13:21:01,074 reid_baseline.train INFO: Soft Alignment Batch - Epoch: 26 Iteration: 40 soft_alignment_loss: 0.484368 valid_alignment_pair_count: 81 mean_soft_path_cost: 5.328050 alignment_temperature: 0.1
2026-08-15 13:21:03,836 reid_baseline.train INFO: Epoch[26] Iteration[60/186] loss_total: 1.568, loss_id: 1.267, loss_triplet: 0.136, loss_camera_triplet: 0.000, loss_cross_camera_positive: 0.388, loss_pcc: 0.485, cross_camera_positive_count: 62.8, Acc: 0.981, Base Lr: 3.50e-04
2026-08-15 13:21:03,836 reid_baseline.train INFO: Soft Alignment Batch - Epoch: 26 Iteration: 60 soft_alignment_loss: 0.470007 valid_alignment_pair_count: 79 mean_soft_path_cost: 5.170078 alignment_temperature: 0.1
2026-08-15 13:21:06,574 reid_baseline.train INFO: Epoch[26] Iteration[80/186] loss_total: 1.545, loss_id: 1.253, loss_triplet: 0.131, loss_camera_triplet: 0.000, loss_cross_camera_positive: 0.376, loss_pcc: 0.474, cross_camera_positive_count: 62.9, Acc: 0.982, Base Lr: 3.50e-04
2026-08-15 13:21:06,574 reid_baseline.train INFO: Soft Alignment Batch - Epoch: 26 Iteration: 80 soft_alignment_loss: 0.460892 valid_alignment_pair_count: 76 mean_soft_path_cost: 5.069810 alignment_temperature: 0.1
2026-08-15 13:21:09,310 reid_baseline.train INFO: Epoch[26] Iteration[100/186] loss_total: 1.535, loss_id: 1.248, loss_triplet: 0.129, loss_camera_triplet: 0.000, loss_cross_camera_positive: 0.370, loss_pcc: 0.467, cross_camera_positive_count: 62.6, Acc: 0.983, Base Lr: 3.50e-04
2026-08-15 13:21:09,310 reid_baseline.train INFO: Soft Alignment Batch - Epoch: 26 Iteration: 100 soft_alignment_loss: 0.454553 valid_alignment_pair_count: 70 mean_soft_path_cost: 5.000077 alignment_temperature: 0.1
2026-08-15 13:21:12,599 reid_baseline.train INFO: Epoch[26] Iteration[120/186] loss_total: 1.537, loss_id: 1.249, loss_triplet: 0.133, loss_camera_triplet: 0.000, loss_cross_camera_positive: 0.366, loss_pcc: 0.459, cross_camera_positive_count: 62.9, Acc: 0.984, Base Lr: 3.50e-04
2026-08-15 13:21:12,600 reid_baseline.train INFO: Soft Alignment Batch - Epoch: 26 Iteration: 120 soft_alignment_loss: 0.552329 valid_alignment_pair_count: 78 mean_soft_path_cost: 6.075615 alignment_temperature: 0.1
2026-08-15 13:21:15,348 reid_baseline.train INFO: Epoch[26] Iteration[140/186] loss_total: 1.552, loss_id: 1.257, loss_triplet: 0.134, loss_camera_triplet: 0.000, loss_cross_camera_positive: 0.377, loss_pcc: 0.481, cross_camera_positive_count: 63.1, Acc: 0.984, Base Lr: 3.50e-04
2026-08-15 13:21:15,348 reid_baseline.train INFO: Soft Alignment Batch - Epoch: 26 Iteration: 140 soft_alignment_loss: 0.478508 valid_alignment_pair_count: 75 mean_soft_path_cost: 5.263593 alignment_temperature: 0.1
2026-08-15 13:21:18,092 reid_baseline.train INFO: Epoch[26] Iteration[160/186] loss_total: 1.557, loss_id: 1.257, loss_triplet: 0.137, loss_camera_triplet: 0.000, loss_cross_camera_positive: 0.381, loss_pcc: 0.487, cross_camera_positive_count: 62.9, Acc: 0.985, Base Lr: 3.50e-04
2026-08-15 13:21:18,092 reid_baseline.train INFO: Soft Alignment Batch - Epoch: 26 Iteration: 160 soft_alignment_loss: 0.473624 valid_alignment_pair_count: 73 mean_soft_path_cost: 5.209859 alignment_temperature: 0.1
2026-08-15 13:21:20,821 reid_baseline.train INFO: Epoch[26] Iteration[180/186] loss_total: 1.548, loss_id: 1.250, loss_triplet: 0.134, loss_camera_triplet: 0.000, loss_cross_camera_positive: 0.385, loss_pcc: 0.487, cross_camera_positive_count: 62.6, Acc: 0.987, Base Lr: 3.50e-04
2026-08-15 13:21:20,821 reid_baseline.train INFO: Soft Alignment Batch - Epoch: 26 Iteration: 180 soft_alignment_loss: 0.498835 valid_alignment_pair_count: 76 mean_soft_path_cost: 5.487180 alignment_temperature: 0.1
2026-08-15 13:21:21,640 reid_baseline.train INFO: EPOCH_EVIDENCE epoch=26 global_iteration=4836 epoch_length=186
2026-08-15 13:21:21,641 reid_baseline.train INFO: Soft Alignment Epoch Summary - Epoch: 26 soft_alignment_loss: 0.480246 valid_alignment_pair_count: 13863 mean_soft_path_cost: 5.282702 alignment_temperature: 0.1
2026-08-15 13:21:21,641 reid_baseline.train INFO: Epoch 26 done. Time per batch: 24.483[s] Speed: 486.2[samples/s]
2026-08-15 13:21:21,641 reid_baseline.train INFO: ----------
2026-08-15 13:21:24,403 reid_baseline.train INFO: Epoch[27] Iteration[20/186] loss_total: 1.534, loss_id: 1.243, loss_triplet: 0.128, loss_camera_triplet: 0.000, loss_cross_camera_positive: 0.381, loss_pcc: 0.481, cross_camera_positive_count: 62.5, Acc: 0.986, Base Lr: 3.50e-04
2026-08-15 13:21:24,404 reid_baseline.train INFO: Soft Alignment Batch - Epoch: 27 Iteration: 20 soft_alignment_loss: 0.488606 valid_alignment_pair_count: 69 mean_soft_path_cost: 5.374665 alignment_temperature: 0.1
2026-08-15 13:21:27,121 reid_baseline.train INFO: Epoch[27] Iteration[40/186] loss_total: 1.530, loss_id: 1.240, loss_triplet: 0.129, loss_camera_triplet: 0.000, loss_cross_camera_positive: 0.378, loss_pcc: 0.475, cross_camera_positive_count: 62.2, Acc: 0.984, Base Lr: 3.50e-04
2026-08-15 13:21:27,121 reid_baseline.train INFO: Soft Alignment Batch - Epoch: 27 Iteration: 40 soft_alignment_loss: 0.429279 valid_alignment_pair_count: 72 mean_soft_path_cost: 4.722071 alignment_temperature: 0.1
2026-08-15 13:21:29,852 reid_baseline.train INFO: Epoch[27] Iteration[60/186] loss_total: 1.510, loss_id: 1.229, loss_triplet: 0.122, loss_camera_triplet: 0.000, loss_cross_camera_positive: 0.373, loss_pcc: 0.471, cross_camera_positive_count: 62.3, Acc: 0.987, Base Lr: 3.50e-04
2026-08-15 13:21:29,852 reid_baseline.train INFO: Soft Alignment Batch - Epoch: 27 Iteration: 60 soft_alignment_loss: 0.444214 valid_alignment_pair_count: 75 mean_soft_path_cost: 4.886359 alignment_temperature: 0.1
2026-08-15 13:21:32,586 reid_baseline.train INFO: Epoch[27] Iteration[80/186] loss_total: 1.500, loss_id: 1.221, loss_triplet: 0.121, loss_camera_triplet: 0.000, loss_cross_camera_positive: 0.370, loss_pcc: 0.466, cross_camera_positive_count: 62.5, Acc: 0.988, Base Lr: 3.50e-04
2026-08-15 13:21:32,586 reid_baseline.train INFO: Soft Alignment Batch - Epoch: 27 Iteration: 80 soft_alignment_loss: 0.449321 valid_alignment_pair_count: 78 mean_soft_path_cost: 4.942529 alignment_temperature: 0.1
2026-08-15 13:21:35,312 reid_baseline.train INFO: Epoch[27] Iteration[100/186] loss_total: 1.495, loss_id: 1.217, loss_triplet: 0.124, loss_camera_triplet: 0.000, loss_cross_camera_positive: 0.363, loss_pcc: 0.458, cross_camera_positive_count: 62.7, Acc: 0.988, Base Lr: 3.50e-04
2026-08-15 13:21:35,312 reid_baseline.train INFO: Soft Alignment Batch - Epoch: 27 Iteration: 100 soft_alignment_loss: 0.449943 valid_alignment_pair_count: 75 mean_soft_path_cost: 4.949373 alignment_temperature: 0.1
2026-08-15 13:21:38,575 reid_baseline.train INFO: Epoch[27] Iteration[120/186] loss_total: 1.518, loss_id: 1.234, loss_triplet: 0.125, loss_camera_triplet: 0.000, loss_cross_camera_positive: 0.373, loss_pcc: 0.467, cross_camera_positive_count: 62.6, Acc: 0.988, Base Lr: 3.50e-04
2026-08-15 13:21:38,575 reid_baseline.train INFO: Soft Alignment Batch - Epoch: 27 Iteration: 120 soft_alignment_loss: 0.691778 valid_alignment_pair_count: 72 mean_soft_path_cost: 7.609551 alignment_temperature: 0.1
2026-08-15 13:21:41,359 reid_baseline.train INFO: Epoch[27] Iteration[140/186] loss_total: 1.542, loss_id: 1.246, loss_triplet: 0.132, loss_camera_triplet: 0.000, loss_cross_camera_positive: 0.384, loss_pcc: 0.486, cross_camera_positive_count: 62.5, Acc: 0.988, Base Lr: 3.50e-04
2026-08-15 13:21:41,359 reid_baseline.train INFO: Soft Alignment Batch - Epoch: 27 Iteration: 140 soft_alignment_loss: 0.484970 valid_alignment_pair_count: 78 mean_soft_path_cost: 5.334671 alignment_temperature: 0.1
2026-08-15 13:21:44,106 reid_baseline.train INFO: Epoch[27] Iteration[160/186] loss_total: 1.552, loss_id: 1.252, loss_triplet: 0.135, loss_camera_triplet: 0.000, loss_cross_camera_positive: 0.385, loss_pcc: 0.487, cross_camera_positive_count: 62.5, Acc: 0.987, Base Lr: 3.50e-04
2026-08-15 13:21:44,106 reid_baseline.train INFO: Soft Alignment Batch - Epoch: 27 Iteration: 160 soft_alignment_loss: 0.513210 valid_alignment_pair_count: 73 mean_soft_path_cost: 5.645308 alignment_temperature: 0.1
2026-08-15 13:21:46,862 reid_baseline.train INFO: Epoch[27] Iteration[180/186] loss_total: 1.551, loss_id: 1.253, loss_triplet: 0.134, loss_camera_triplet: 0.000, loss_cross_camera_positive: 0.385, loss_pcc: 0.487, cross_camera_positive_count: 62.6, Acc: 0.987, Base Lr: 3.50e-04
2026-08-15 13:21:46,863 reid_baseline.train INFO: Soft Alignment Batch - Epoch: 27 Iteration: 180 soft_alignment_loss: 0.456515 valid_alignment_pair_count: 77 mean_soft_path_cost: 5.021664 alignment_temperature: 0.1
2026-08-15 13:21:47,640 reid_baseline.train INFO: EPOCH_EVIDENCE epoch=27 global_iteration=5022 epoch_length=186
2026-08-15 13:21:47,640 reid_baseline.train INFO: Soft Alignment Epoch Summary - Epoch: 27 soft_alignment_loss: 0.475041 valid_alignment_pair_count: 13789 mean_soft_path_cost: 5.225451 alignment_temperature: 0.1
2026-08-15 13:21:47,640 reid_baseline.train INFO: Epoch 27 done. Time per batch: 24.411[s] Speed: 487.6[samples/s]
2026-08-15 13:21:47,640 reid_baseline.train INFO: ----------
2026-08-15 13:21:50,408 reid_baseline.train INFO: Epoch[28] Iteration[20/186] loss_total: 1.549, loss_id: 1.252, loss_triplet: 0.134, loss_camera_triplet: 0.000, loss_cross_camera_positive: 0.384, loss_pcc: 0.483, cross_camera_positive_count: 62.6, Acc: 0.987, Base Lr: 3.50e-04
2026-08-15 13:21:50,408 reid_baseline.train INFO: Soft Alignment Batch - Epoch: 28 Iteration: 20 soft_alignment_loss: 0.486893 valid_alignment_pair_count: 73 mean_soft_path_cost: 5.355819 alignment_temperature: 0.1
2026-08-15 13:21:53,173 reid_baseline.train INFO: Epoch[28] Iteration[40/186] loss_total: 1.550, loss_id: 1.257, loss_triplet: 0.131, loss_camera_triplet: 0.000, loss_cross_camera_positive: 0.379, loss_pcc: 0.478, cross_camera_positive_count: 62.6, Acc: 0.983, Base Lr: 3.50e-04
2026-08-15 13:21:53,173 reid_baseline.train INFO: Soft Alignment Batch - Epoch: 28 Iteration: 40 soft_alignment_loss: 0.454406 valid_alignment_pair_count: 76 mean_soft_path_cost: 4.998461 alignment_temperature: 0.1
2026-08-15 13:21:55,934 reid_baseline.train INFO: Epoch[28] Iteration[60/186] loss_total: 1.542, loss_id: 1.249, loss_triplet: 0.132, loss_camera_triplet: 0.000, loss_cross_camera_positive: 0.379, loss_pcc: 0.478, cross_camera_positive_count: 62.7, Acc: 0.984, Base Lr: 3.50e-04
2026-08-15 13:21:55,934 reid_baseline.train INFO: Soft Alignment Batch - Epoch: 28 Iteration: 60 soft_alignment_loss: 0.465365 valid_alignment_pair_count: 74 mean_soft_path_cost: 5.119013 alignment_temperature: 0.1
2026-08-15 13:21:58,687 reid_baseline.train INFO: Epoch[28] Iteration[80/186] loss_total: 1.530, loss_id: 1.240, loss_triplet: 0.130, loss_camera_triplet: 0.000, loss_cross_camera_positive: 0.374, loss_pcc: 0.472, cross_camera_positive_count: 62.5, Acc: 0.987, Base Lr: 3.50e-04
2026-08-15 13:21:58,687 reid_baseline.train INFO: Soft Alignment Batch - Epoch: 28 Iteration: 80 soft_alignment_loss: 0.446781 valid_alignment_pair_count: 80 mean_soft_path_cost: 4.914592 alignment_temperature: 0.1
2026-08-15 13:22:01,483 reid_baseline.train INFO: Epoch[28] Iteration[100/186] loss_total: 1.508, loss_id: 1.227, loss_triplet: 0.126, loss_camera_triplet: 0.000, loss_cross_camera_positive: 0.364, loss_pcc: 0.457, cross_camera_positive_count: 62.3, Acc: 0.987, Base Lr: 3.50e-04
2026-08-15 13:22:01,483 reid_baseline.train INFO: Soft Alignment Batch - Epoch: 28 Iteration: 100 soft_alignment_loss: 0.444516 valid_alignment_pair_count: 72 mean_soft_path_cost: 4.889678 alignment_temperature: 0.1
2026-08-15 13:22:04,844 reid_baseline.train INFO: Epoch[28] Iteration[120/186] loss_total: 1.536, loss_id: 1.247, loss_triplet: 0.126, loss_camera_triplet: 0.000, loss_cross_camera_positive: 0.381, loss_pcc: 0.481, cross_camera_positive_count: 62.3, Acc: 0.983, Base Lr: 3.50e-04
2026-08-15 13:22:04,844 reid_baseline.train INFO: Soft Alignment Batch - Epoch: 28 Iteration: 120 soft_alignment_loss: 0.638495 valid_alignment_pair_count: 70 mean_soft_path_cost: 7.023441 alignment_temperature: 0.1
2026-08-15 13:22:07,488 reid_baseline.train INFO: Epoch[28] Iteration[140/186] loss_total: 1.555, loss_id: 1.258, loss_triplet: 0.132, loss_camera_triplet: 0.000, loss_cross_camera_positive: 0.385, loss_pcc: 0.492, cross_camera_positive_count: 62.5, Acc: 0.983, Base Lr: 3.50e-04
2026-08-15 13:22:07,488 reid_baseline.train INFO: Soft Alignment Batch - Epoch: 28 Iteration: 140 soft_alignment_loss: 0.475514 valid_alignment_pair_count: 70 mean_soft_path_cost: 5.230651 alignment_temperature: 0.1
2026-08-15 13:22:10,181 reid_baseline.train INFO: Epoch[28] Iteration[160/186] loss_total: 1.547, loss_id: 1.256, loss_triplet: 0.127, loss_camera_triplet: 0.000, loss_cross_camera_positive: 0.384, loss_pcc: 0.493, cross_camera_positive_count: 62.1, Acc: 0.982, Base Lr: 3.50e-04
2026-08-15 13:22:10,181 reid_baseline.train INFO: Soft Alignment Batch - Epoch: 28 Iteration: 160 soft_alignment_loss: 0.507110 valid_alignment_pair_count: 73 mean_soft_path_cost: 5.578207 alignment_temperature: 0.1
2026-08-15 13:22:12,907 reid_baseline.train INFO: Epoch[28] Iteration[180/186] loss_total: 1.541, loss_id: 1.251, loss_triplet: 0.126, loss_camera_triplet: 0.000, loss_cross_camera_positive: 0.384, loss_pcc: 0.489, cross_camera_positive_count: 62.4, Acc: 0.984, Base Lr: 3.50e-04
2026-08-15 13:22:12,907 reid_baseline.train INFO: Soft Alignment Batch - Epoch: 28 Iteration: 180 soft_alignment_loss: 0.474679 valid_alignment_pair_count: 68 mean_soft_path_cost: 5.221467 alignment_temperature: 0.1
2026-08-15 13:22:13,723 reid_baseline.train INFO: EPOCH_EVIDENCE epoch=28 global_iteration=5208 epoch_length=186
2026-08-15 13:22:13,724 reid_baseline.train INFO: Soft Alignment Epoch Summary - Epoch: 28 soft_alignment_loss: 0.481120 valid_alignment_pair_count: 13679 mean_soft_path_cost: 5.292321 alignment_temperature: 0.1
2026-08-15 13:22:13,724 reid_baseline.train INFO: Epoch 28 done. Time per batch: 24.367[s] Speed: 488.5[samples/s]
2026-08-15 13:22:13,724 reid_baseline.train INFO: ----------
2026-08-15 13:22:16,476 reid_baseline.train INFO: Epoch[29] Iteration[20/186] loss_total: 1.533, loss_id: 1.245, loss_triplet: 0.125, loss_camera_triplet: 0.000, loss_cross_camera_positive: 0.381, loss_pcc: 0.484, cross_camera_positive_count: 62.5, Acc: 0.985, Base Lr: 3.50e-04
2026-08-15 13:22:16,477 reid_baseline.train INFO: Soft Alignment Batch - Epoch: 29 Iteration: 20 soft_alignment_loss: 0.478840 valid_alignment_pair_count: 80 mean_soft_path_cost: 5.267241 alignment_temperature: 0.1
2026-08-15 13:22:19,179 reid_baseline.train INFO: Epoch[29] Iteration[40/186] loss_total: 1.526, loss_id: 1.242, loss_triplet: 0.121, loss_camera_triplet: 0.000, loss_cross_camera_positive: 0.379, loss_pcc: 0.481, cross_camera_positive_count: 62.7, Acc: 0.984, Base Lr: 3.50e-04
2026-08-15 13:22:19,179 reid_baseline.train INFO: Soft Alignment Batch - Epoch: 29 Iteration: 40 soft_alignment_loss: 0.494947 valid_alignment_pair_count: 76 mean_soft_path_cost: 5.444416 alignment_temperature: 0.1
2026-08-15 13:22:21,923 reid_baseline.train INFO: Epoch[29] Iteration[60/186] loss_total: 1.521, loss_id: 1.239, loss_triplet: 0.121, loss_camera_triplet: 0.000, loss_cross_camera_positive: 0.376, loss_pcc: 0.476, cross_camera_positive_count: 62.6, Acc: 0.985, Base Lr: 3.50e-04
2026-08-15 13:22:21,923 reid_baseline.train INFO: Soft Alignment Batch - Epoch: 29 Iteration: 60 soft_alignment_loss: 0.491251 valid_alignment_pair_count: 73 mean_soft_path_cost: 5.403762 alignment_temperature: 0.1
2026-08-15 13:22:24,658 reid_baseline.train INFO: Epoch[29] Iteration[80/186] loss_total: 1.505, loss_id: 1.228, loss_triplet: 0.118, loss_camera_triplet: 0.000, loss_cross_camera_positive: 0.373, loss_pcc: 0.473, cross_camera_positive_count: 62.8, Acc: 0.986, Base Lr: 3.50e-04
2026-08-15 13:22:24,658 reid_baseline.train INFO: Soft Alignment Batch - Epoch: 29 Iteration: 80 soft_alignment_loss: 0.466654 valid_alignment_pair_count: 78 mean_soft_path_cost: 5.133199 alignment_temperature: 0.1
2026-08-15 13:22:27,383 reid_baseline.train INFO: Epoch[29] Iteration[100/186] loss_total: 1.491, loss_id: 1.214, loss_triplet: 0.120, loss_camera_triplet: 0.000, loss_cross_camera_positive: 0.368, loss_pcc: 0.464, cross_camera_positive_count: 62.5, Acc: 0.989, Base Lr: 3.50e-04
2026-08-15 13:22:27,384 reid_baseline.train INFO: Soft Alignment Batch - Epoch: 29 Iteration: 100 soft_alignment_loss: 0.402057 valid_alignment_pair_count: 74 mean_soft_path_cost: 4.422626 alignment_temperature: 0.1
2026-08-15 13:22:30,604 reid_baseline.train INFO: Epoch[29] Iteration[120/186] loss_total: 1.524, loss_id: 1.236, loss_triplet: 0.127, loss_camera_triplet: 0.000, loss_cross_camera_positive: 0.378, loss_pcc: 0.477, cross_camera_positive_count: 62.6, Acc: 0.986, Base Lr: 3.50e-04
2026-08-15 13:22:30,605 reid_baseline.train INFO: Soft Alignment Batch - Epoch: 29 Iteration: 120 soft_alignment_loss: 0.525095 valid_alignment_pair_count: 76 mean_soft_path_cost: 5.776048 alignment_temperature: 0.1
2026-08-15 13:22:33,352 reid_baseline.train INFO: Epoch[29] Iteration[140/186] loss_total: 1.536, loss_id: 1.242, loss_triplet: 0.133, loss_camera_triplet: 0.000, loss_cross_camera_positive: 0.379, loss_pcc: 0.479, cross_camera_positive_count: 62.9, Acc: 0.987, Base Lr: 3.50e-04
2026-08-15 13:22:33,352 reid_baseline.train INFO: Soft Alignment Batch - Epoch: 29 Iteration: 140 soft_alignment_loss: 0.476432 valid_alignment_pair_count: 81 mean_soft_path_cost: 5.240749 alignment_temperature: 0.1
2026-08-15 13:22:36,088 reid_baseline.train INFO: Epoch[29] Iteration[160/186] loss_total: 1.537, loss_id: 1.245, loss_triplet: 0.130, loss_camera_triplet: 0.000, loss_cross_camera_positive: 0.380, loss_pcc: 0.481, cross_camera_positive_count: 62.9, Acc: 0.986, Base Lr: 3.50e-04
2026-08-15 13:22:36,088 reid_baseline.train INFO: Soft Alignment Batch - Epoch: 29 Iteration: 160 soft_alignment_loss: 0.495632 valid_alignment_pair_count: 71 mean_soft_path_cost: 5.451952 alignment_temperature: 0.1
2026-08-15 13:22:38,818 reid_baseline.train INFO: Epoch[29] Iteration[180/186] loss_total: 1.537, loss_id: 1.247, loss_triplet: 0.129, loss_camera_triplet: 0.000, loss_cross_camera_positive: 0.378, loss_pcc: 0.477, cross_camera_positive_count: 62.7, Acc: 0.984, Base Lr: 3.50e-04
2026-08-15 13:22:38,818 reid_baseline.train INFO: Soft Alignment Batch - Epoch: 29 Iteration: 180 soft_alignment_loss: 0.464376 valid_alignment_pair_count: 73 mean_soft_path_cost: 5.108136 alignment_temperature: 0.1
2026-08-15 13:22:39,644 reid_baseline.train INFO: EPOCH_EVIDENCE epoch=29 global_iteration=5394 epoch_length=186
2026-08-15 13:22:39,644 reid_baseline.train INFO: Soft Alignment Epoch Summary - Epoch: 29 soft_alignment_loss: 0.473696 valid_alignment_pair_count: 13814 mean_soft_path_cost: 5.210656 alignment_temperature: 0.1
2026-08-15 13:22:39,644 reid_baseline.train INFO: Epoch 29 done. Time per batch: 24.399[s] Speed: 487.9[samples/s]
2026-08-15 13:22:39,644 reid_baseline.train INFO: ----------
2026-08-15 13:22:42,390 reid_baseline.train INFO: Epoch[30] Iteration[20/186] loss_total: 1.535, loss_id: 1.246, loss_triplet: 0.127, loss_camera_triplet: 0.000, loss_cross_camera_positive: 0.382, loss_pcc: 0.480, cross_camera_positive_count: 62.8, Acc: 0.986, Base Lr: 3.50e-04
2026-08-15 13:22:42,390 reid_baseline.train INFO: Soft Alignment Batch - Epoch: 30 Iteration: 20 soft_alignment_loss: 0.482935 valid_alignment_pair_count: 76 mean_soft_path_cost: 5.312279 alignment_temperature: 0.1
2026-08-15 13:22:45,134 reid_baseline.train INFO: Epoch[30] Iteration[40/186] loss_total: 1.541, loss_id: 1.250, loss_triplet: 0.128, loss_camera_triplet: 0.000, loss_cross_camera_positive: 0.383, loss_pcc: 0.480, cross_camera_positive_count: 62.7, Acc: 0.984, Base Lr: 3.50e-04
2026-08-15 13:22:45,134 reid_baseline.train INFO: Soft Alignment Batch - Epoch: 30 Iteration: 40 soft_alignment_loss: 0.453710 valid_alignment_pair_count: 68 mean_soft_path_cost: 4.990808 alignment_temperature: 0.1
2026-08-15 13:22:47,896 reid_baseline.train INFO: Epoch[30] Iteration[60/186] loss_total: 1.537, loss_id: 1.248, loss_triplet: 0.128, loss_camera_triplet: 0.000, loss_cross_camera_positive: 0.379, loss_pcc: 0.476, cross_camera_positive_count: 62.6, Acc: 0.983, Base Lr: 3.50e-04
2026-08-15 13:22:47,896 reid_baseline.train INFO: Soft Alignment Batch - Epoch: 30 Iteration: 60 soft_alignment_loss: 0.481241 valid_alignment_pair_count: 75 mean_soft_path_cost: 5.293655 alignment_temperature: 0.1
2026-08-15 13:22:50,643 reid_baseline.train INFO: Epoch[30] Iteration[80/186] loss_total: 1.519, loss_id: 1.236, loss_triplet: 0.123, loss_camera_triplet: 0.000, loss_cross_camera_positive: 0.374, loss_pcc: 0.473, cross_camera_positive_count: 62.5, Acc: 0.984, Base Lr: 3.50e-04
2026-08-15 13:22:50,643 reid_baseline.train INFO: Soft Alignment Batch - Epoch: 30 Iteration: 80 soft_alignment_loss: 0.451903 valid_alignment_pair_count: 60 mean_soft_path_cost: 4.970930 alignment_temperature: 0.1
2026-08-15 13:22:53,353 reid_baseline.train INFO: Epoch[30] Iteration[100/186] loss_total: 1.494, loss_id: 1.220, loss_triplet: 0.119, loss_camera_triplet: 0.000, loss_cross_camera_positive: 0.366, loss_pcc: 0.461, cross_camera_positive_count: 62.6, Acc: 0.987, Base Lr: 3.50e-04
2026-08-15 13:22:53,353 reid_baseline.train INFO: Soft Alignment Batch - Epoch: 30 Iteration: 100 soft_alignment_loss: 0.442196 valid_alignment_pair_count: 71 mean_soft_path_cost: 4.864156 alignment_temperature: 0.1
2026-08-15 13:22:56,618 reid_baseline.train INFO: Epoch[30] Iteration[120/186] loss_total: 1.523, loss_id: 1.242, loss_triplet: 0.120, loss_camera_triplet: 0.000, loss_cross_camera_positive: 0.377, loss_pcc: 0.478, cross_camera_positive_count: 62.5, Acc: 0.983, Base Lr: 3.50e-04
2026-08-15 13:22:56,619 reid_baseline.train INFO: Soft Alignment Batch - Epoch: 30 Iteration: 120 soft_alignment_loss: 0.527497 valid_alignment_pair_count: 68 mean_soft_path_cost: 5.802464 alignment_temperature: 0.1
2026-08-15 13:22:59,326 reid_baseline.train INFO: Epoch[30] Iteration[140/186] loss_total: 1.541, loss_id: 1.252, loss_triplet: 0.128, loss_camera_triplet: 0.000, loss_cross_camera_positive: 0.379, loss_pcc: 0.479, cross_camera_positive_count: 62.6, Acc: 0.983, Base Lr: 3.50e-04
2026-08-15 13:22:59,326 reid_baseline.train INFO: Soft Alignment Batch - Epoch: 30 Iteration: 140 soft_alignment_loss: 0.469771 valid_alignment_pair_count: 76 mean_soft_path_cost: 5.167477 alignment_temperature: 0.1
2026-08-15 13:23:02,045 reid_baseline.train INFO: Epoch[30] Iteration[160/186] loss_total: 1.538, loss_id: 1.248, loss_triplet: 0.127, loss_camera_triplet: 0.000, loss_cross_camera_positive: 0.382, loss_pcc: 0.482, cross_camera_positive_count: 62.5, Acc: 0.985, Base Lr: 3.50e-04
2026-08-15 13:23:02,045 reid_baseline.train INFO: Soft Alignment Batch - Epoch: 30 Iteration: 160 soft_alignment_loss: 0.506017 valid_alignment_pair_count: 71 mean_soft_path_cost: 5.566189 alignment_temperature: 0.1
2026-08-15 13:23:04,746 reid_baseline.train INFO: Epoch[30] Iteration[180/186] loss_total: 1.539, loss_id: 1.246, loss_triplet: 0.130, loss_camera_triplet: 0.000, loss_cross_camera_positive: 0.380, loss_pcc: 0.478, cross_camera_positive_count: 62.8, Acc: 0.985, Base Lr: 3.50e-04
2026-08-15 13:23:04,746 reid_baseline.train INFO: Soft Alignment Batch - Epoch: 30 Iteration: 180 soft_alignment_loss: 0.473725 valid_alignment_pair_count: 76 mean_soft_path_cost: 5.210974 alignment_temperature: 0.1
2026-08-15 13:23:05,556 reid_baseline.train INFO: EPOCH_EVIDENCE epoch=30 global_iteration=5580 epoch_length=186
2026-08-15 13:23:05,556 reid_baseline.train INFO: Soft Alignment Epoch Summary - Epoch: 30 soft_alignment_loss: 0.477438 valid_alignment_pair_count: 13717 mean_soft_path_cost: 5.251813 alignment_temperature: 0.1
2026-08-15 13:23:05,556 reid_baseline.train INFO: Epoch 30 done. Time per batch: 24.377[s] Speed: 488.3[samples/s]
2026-08-15 13:23:05,556 reid_baseline.train INFO: ----------
2026-08-15 13:23:08,272 reid_baseline.train INFO: Epoch[31] Iteration[20/186] loss_total: 1.535, loss_id: 1.244, loss_triplet: 0.130, loss_camera_triplet: 0.000, loss_cross_camera_positive: 0.377, loss_pcc: 0.473, cross_camera_positive_count: 62.7, Acc: 0.987, Base Lr: 3.50e-04
2026-08-15 13:23:08,272 reid_baseline.train INFO: Soft Alignment Batch - Epoch: 31 Iteration: 20 soft_alignment_loss: 0.458173 valid_alignment_pair_count: 69 mean_soft_path_cost: 5.039903 alignment_temperature: 0.1
2026-08-15 13:23:10,979 reid_baseline.train INFO: Epoch[31] Iteration[40/186] loss_total: 1.521, loss_id: 1.233, loss_triplet: 0.129, loss_camera_triplet: 0.000, loss_cross_camera_positive: 0.376, loss_pcc: 0.471, cross_camera_positive_count: 62.7, Acc: 0.988, Base Lr: 3.50e-04
2026-08-15 13:23:10,979 reid_baseline.train INFO: Soft Alignment Batch - Epoch: 31 Iteration: 40 soft_alignment_loss: 0.490097 valid_alignment_pair_count: 70 mean_soft_path_cost: 5.391071 alignment_temperature: 0.1
2026-08-15 13:23:13,691 reid_baseline.train INFO: Epoch[31] Iteration[60/186] loss_total: 1.516, loss_id: 1.231, loss_triplet: 0.126, loss_camera_triplet: 0.000, loss_cross_camera_positive: 0.374, loss_pcc: 0.469, cross_camera_positive_count: 62.7, Acc: 0.987, Base Lr: 3.50e-04
2026-08-15 13:23:13,691 reid_baseline.train INFO: Soft Alignment Batch - Epoch: 31 Iteration: 60 soft_alignment_loss: 0.472460 valid_alignment_pair_count: 76 mean_soft_path_cost: 5.197055 alignment_temperature: 0.1
2026-08-15 13:23:16,394 reid_baseline.train INFO: Epoch[31] Iteration[80/186] loss_total: 1.513, loss_id: 1.231, loss_triplet: 0.126, loss_camera_triplet: 0.000, loss_cross_camera_positive: 0.368, loss_pcc: 0.464, cross_camera_positive_count: 62.4, Acc: 0.985, Base Lr: 3.50e-04
2026-08-15 13:23:16,394 reid_baseline.train INFO: Soft Alignment Batch - Epoch: 31 Iteration: 80 soft_alignment_loss: 0.439194 valid_alignment_pair_count: 72 mean_soft_path_cost: 4.831136 alignment_temperature: 0.1
2026-08-15 13:23:19,578 reid_baseline.train INFO: Epoch[31] Iteration[100/186] loss_total: 1.490, loss_id: 1.217, loss_triplet: 0.122, loss_camera_triplet: 0.000, loss_cross_camera_positive: 0.355, loss_pcc: 0.446, cross_camera_positive_count: 62.4, Acc: 0.988, Base Lr: 3.50e-04
2026-08-15 13:23:19,578 reid_baseline.train INFO: Soft Alignment Batch - Epoch: 31 Iteration: 100 soft_alignment_loss: 0.389775 valid_alignment_pair_count: 72 mean_soft_path_cost: 4.287527 alignment_temperature: 0.1
2026-08-15 13:23:22,269 reid_baseline.train INFO: Epoch[31] Iteration[120/186] loss_total: 1.524, loss_id: 1.236, loss_triplet: 0.125, loss_camera_triplet: 0.000, loss_cross_camera_positive: 0.382, loss_pcc: 0.478, cross_camera_positive_count: 62.1, Acc: 0.985, Base Lr: 3.50e-04
2026-08-15 13:23:22,269 reid_baseline.train INFO: Soft Alignment Batch - Epoch: 31 Iteration: 120 soft_alignment_loss: 0.451302 valid_alignment_pair_count: 69 mean_soft_path_cost: 4.964321 alignment_temperature: 0.1
2026-08-15 13:23:24,951 reid_baseline.train INFO: Epoch[31] Iteration[140/186] loss_total: 1.525, loss_id: 1.239, loss_triplet: 0.125, loss_camera_triplet: 0.000, loss_cross_camera_positive: 0.379, loss_pcc: 0.476, cross_camera_positive_count: 62.3, Acc: 0.985, Base Lr: 3.50e-04
2026-08-15 13:23:24,951 reid_baseline.train INFO: Soft Alignment Batch - Epoch: 31 Iteration: 140 soft_alignment_loss: 0.473465 valid_alignment_pair_count: 75 mean_soft_path_cost: 5.208117 alignment_temperature: 0.1
2026-08-15 13:23:27,664 reid_baseline.train INFO: Epoch[31] Iteration[160/186] loss_total: 1.529, loss_id: 1.244, loss_triplet: 0.124, loss_camera_triplet: 0.000, loss_cross_camera_positive: 0.378, loss_pcc: 0.475, cross_camera_positive_count: 62.4, Acc: 0.984, Base Lr: 3.50e-04
2026-08-15 13:23:27,664 reid_baseline.train INFO: Soft Alignment Batch - Epoch: 31 Iteration: 160 soft_alignment_loss: 0.494770 valid_alignment_pair_count: 70 mean_soft_path_cost: 5.442473 alignment_temperature: 0.1
2026-08-15 13:23:30,387 reid_baseline.train INFO: Epoch[31] Iteration[180/186] loss_total: 1.528, loss_id: 1.245, loss_triplet: 0.123, loss_camera_triplet: 0.000, loss_cross_camera_positive: 0.377, loss_pcc: 0.474, cross_camera_positive_count: 62.7, Acc: 0.984, Base Lr: 3.50e-04
2026-08-15 13:23:30,387 reid_baseline.train INFO: Soft Alignment Batch - Epoch: 31 Iteration: 180 soft_alignment_loss: 0.483353 valid_alignment_pair_count: 72 mean_soft_path_cost: 5.316881 alignment_temperature: 0.1
2026-08-15 13:23:31,207 reid_baseline.train INFO: EPOCH_EVIDENCE epoch=31 global_iteration=5766 epoch_length=186
2026-08-15 13:23:31,207 reid_baseline.train INFO: Soft Alignment Epoch Summary - Epoch: 31 soft_alignment_loss: 0.469075 valid_alignment_pair_count: 13736 mean_soft_path_cost: 5.159825 alignment_temperature: 0.1
2026-08-15 13:23:31,208 reid_baseline.train INFO: Epoch 31 done. Time per batch: 24.162[s] Speed: 492.7[samples/s]
2026-08-15 13:23:31,208 reid_baseline.train INFO: ----------
2026-08-15 13:23:33,931 reid_baseline.train INFO: Epoch[32] Iteration[20/186] loss_total: 1.528, loss_id: 1.241, loss_triplet: 0.128, loss_camera_triplet: 0.000, loss_cross_camera_positive: 0.374, loss_pcc: 0.468, cross_camera_positive_count: 62.9, Acc: 0.983, Base Lr: 3.50e-04
2026-08-15 13:23:33,931 reid_baseline.train INFO: Soft Alignment Batch - Epoch: 32 Iteration: 20 soft_alignment_loss: 0.443837 valid_alignment_pair_count: 81 mean_soft_path_cost: 4.882210 alignment_temperature: 0.1
2026-08-15 13:23:36,647 reid_baseline.train INFO: Epoch[32] Iteration[40/186] loss_total: 1.504, loss_id: 1.227, loss_triplet: 0.120, loss_camera_triplet: 0.000, loss_cross_camera_positive: 0.370, loss_pcc: 0.464, cross_camera_positive_count: 62.7, Acc: 0.985, Base Lr: 3.50e-04
2026-08-15 13:23:36,648 reid_baseline.train INFO: Soft Alignment Batch - Epoch: 32 Iteration: 40 soft_alignment_loss: 0.462436 valid_alignment_pair_count: 70 mean_soft_path_cost: 5.086798 alignment_temperature: 0.1
2026-08-15 13:23:39,374 reid_baseline.train INFO: Epoch[32] Iteration[60/186] loss_total: 1.498, loss_id: 1.219, loss_triplet: 0.121, loss_camera_triplet: 0.000, loss_cross_camera_positive: 0.369, loss_pcc: 0.463, cross_camera_positive_count: 62.7, Acc: 0.986, Base Lr: 3.50e-04
2026-08-15 13:23:39,374 reid_baseline.train INFO: Soft Alignment Batch - Epoch: 32 Iteration: 60 soft_alignment_loss: 0.454451 valid_alignment_pair_count: 78 mean_soft_path_cost: 4.998964 alignment_temperature: 0.1
2026-08-15 13:23:42,073 reid_baseline.train INFO: Epoch[32] Iteration[80/186] loss_total: 1.488, loss_id: 1.212, loss_triplet: 0.120, loss_camera_triplet: 0.000, loss_cross_camera_positive: 0.367, loss_pcc: 0.460, cross_camera_positive_count: 62.7, Acc: 0.988, Base Lr: 3.50e-04
2026-08-15 13:23:42,073 reid_baseline.train INFO: Soft Alignment Batch - Epoch: 32 Iteration: 80 soft_alignment_loss: 0.423222 valid_alignment_pair_count: 74 mean_soft_path_cost: 4.655437 alignment_temperature: 0.1
2026-08-15 13:23:45,404 reid_baseline.train INFO: Epoch[32] Iteration[100/186] loss_total: 1.489, loss_id: 1.214, loss_triplet: 0.122, loss_camera_triplet: 0.000, loss_cross_camera_positive: 0.361, loss_pcc: 0.452, cross_camera_positive_count: 62.8, Acc: 0.987, Base Lr: 3.50e-04
2026-08-15 13:23:45,404 reid_baseline.train INFO: Soft Alignment Batch - Epoch: 32 Iteration: 100 soft_alignment_loss: 0.469035 valid_alignment_pair_count: 77 mean_soft_path_cost: 5.159382 alignment_temperature: 0.1
2026-08-15 13:23:48,120 reid_baseline.train INFO: Epoch[32] Iteration[120/186] loss_total: 1.522, loss_id: 1.233, loss_triplet: 0.126, loss_camera_triplet: 0.000, loss_cross_camera_positive: 0.380, loss_pcc: 0.480, cross_camera_positive_count: 62.8, Acc: 0.984, Base Lr: 3.50e-04
2026-08-15 13:23:48,120 reid_baseline.train INFO: Soft Alignment Batch - Epoch: 32 Iteration: 120 soft_alignment_loss: 0.480221 valid_alignment_pair_count: 71 mean_soft_path_cost: 5.282428 alignment_temperature: 0.1
2026-08-15 13:23:50,850 reid_baseline.train INFO: Epoch[32] Iteration[140/186] loss_total: 1.514, loss_id: 1.227, loss_triplet: 0.125, loss_camera_triplet: 0.000, loss_cross_camera_positive: 0.379, loss_pcc: 0.478, cross_camera_positive_count: 62.6, Acc: 0.986, Base Lr: 3.50e-04
2026-08-15 13:23:50,850 reid_baseline.train INFO: Soft Alignment Batch - Epoch: 32 Iteration: 140 soft_alignment_loss: 0.493626 valid_alignment_pair_count: 76 mean_soft_path_cost: 5.429881 alignment_temperature: 0.1
2026-08-15 13:23:53,571 reid_baseline.train INFO: Epoch[32] Iteration[160/186] loss_total: 1.520, loss_id: 1.234, loss_triplet: 0.124, loss_camera_triplet: 0.000, loss_cross_camera_positive: 0.378, loss_pcc: 0.479, cross_camera_positive_count: 62.5, Acc: 0.983, Base Lr: 3.50e-04
2026-08-15 13:23:53,572 reid_baseline.train INFO: Soft Alignment Batch - Epoch: 32 Iteration: 160 soft_alignment_loss: 0.487599 valid_alignment_pair_count: 69 mean_soft_path_cost: 5.363594 alignment_temperature: 0.1
2026-08-15 13:23:56,299 reid_baseline.train INFO: Epoch[32] Iteration[180/186] loss_total: 1.523, loss_id: 1.237, loss_triplet: 0.123, loss_camera_triplet: 0.000, loss_cross_camera_positive: 0.384, loss_pcc: 0.483, cross_camera_positive_count: 62.3, Acc: 0.984, Base Lr: 3.50e-04
2026-08-15 13:23:56,299 reid_baseline.train INFO: Soft Alignment Batch - Epoch: 32 Iteration: 180 soft_alignment_loss: 0.482147 valid_alignment_pair_count: 71 mean_soft_path_cost: 5.303616 alignment_temperature: 0.1
2026-08-15 13:23:57,071 reid_baseline.train INFO: EPOCH_EVIDENCE epoch=32 global_iteration=5952 epoch_length=186
2026-08-15 13:23:57,071 reid_baseline.train INFO: Soft Alignment Epoch Summary - Epoch: 32 soft_alignment_loss: 0.471879 valid_alignment_pair_count: 13781 mean_soft_path_cost: 5.190666 alignment_temperature: 0.1
2026-08-15 13:23:57,071 reid_baseline.train INFO: Epoch 32 done. Time per batch: 24.236[s] Speed: 491.2[samples/s]
2026-08-15 13:23:57,071 reid_baseline.train INFO: ----------
2026-08-15 13:23:59,759 reid_baseline.train INFO: Epoch[33] Iteration[20/186] loss_total: 1.506, loss_id: 1.227, loss_triplet: 0.119, loss_camera_triplet: 0.000, loss_cross_camera_positive: 0.374, loss_pcc: 0.470, cross_camera_positive_count: 62.5, Acc: 0.986, Base Lr: 3.50e-04
2026-08-15 13:23:59,759 reid_baseline.train INFO: Soft Alignment Batch - Epoch: 33 Iteration: 20 soft_alignment_loss: 0.451304 valid_alignment_pair_count: 68 mean_soft_path_cost: 4.964341 alignment_temperature: 0.1
2026-08-15 13:24:02,408 reid_baseline.train INFO: Epoch[33] Iteration[40/186] loss_total: 1.504, loss_id: 1.228, loss_triplet: 0.119, loss_camera_triplet: 0.000, loss_cross_camera_positive: 0.371, loss_pcc: 0.464, cross_camera_positive_count: 62.6, Acc: 0.985, Base Lr: 3.50e-04
2026-08-15 13:24:02,408 reid_baseline.train INFO: Soft Alignment Batch - Epoch: 33 Iteration: 40 soft_alignment_loss: 0.438617 valid_alignment_pair_count: 70 mean_soft_path_cost: 4.824790 alignment_temperature: 0.1
2026-08-15 13:24:05,047 reid_baseline.train INFO: Epoch[33] Iteration[60/186] loss_total: 1.503, loss_id: 1.225, loss_triplet: 0.120, loss_camera_triplet: 0.000, loss_cross_camera_positive: 0.371, loss_pcc: 0.465, cross_camera_positive_count: 62.6, Acc: 0.987, Base Lr: 3.50e-04
2026-08-15 13:24:05,047 reid_baseline.train INFO: Soft Alignment Batch - Epoch: 33 Iteration: 60 soft_alignment_loss: 0.458949 valid_alignment_pair_count: 78 mean_soft_path_cost: 5.048440 alignment_temperature: 0.1
2026-08-15 13:24:07,678 reid_baseline.train INFO: Epoch[33] Iteration[80/186] loss_total: 1.478, loss_id: 1.210, loss_triplet: 0.112, loss_camera_triplet: 0.000, loss_cross_camera_positive: 0.366, loss_pcc: 0.461, cross_camera_positive_count: 62.5, Acc: 0.988, Base Lr: 3.50e-04
2026-08-15 13:24:07,679 reid_baseline.train INFO: Soft Alignment Batch - Epoch: 33 Iteration: 80 soft_alignment_loss: 0.425615 valid_alignment_pair_count: 70 mean_soft_path_cost: 4.681768 alignment_temperature: 0.1
2026-08-15 13:24:10,899 reid_baseline.train INFO: Epoch[33] Iteration[100/186] loss_total: 1.477, loss_id: 1.211, loss_triplet: 0.113, loss_camera_triplet: 0.000, loss_cross_camera_positive: 0.359, loss_pcc: 0.451, cross_camera_positive_count: 62.3, Acc: 0.988, Base Lr: 3.50e-04
2026-08-15 13:24:10,899 reid_baseline.train INFO: Soft Alignment Batch - Epoch: 33 Iteration: 100 soft_alignment_loss: 0.586028 valid_alignment_pair_count: 70 mean_soft_path_cost: 6.446307 alignment_temperature: 0.1
2026-08-15 13:24:13,600 reid_baseline.train INFO: Epoch[33] Iteration[120/186] loss_total: 1.512, loss_id: 1.230, loss_triplet: 0.121, loss_camera_triplet: 0.000, loss_cross_camera_positive: 0.376, loss_pcc: 0.474, cross_camera_positive_count: 61.9, Acc: 0.985, Base Lr: 3.50e-04
2026-08-15 13:24:13,600 reid_baseline.train INFO: Soft Alignment Batch - Epoch: 33 Iteration: 120 soft_alignment_loss: 0.492635 valid_alignment_pair_count: 75 mean_soft_path_cost: 5.418982 alignment_temperature: 0.1
2026-08-15 13:24:16,304 reid_baseline.train INFO: Epoch[33] Iteration[140/186] loss_total: 1.518, loss_id: 1.234, loss_triplet: 0.123, loss_camera_triplet: 0.000, loss_cross_camera_positive: 0.378, loss_pcc: 0.476, cross_camera_positive_count: 62.1, Acc: 0.986, Base Lr: 3.50e-04
2026-08-15 13:24:16,304 reid_baseline.train INFO: Soft Alignment Batch - Epoch: 33 Iteration: 140 soft_alignment_loss: 0.474658 valid_alignment_pair_count: 79 mean_soft_path_cost: 5.221242 alignment_temperature: 0.1
2026-08-15 13:24:19,016 reid_baseline.train INFO: Epoch[33] Iteration[160/186] loss_total: 1.524, loss_id: 1.240, loss_triplet: 0.122, loss_camera_triplet: 0.000, loss_cross_camera_positive: 0.381, loss_pcc: 0.480, cross_camera_positive_count: 62.5, Acc: 0.983, Base Lr: 3.50e-04
2026-08-15 13:24:19,016 reid_baseline.train INFO: Soft Alignment Batch - Epoch: 33 Iteration: 160 soft_alignment_loss: 0.475280 valid_alignment_pair_count: 80 mean_soft_path_cost: 5.228078 alignment_temperature: 0.1
2026-08-15 13:24:21,725 reid_baseline.train INFO: Epoch[33] Iteration[180/186] loss_total: 1.526, loss_id: 1.241, loss_triplet: 0.122, loss_camera_triplet: 0.000, loss_cross_camera_positive: 0.382, loss_pcc: 0.479, cross_camera_positive_count: 62.4, Acc: 0.984, Base Lr: 3.50e-04
2026-08-15 13:24:21,725 reid_baseline.train INFO: Soft Alignment Batch - Epoch: 33 Iteration: 180 soft_alignment_loss: 0.508906 valid_alignment_pair_count: 68 mean_soft_path_cost: 5.597963 alignment_temperature: 0.1
2026-08-15 13:24:22,539 reid_baseline.train INFO: EPOCH_EVIDENCE epoch=33 global_iteration=6138 epoch_length=186
2026-08-15 13:24:22,540 reid_baseline.train INFO: Soft Alignment Epoch Summary - Epoch: 33 soft_alignment_loss: 0.469953 valid_alignment_pair_count: 13789 mean_soft_path_cost: 5.169479 alignment_temperature: 0.1
2026-08-15 13:24:22,540 reid_baseline.train INFO: Epoch 33 done. Time per batch: 23.908[s] Speed: 497.9[samples/s]
2026-08-15 13:24:22,540 reid_baseline.train INFO: ----------
2026-08-15 13:24:25,263 reid_baseline.train INFO: Epoch[34] Iteration[20/186] loss_total: 1.517, loss_id: 1.236, loss_triplet: 0.120, loss_camera_triplet: 0.000, loss_cross_camera_positive: 0.377, loss_pcc: 0.474, cross_camera_positive_count: 62.5, Acc: 0.986, Base Lr: 3.50e-04
2026-08-15 13:24:25,263 reid_baseline.train INFO: Soft Alignment Batch - Epoch: 34 Iteration: 20 soft_alignment_loss: 0.447612 valid_alignment_pair_count: 80 mean_soft_path_cost: 4.923731 alignment_temperature: 0.1
2026-08-15 13:24:27,989 reid_baseline.train INFO: Epoch[34] Iteration[40/186] loss_total: 1.505, loss_id: 1.230, loss_triplet: 0.116, loss_camera_triplet: 0.000, loss_cross_camera_positive: 0.374, loss_pcc: 0.468, cross_camera_positive_count: 62.6, Acc: 0.985, Base Lr: 3.50e-04
2026-08-15 13:24:27,989 reid_baseline.train INFO: Soft Alignment Batch - Epoch: 34 Iteration: 40 soft_alignment_loss: 0.439680 valid_alignment_pair_count: 69 mean_soft_path_cost: 4.836475 alignment_temperature: 0.1
2026-08-15 13:24:30,701 reid_baseline.train INFO: Epoch[34] Iteration[60/186] loss_total: 1.499, loss_id: 1.229, loss_triplet: 0.111, loss_camera_triplet: 0.000, loss_cross_camera_positive: 0.373, loss_pcc: 0.467, cross_camera_positive_count: 62.7, Acc: 0.985, Base Lr: 3.50e-04
2026-08-15 13:24:30,701 reid_baseline.train INFO: Soft Alignment Batch - Epoch: 34 Iteration: 60 soft_alignment_loss: 0.494502 valid_alignment_pair_count: 63 mean_soft_path_cost: 5.439526 alignment_temperature: 0.1
2026-08-15 13:24:33,419 reid_baseline.train INFO: Epoch[34] Iteration[80/186] loss_total: 1.484, loss_id: 1.215, loss_triplet: 0.111, loss_camera_triplet: 0.000, loss_cross_camera_positive: 0.370, loss_pcc: 0.463, cross_camera_positive_count: 62.6, Acc: 0.987, Base Lr: 3.50e-04
2026-08-15 13:24:33,419 reid_baseline.train INFO: Soft Alignment Batch - Epoch: 34 Iteration: 80 soft_alignment_loss: 0.442011 valid_alignment_pair_count: 72 mean_soft_path_cost: 4.862124 alignment_temperature: 0.1
2026-08-15 13:24:36,603 reid_baseline.train INFO: Epoch[34] Iteration[100/186] loss_total: 1.490, loss_id: 1.222, loss_triplet: 0.111, loss_camera_triplet: 0.000, loss_cross_camera_positive: 0.368, loss_pcc: 0.461, cross_camera_positive_count: 62.1, Acc: 0.988, Base Lr: 3.50e-04
2026-08-15 13:24:36,603 reid_baseline.train INFO: Soft Alignment Batch - Epoch: 34 Iteration: 100 soft_alignment_loss: 0.569777 valid_alignment_pair_count: 69 mean_soft_path_cost: 6.267543 alignment_temperature: 0.1
2026-08-15 13:24:39,296 reid_baseline.train INFO: Epoch[34] Iteration[120/186] loss_total: 1.509, loss_id: 1.231, loss_triplet: 0.118, loss_camera_triplet: 0.000, loss_cross_camera_positive: 0.374, loss_pcc: 0.473, cross_camera_positive_count: 62.0, Acc: 0.987, Base Lr: 3.50e-04
2026-08-15 13:24:39,296 reid_baseline.train INFO: Soft Alignment Batch - Epoch: 34 Iteration: 120 soft_alignment_loss: 0.491117 valid_alignment_pair_count: 74 mean_soft_path_cost: 5.402287 alignment_temperature: 0.1
2026-08-15 13:24:42,003 reid_baseline.train INFO: Epoch[34] Iteration[140/186] loss_total: 1.512, loss_id: 1.235, loss_triplet: 0.116, loss_camera_triplet: 0.000, loss_cross_camera_positive: 0.377, loss_pcc: 0.477, cross_camera_positive_count: 62.3, Acc: 0.987, Base Lr: 3.50e-04
2026-08-15 13:24:42,003 reid_baseline.train INFO: Soft Alignment Batch - Epoch: 34 Iteration: 140 soft_alignment_loss: 0.479687 valid_alignment_pair_count: 72 mean_soft_path_cost: 5.276558 alignment_temperature: 0.1
2026-08-15 13:24:44,731 reid_baseline.train INFO: Epoch[34] Iteration[160/186] loss_total: 1.510, loss_id: 1.232, loss_triplet: 0.115, loss_camera_triplet: 0.000, loss_cross_camera_positive: 0.382, loss_pcc: 0.480, cross_camera_positive_count: 62.3, Acc: 0.987, Base Lr: 3.50e-04
2026-08-15 13:24:44,731 reid_baseline.train INFO: Soft Alignment Batch - Epoch: 34 Iteration: 160 soft_alignment_loss: 0.450051 valid_alignment_pair_count: 75 mean_soft_path_cost: 4.950562 alignment_temperature: 0.1
2026-08-15 13:24:47,442 reid_baseline.train INFO: Epoch[34] Iteration[180/186] loss_total: 1.507, loss_id: 1.228, loss_triplet: 0.117, loss_camera_triplet: 0.000, loss_cross_camera_positive: 0.380, loss_pcc: 0.475, cross_camera_positive_count: 62.5, Acc: 0.989, Base Lr: 3.50e-04
2026-08-15 13:24:47,442 reid_baseline.train INFO: Soft Alignment Batch - Epoch: 34 Iteration: 180 soft_alignment_loss: 0.444560 valid_alignment_pair_count: 73 mean_soft_path_cost: 4.890162 alignment_temperature: 0.1
2026-08-15 13:24:48,264 reid_baseline.train INFO: EPOCH_EVIDENCE epoch=34 global_iteration=6324 epoch_length=186
2026-08-15 13:24:48,265 reid_baseline.train INFO: Soft Alignment Epoch Summary - Epoch: 34 soft_alignment_loss: 0.469757 valid_alignment_pair_count: 13826 mean_soft_path_cost: 5.167327 alignment_temperature: 0.1
2026-08-15 13:24:48,265 reid_baseline.train INFO: Epoch 34 done. Time per batch: 24.186[s] Speed: 492.2[samples/s]
2026-08-15 13:24:48,265 reid_baseline.train INFO: ----------
2026-08-15 13:24:51,000 reid_baseline.train INFO: Epoch[35] Iteration[20/186] loss_total: 1.500, loss_id: 1.223, loss_triplet: 0.119, loss_camera_triplet: 0.000, loss_cross_camera_positive: 0.372, loss_pcc: 0.466, cross_camera_positive_count: 62.7, Acc: 0.986, Base Lr: 3.50e-04
2026-08-15 13:24:51,000 reid_baseline.train INFO: Soft Alignment Batch - Epoch: 35 Iteration: 20 soft_alignment_loss: 0.430652 valid_alignment_pair_count: 74 mean_soft_path_cost: 4.737176 alignment_temperature: 0.1
2026-08-15 13:24:53,710 reid_baseline.train INFO: Epoch[35] Iteration[40/186] loss_total: 1.494, loss_id: 1.217, loss_triplet: 0.120, loss_camera_triplet: 0.000, loss_cross_camera_positive: 0.372, loss_pcc: 0.464, cross_camera_positive_count: 62.7, Acc: 0.987, Base Lr: 3.50e-04
2026-08-15 13:24:53,710 reid_baseline.train INFO: Soft Alignment Batch - Epoch: 35 Iteration: 40 soft_alignment_loss: 0.477126 valid_alignment_pair_count: 69 mean_soft_path_cost: 5.248387 alignment_temperature: 0.1
2026-08-15 13:24:56,406 reid_baseline.train INFO: Epoch[35] Iteration[60/186] loss_total: 1.494, loss_id: 1.218, loss_triplet: 0.119, loss_camera_triplet: 0.000, loss_cross_camera_positive: 0.369, loss_pcc: 0.459, cross_camera_positive_count: 62.2, Acc: 0.988, Base Lr: 3.50e-04
2026-08-15 13:24:56,406 reid_baseline.train INFO: Soft Alignment Batch - Epoch: 35 Iteration: 60 soft_alignment_loss: 0.480498 valid_alignment_pair_count: 78 mean_soft_path_cost: 5.285473 alignment_temperature: 0.1
2026-08-15 13:24:59,129 reid_baseline.train INFO: Epoch[35] Iteration[80/186] loss_total: 1.479, loss_id: 1.207, loss_triplet: 0.117, loss_camera_triplet: 0.000, loss_cross_camera_positive: 0.366, loss_pcc: 0.457, cross_camera_positive_count: 62.5, Acc: 0.989, Base Lr: 3.50e-04
2026-08-15 13:24:59,129 reid_baseline.train INFO: Soft Alignment Batch - Epoch: 35 Iteration: 80 soft_alignment_loss: 0.439285 valid_alignment_pair_count: 76 mean_soft_path_cost: 4.832132 alignment_temperature: 0.1
2026-08-15 13:25:02,523 reid_baseline.train INFO: Epoch[35] Iteration[100/186] loss_total: 1.497, loss_id: 1.218, loss_triplet: 0.121, loss_camera_triplet: 0.000, loss_cross_camera_positive: 0.371, loss_pcc: 0.461, cross_camera_positive_count: 62.6, Acc: 0.988, Base Lr: 3.50e-04
2026-08-15 13:25:02,524 reid_baseline.train INFO: Soft Alignment Batch - Epoch: 35 Iteration: 100 soft_alignment_loss: 0.526742 valid_alignment_pair_count: 67 mean_soft_path_cost: 5.794158 alignment_temperature: 0.1
2026-08-15 13:25:05,251 reid_baseline.train INFO: Epoch[35] Iteration[120/186] loss_total: 1.511, loss_id: 1.227, loss_triplet: 0.124, loss_camera_triplet: 0.000, loss_cross_camera_positive: 0.378, loss_pcc: 0.469, cross_camera_positive_count: 62.6, Acc: 0.988, Base Lr: 3.50e-04
2026-08-15 13:25:05,251 reid_baseline.train INFO: Soft Alignment Batch - Epoch: 35 Iteration: 120 soft_alignment_loss: 0.478107 valid_alignment_pair_count: 62 mean_soft_path_cost: 5.259181 alignment_temperature: 0.1
2026-08-15 13:25:07,977 reid_baseline.train INFO: Epoch[35] Iteration[140/186] loss_total: 1.518, loss_id: 1.235, loss_triplet: 0.122, loss_camera_triplet: 0.000, loss_cross_camera_positive: 0.380, loss_pcc: 0.472, cross_camera_positive_count: 62.5, Acc: 0.985, Base Lr: 3.50e-04
2026-08-15 13:25:07,978 reid_baseline.train INFO: Soft Alignment Batch - Epoch: 35 Iteration: 140 soft_alignment_loss: 0.456658 valid_alignment_pair_count: 67 mean_soft_path_cost: 5.023236 alignment_temperature: 0.1
2026-08-15 13:25:10,693 reid_baseline.train INFO: Epoch[35] Iteration[160/186] loss_total: 1.517, loss_id: 1.233, loss_triplet: 0.123, loss_camera_triplet: 0.000, loss_cross_camera_positive: 0.380, loss_pcc: 0.473, cross_camera_positive_count: 62.7, Acc: 0.986, Base Lr: 3.50e-04
2026-08-15 13:25:10,694 reid_baseline.train INFO: Soft Alignment Batch - Epoch: 35 Iteration: 160 soft_alignment_loss: 0.502106 valid_alignment_pair_count: 78 mean_soft_path_cost: 5.523167 alignment_temperature: 0.1
2026-08-15 13:25:13,386 reid_baseline.train INFO: Epoch[35] Iteration[180/186] loss_total: 1.516, loss_id: 1.232, loss_triplet: 0.122, loss_camera_triplet: 0.000, loss_cross_camera_positive: 0.380, loss_pcc: 0.473, cross_camera_positive_count: 62.6, Acc: 0.987, Base Lr: 3.50e-04
2026-08-15 13:25:13,386 reid_baseline.train INFO: Soft Alignment Batch - Epoch: 35 Iteration: 180 soft_alignment_loss: 0.476856 valid_alignment_pair_count: 74 mean_soft_path_cost: 5.245418 alignment_temperature: 0.1
2026-08-15 13:25:14,200 reid_baseline.train INFO: EPOCH_EVIDENCE epoch=35 global_iteration=6510 epoch_length=186
2026-08-15 13:25:14,201 reid_baseline.train INFO: Soft Alignment Epoch Summary - Epoch: 35 soft_alignment_loss: 0.465429 valid_alignment_pair_count: 13705 mean_soft_path_cost: 5.119723 alignment_temperature: 0.1
2026-08-15 13:25:14,201 reid_baseline.train INFO: Epoch 35 done. Time per batch: 24.241[s] Speed: 491.1[samples/s]
2026-08-15 13:25:14,201 reid_baseline.train INFO: ----------
2026-08-15 13:25:16,900 reid_baseline.train INFO: Epoch[36] Iteration[20/186] loss_total: 1.507, loss_id: 1.230, loss_triplet: 0.117, loss_camera_triplet: 0.000, loss_cross_camera_positive: 0.376, loss_pcc: 0.469, cross_camera_positive_count: 62.8, Acc: 0.987, Base Lr: 3.50e-04
2026-08-15 13:25:16,900 reid_baseline.train INFO: Soft Alignment Batch - Epoch: 36 Iteration: 20 soft_alignment_loss: 0.465198 valid_alignment_pair_count: 70 mean_soft_path_cost: 5.117175 alignment_temperature: 0.1
2026-08-15 13:25:19,603 reid_baseline.train INFO: Epoch[36] Iteration[40/186] loss_total: 1.509, loss_id: 1.233, loss_triplet: 0.117, loss_camera_triplet: 0.000, loss_cross_camera_positive: 0.375, loss_pcc: 0.471, cross_camera_positive_count: 62.9, Acc: 0.986, Base Lr: 3.50e-04
2026-08-15 13:25:19,603 reid_baseline.train INFO: Soft Alignment Batch - Epoch: 36 Iteration: 40 soft_alignment_loss: 0.477803 valid_alignment_pair_count: 77 mean_soft_path_cost: 5.255829 alignment_temperature: 0.1
2026-08-15 13:25:22,307 reid_baseline.train INFO: Epoch[36] Iteration[60/186] loss_total: 1.499, loss_id: 1.223, loss_triplet: 0.118, loss_camera_triplet: 0.000, loss_cross_camera_positive: 0.372, loss_pcc: 0.465, cross_camera_positive_count: 62.7, Acc: 0.986, Base Lr: 3.50e-04
2026-08-15 13:25:22,307 reid_baseline.train INFO: Soft Alignment Batch - Epoch: 36 Iteration: 60 soft_alignment_loss: 0.426722 valid_alignment_pair_count: 75 mean_soft_path_cost: 4.693938 alignment_temperature: 0.1
2026-08-15 13:25:25,014 reid_baseline.train INFO: Epoch[36] Iteration[80/186] loss_total: 1.473, loss_id: 1.206, loss_triplet: 0.112, loss_camera_triplet: 0.000, loss_cross_camera_positive: 0.364, loss_pcc: 0.456, cross_camera_positive_count: 62.7, Acc: 0.988, Base Lr: 3.50e-04
2026-08-15 13:25:25,014 reid_baseline.train INFO: Soft Alignment Batch - Epoch: 36 Iteration: 80 soft_alignment_loss: 0.406209 valid_alignment_pair_count: 79 mean_soft_path_cost: 4.468296 alignment_temperature: 0.1
2026-08-15 13:25:28,177 reid_baseline.train INFO: Epoch[36] Iteration[100/186] loss_total: 1.506, loss_id: 1.231, loss_triplet: 0.112, loss_camera_triplet: 0.000, loss_cross_camera_positive: 0.381, loss_pcc: 0.478, cross_camera_positive_count: 62.2, Acc: 0.986, Base Lr: 3.50e-04
2026-08-15 13:25:28,177 reid_baseline.train INFO: Soft Alignment Batch - Epoch: 36 Iteration: 100 soft_alignment_loss: 0.568234 valid_alignment_pair_count: 66 mean_soft_path_cost: 6.250570 alignment_temperature: 0.1
2026-08-15 13:25:30,898 reid_baseline.train INFO: Epoch[36] Iteration[120/186] loss_total: 1.520, loss_id: 1.238, loss_triplet: 0.119, loss_camera_triplet: 0.000, loss_cross_camera_positive: 0.382, loss_pcc: 0.481, cross_camera_positive_count: 62.4, Acc: 0.986, Base Lr: 3.50e-04
2026-08-15 13:25:30,899 reid_baseline.train INFO: Soft Alignment Batch - Epoch: 36 Iteration: 120 soft_alignment_loss: 0.465488 valid_alignment_pair_count: 77 mean_soft_path_cost: 5.120365 alignment_temperature: 0.1
2026-08-15 13:25:33,624 reid_baseline.train INFO: Epoch[36] Iteration[140/186] loss_total: 1.521, loss_id: 1.242, loss_triplet: 0.118, loss_camera_triplet: 0.000, loss_cross_camera_positive: 0.380, loss_pcc: 0.479, cross_camera_positive_count: 62.3, Acc: 0.986, Base Lr: 3.50e-04
2026-08-15 13:25:33,625 reid_baseline.train INFO: Soft Alignment Batch - Epoch: 36 Iteration: 140 soft_alignment_loss: 0.477249 valid_alignment_pair_count: 79 mean_soft_path_cost: 5.249738 alignment_temperature: 0.1
2026-08-15 13:25:36,340 reid_baseline.train INFO: Epoch[36] Iteration[160/186] loss_total: 1.524, loss_id: 1.246, loss_triplet: 0.116, loss_camera_triplet: 0.000, loss_cross_camera_positive: 0.379, loss_pcc: 0.477, cross_camera_positive_count: 62.3, Acc: 0.985, Base Lr: 3.50e-04
2026-08-15 13:25:36,340 reid_baseline.train INFO: Soft Alignment Batch - Epoch: 36 Iteration: 160 soft_alignment_loss: 0.493560 valid_alignment_pair_count: 76 mean_soft_path_cost: 5.429161 alignment_temperature: 0.1
2026-08-15 13:25:39,069 reid_baseline.train INFO: Epoch[36] Iteration[180/186] loss_total: 1.523, loss_id: 1.245, loss_triplet: 0.117, loss_camera_triplet: 0.000, loss_cross_camera_positive: 0.377, loss_pcc: 0.475, cross_camera_positive_count: 62.3, Acc: 0.985, Base Lr: 3.50e-04
2026-08-15 13:25:39,069 reid_baseline.train INFO: Soft Alignment Batch - Epoch: 36 Iteration: 180 soft_alignment_loss: 0.467001 valid_alignment_pair_count: 71 mean_soft_path_cost: 5.137013 alignment_temperature: 0.1
2026-08-15 13:25:39,884 reid_baseline.train INFO: EPOCH_EVIDENCE epoch=36 global_iteration=6696 epoch_length=186
2026-08-15 13:25:39,885 reid_baseline.train INFO: Soft Alignment Epoch Summary - Epoch: 36 soft_alignment_loss: 0.470862 valid_alignment_pair_count: 13723 mean_soft_path_cost: 5.179478 alignment_temperature: 0.1
2026-08-15 13:25:39,885 reid_baseline.train INFO: Epoch 36 done. Time per batch: 24.189[s] Speed: 492.1[samples/s]
2026-08-15 13:25:39,885 reid_baseline.train INFO: ----------
2026-08-15 13:25:42,592 reid_baseline.train INFO: Epoch[37] Iteration[20/186] loss_total: 1.520, loss_id: 1.244, loss_triplet: 0.116, loss_camera_triplet: 0.000, loss_cross_camera_positive: 0.379, loss_pcc: 0.471, cross_camera_positive_count: 62.3, Acc: 0.985, Base Lr: 3.50e-04
2026-08-15 13:25:42,592 reid_baseline.train INFO: Soft Alignment Batch - Epoch: 37 Iteration: 20 soft_alignment_loss: 0.487135 valid_alignment_pair_count: 79 mean_soft_path_cost: 5.358487 alignment_temperature: 0.1
2026-08-15 13:25:45,332 reid_baseline.train INFO: Epoch[37] Iteration[40/186] loss_total: 1.503, loss_id: 1.233, loss_triplet: 0.111, loss_camera_triplet: 0.000, loss_cross_camera_positive: 0.374, loss_pcc: 0.466, cross_camera_positive_count: 62.5, Acc: 0.987, Base Lr: 3.50e-04
2026-08-15 13:25:45,333 reid_baseline.train INFO: Soft Alignment Batch - Epoch: 37 Iteration: 40 soft_alignment_loss: 0.444192 valid_alignment_pair_count: 79 mean_soft_path_cost: 4.886113 alignment_temperature: 0.1
2026-08-15 13:25:48,078 reid_baseline.train INFO: Epoch[37] Iteration[60/186] loss_total: 1.495, loss_id: 1.226, loss_triplet: 0.114, loss_camera_triplet: 0.000, loss_cross_camera_positive: 0.365, loss_pcc: 0.456, cross_camera_positive_count: 62.5, Acc: 0.987, Base Lr: 3.50e-04
2026-08-15 13:25:48,078 reid_baseline.train INFO: Soft Alignment Batch - Epoch: 37 Iteration: 60 soft_alignment_loss: 0.415680 valid_alignment_pair_count: 76 mean_soft_path_cost: 4.572485 alignment_temperature: 0.1
2026-08-15 13:25:50,780 reid_baseline.train INFO: Epoch[37] Iteration[80/186] loss_total: 1.472, loss_id: 1.208, loss_triplet: 0.112, loss_camera_triplet: 0.000, loss_cross_camera_positive: 0.358, loss_pcc: 0.445, cross_camera_positive_count: 61.9, Acc: 0.989, Base Lr: 3.50e-04
2026-08-15 13:25:50,781 reid_baseline.train INFO: Soft Alignment Batch - Epoch: 37 Iteration: 80 soft_alignment_loss: 0.421766 valid_alignment_pair_count: 70 mean_soft_path_cost: 4.639423 alignment_temperature: 0.1
2026-08-15 13:25:54,023 reid_baseline.train INFO: Epoch[37] Iteration[100/186] loss_total: 1.495, loss_id: 1.221, loss_triplet: 0.119, loss_camera_triplet: 0.000, loss_cross_camera_positive: 0.366, loss_pcc: 0.456, cross_camera_positive_count: 62.2, Acc: 0.988, Base Lr: 3.50e-04
2026-08-15 13:25:54,023 reid_baseline.train INFO: Soft Alignment Batch - Epoch: 37 Iteration: 100 soft_alignment_loss: 0.476844 valid_alignment_pair_count: 82 mean_soft_path_cost: 5.245286 alignment_temperature: 0.1
2026-08-15 13:25:56,754 reid_baseline.train INFO: Epoch[37] Iteration[120/186] loss_total: 1.505, loss_id: 1.230, loss_triplet: 0.118, loss_camera_triplet: 0.000, loss_cross_camera_positive: 0.367, loss_pcc: 0.462, cross_camera_positive_count: 62.4, Acc: 0.986, Base Lr: 3.50e-04
2026-08-15 13:25:56,754 reid_baseline.train INFO: Soft Alignment Batch - Epoch: 37 Iteration: 120 soft_alignment_loss: 0.474950 valid_alignment_pair_count: 71 mean_soft_path_cost: 5.224452 alignment_temperature: 0.1
2026-08-15 13:25:59,467 reid_baseline.train INFO: Epoch[37] Iteration[140/186] loss_total: 1.508, loss_id: 1.232, loss_triplet: 0.119, loss_camera_triplet: 0.000, loss_cross_camera_positive: 0.368, loss_pcc: 0.462, cross_camera_positive_count: 62.6, Acc: 0.986, Base Lr: 3.50e-04
2026-08-15 13:25:59,467 reid_baseline.train INFO: Soft Alignment Batch - Epoch: 37 Iteration: 140 soft_alignment_loss: 0.475923 valid_alignment_pair_count: 77 mean_soft_path_cost: 5.235153 alignment_temperature: 0.1
2026-08-15 13:26:02,168 reid_baseline.train INFO: Epoch[37] Iteration[160/186] loss_total: 1.510, loss_id: 1.231, loss_triplet: 0.120, loss_camera_triplet: 0.000, loss_cross_camera_positive: 0.372, loss_pcc: 0.468, cross_camera_positive_count: 62.7, Acc: 0.986, Base Lr: 3.50e-04
2026-08-15 13:26:02,168 reid_baseline.train INFO: Soft Alignment Batch - Epoch: 37 Iteration: 160 soft_alignment_loss: 0.456652 valid_alignment_pair_count: 73 mean_soft_path_cost: 5.023176 alignment_temperature: 0.1
2026-08-15 13:26:04,912 reid_baseline.train INFO: Epoch[37] Iteration[180/186] loss_total: 1.500, loss_id: 1.225, loss_triplet: 0.116, loss_camera_triplet: 0.000, loss_cross_camera_positive: 0.373, loss_pcc: 0.468, cross_camera_positive_count: 62.9, Acc: 0.986, Base Lr: 3.50e-04
2026-08-15 13:26:04,912 reid_baseline.train INFO: Soft Alignment Batch - Epoch: 37 Iteration: 180 soft_alignment_loss: 0.459222 valid_alignment_pair_count: 76 mean_soft_path_cost: 5.051448 alignment_temperature: 0.1
2026-08-15 13:26:05,726 reid_baseline.train INFO: EPOCH_EVIDENCE epoch=37 global_iteration=6882 epoch_length=186
2026-08-15 13:26:05,726 reid_baseline.train INFO: Soft Alignment Epoch Summary - Epoch: 37 soft_alignment_loss: 0.460077 valid_alignment_pair_count: 13786 mean_soft_path_cost: 5.060843 alignment_temperature: 0.1
2026-08-15 13:26:05,727 reid_baseline.train INFO: Epoch 37 done. Time per batch: 24.241[s] Speed: 491.1[samples/s]
2026-08-15 13:26:05,727 reid_baseline.train INFO: ----------
2026-08-15 13:26:08,450 reid_baseline.train INFO: Epoch[38] Iteration[20/186] loss_total: 1.491, loss_id: 1.218, loss_triplet: 0.115, loss_camera_triplet: 0.000, loss_cross_camera_positive: 0.371, loss_pcc: 0.464, cross_camera_positive_count: 63.0, Acc: 0.987, Base Lr: 3.50e-04
2026-08-15 13:26:08,450 reid_baseline.train INFO: Soft Alignment Batch - Epoch: 38 Iteration: 20 soft_alignment_loss: 0.449810 valid_alignment_pair_count: 78 mean_soft_path_cost: 4.947911 alignment_temperature: 0.1
2026-08-15 13:26:11,196 reid_baseline.train INFO: Epoch[38] Iteration[40/186] loss_total: 1.485, loss_id: 1.216, loss_triplet: 0.112, loss_camera_triplet: 0.000, loss_cross_camera_positive: 0.368, loss_pcc: 0.462, cross_camera_positive_count: 63.0, Acc: 0.987, Base Lr: 3.50e-04
2026-08-15 13:26:11,196 reid_baseline.train INFO: Soft Alignment Batch - Epoch: 38 Iteration: 40 soft_alignment_loss: 0.443621 valid_alignment_pair_count: 73 mean_soft_path_cost: 4.879830 alignment_temperature: 0.1
2026-08-15 13:26:13,927 reid_baseline.train INFO: Epoch[38] Iteration[60/186] loss_total: 1.476, loss_id: 1.207, loss_triplet: 0.114, loss_camera_triplet: 0.000, loss_cross_camera_positive: 0.364, loss_pcc: 0.453, cross_camera_positive_count: 62.9, Acc: 0.989, Base Lr: 3.50e-04
2026-08-15 13:26:13,927 reid_baseline.train INFO: Soft Alignment Batch - Epoch: 38 Iteration: 60 soft_alignment_loss: 0.419886 valid_alignment_pair_count: 82 mean_soft_path_cost: 4.618747 alignment_temperature: 0.1
2026-08-15 13:26:16,629 reid_baseline.train INFO: Epoch[38] Iteration[80/186] loss_total: 1.456, loss_id: 1.191, loss_triplet: 0.115, loss_camera_triplet: 0.000, loss_cross_camera_positive: 0.353, loss_pcc: 0.438, cross_camera_positive_count: 62.6, Acc: 0.990, Base Lr: 3.50e-04
2026-08-15 13:26:16,629 reid_baseline.train INFO: Soft Alignment Batch - Epoch: 38 Iteration: 80 soft_alignment_loss: 0.395773 valid_alignment_pair_count: 76 mean_soft_path_cost: 4.353498 alignment_temperature: 0.1
2026-08-15 13:26:19,940 reid_baseline.train INFO: Epoch[38] Iteration[100/186] loss_total: 1.502, loss_id: 1.221, loss_triplet: 0.122, loss_camera_triplet: 0.000, loss_cross_camera_positive: 0.375, loss_pcc: 0.469, cross_camera_positive_count: 62.4, Acc: 0.988, Base Lr: 3.50e-04
2026-08-15 13:26:19,940 reid_baseline.train INFO: Soft Alignment Batch - Epoch: 38 Iteration: 100 soft_alignment_loss: 0.471611 valid_alignment_pair_count: 70 mean_soft_path_cost: 5.187725 alignment_temperature: 0.1
2026-08-15 13:26:22,709 reid_baseline.train INFO: Epoch[38] Iteration[120/186] loss_total: 1.502, loss_id: 1.223, loss_triplet: 0.123, loss_camera_triplet: 0.000, loss_cross_camera_positive: 0.367, loss_pcc: 0.463, cross_camera_positive_count: 62.5, Acc: 0.988, Base Lr: 3.50e-04
2026-08-15 13:26:22,709 reid_baseline.train INFO: Soft Alignment Batch - Epoch: 38 Iteration: 120 soft_alignment_loss: 0.466517 valid_alignment_pair_count: 72 mean_soft_path_cost: 5.131691 alignment_temperature: 0.1
2026-08-15 13:26:25,431 reid_baseline.train INFO: Epoch[38] Iteration[140/186] loss_total: 1.504, loss_id: 1.224, loss_triplet: 0.122, loss_camera_triplet: 0.000, loss_cross_camera_positive: 0.370, loss_pcc: 0.464, cross_camera_positive_count: 62.6, Acc: 0.987, Base Lr: 3.50e-04
2026-08-15 13:26:25,431 reid_baseline.train INFO: Soft Alignment Batch - Epoch: 38 Iteration: 140 soft_alignment_loss: 0.453622 valid_alignment_pair_count: 75 mean_soft_path_cost: 4.989845 alignment_temperature: 0.1
2026-08-15 13:26:28,165 reid_baseline.train INFO: Epoch[38] Iteration[160/186] loss_total: 1.499, loss_id: 1.224, loss_triplet: 0.118, loss_camera_triplet: 0.000, loss_cross_camera_positive: 0.370, loss_pcc: 0.462, cross_camera_positive_count: 62.7, Acc: 0.986, Base Lr: 3.50e-04
2026-08-15 13:26:28,165 reid_baseline.train INFO: Soft Alignment Batch - Epoch: 38 Iteration: 160 soft_alignment_loss: 0.469668 valid_alignment_pair_count: 67 mean_soft_path_cost: 5.166348 alignment_temperature: 0.1
2026-08-15 13:26:30,900 reid_baseline.train INFO: Epoch[38] Iteration[180/186] loss_total: 1.500, loss_id: 1.225, loss_triplet: 0.119, loss_camera_triplet: 0.000, loss_cross_camera_positive: 0.368, loss_pcc: 0.460, cross_camera_positive_count: 62.5, Acc: 0.986, Base Lr: 3.50e-04
2026-08-15 13:26:30,900 reid_baseline.train INFO: Soft Alignment Batch - Epoch: 38 Iteration: 180 soft_alignment_loss: 0.430730 valid_alignment_pair_count: 77 mean_soft_path_cost: 4.738033 alignment_temperature: 0.1
2026-08-15 13:26:31,724 reid_baseline.train INFO: EPOCH_EVIDENCE epoch=38 global_iteration=7068 epoch_length=186
2026-08-15 13:26:31,724 reid_baseline.train INFO: Soft Alignment Epoch Summary - Epoch: 38 soft_alignment_loss: 0.458191 valid_alignment_pair_count: 13769 mean_soft_path_cost: 5.040096 alignment_temperature: 0.1
2026-08-15 13:26:31,724 reid_baseline.train INFO: Epoch 38 done. Time per batch: 24.389[s] Speed: 488.1[samples/s]
2026-08-15 13:26:31,725 reid_baseline.train INFO: ----------
2026-08-15 13:26:34,408 reid_baseline.train INFO: Epoch[39] Iteration[20/186] loss_total: 1.501, loss_id: 1.227, loss_triplet: 0.117, loss_camera_triplet: 0.000, loss_cross_camera_positive: 0.369, loss_pcc: 0.460, cross_camera_positive_count: 62.7, Acc: 0.986, Base Lr: 3.50e-04
2026-08-15 13:26:34,408 reid_baseline.train INFO: Soft Alignment Batch - Epoch: 39 Iteration: 20 soft_alignment_loss: 0.451105 valid_alignment_pair_count: 73 mean_soft_path_cost: 4.962153 alignment_temperature: 0.1
2026-08-15 13:26:37,106 reid_baseline.train INFO: Epoch[39] Iteration[40/186] loss_total: 1.501, loss_id: 1.226, loss_triplet: 0.119, loss_camera_triplet: 0.000, loss_cross_camera_positive: 0.369, loss_pcc: 0.460, cross_camera_positive_count: 62.7, Acc: 0.985, Base Lr: 3.50e-04
2026-08-15 13:26:37,106 reid_baseline.train INFO: Soft Alignment Batch - Epoch: 39 Iteration: 40 soft_alignment_loss: 0.450383 valid_alignment_pair_count: 74 mean_soft_path_cost: 4.954211 alignment_temperature: 0.1
2026-08-15 13:26:39,743 reid_baseline.train INFO: Epoch[39] Iteration[60/186] loss_total: 1.483, loss_id: 1.214, loss_triplet: 0.114, loss_camera_triplet: 0.000, loss_cross_camera_positive: 0.363, loss_pcc: 0.454, cross_camera_positive_count: 62.5, Acc: 0.987, Base Lr: 3.50e-04
2026-08-15 13:26:39,743 reid_baseline.train INFO: Soft Alignment Batch - Epoch: 39 Iteration: 60 soft_alignment_loss: 0.467766 valid_alignment_pair_count: 81 mean_soft_path_cost: 5.145423 alignment_temperature: 0.1
2026-08-15 13:26:42,822 reid_baseline.train INFO: Epoch[39] Iteration[80/186] loss_total: 1.474, loss_id: 1.209, loss_triplet: 0.114, loss_camera_triplet: 0.000, loss_cross_camera_positive: 0.358, loss_pcc: 0.445, cross_camera_positive_count: 62.6, Acc: 0.987, Base Lr: 3.50e-04
2026-08-15 13:26:42,823 reid_baseline.train INFO: Soft Alignment Batch - Epoch: 39 Iteration: 80 soft_alignment_loss: 0.407413 valid_alignment_pair_count: 76 mean_soft_path_cost: 4.481545 alignment_temperature: 0.1
2026-08-15 13:26:45,497 reid_baseline.train INFO: Epoch[39] Iteration[100/186] loss_total: 1.502, loss_id: 1.225, loss_triplet: 0.117, loss_camera_triplet: 0.000, loss_cross_camera_positive: 0.375, loss_pcc: 0.470, cross_camera_positive_count: 62.5, Acc: 0.984, Base Lr: 3.50e-04
2026-08-15 13:26:45,497 reid_baseline.train INFO: Soft Alignment Batch - Epoch: 39 Iteration: 100 soft_alignment_loss: 0.508798 valid_alignment_pair_count: 79 mean_soft_path_cost: 5.596773 alignment_temperature: 0.1
2026-08-15 13:26:48,186 reid_baseline.train INFO: Epoch[39] Iteration[120/186] loss_total: 1.508, loss_id: 1.228, loss_triplet: 0.120, loss_camera_triplet: 0.000, loss_cross_camera_positive: 0.377, loss_pcc: 0.473, cross_camera_positive_count: 62.9, Acc: 0.985, Base Lr: 3.50e-04
2026-08-15 13:26:48,186 reid_baseline.train INFO: Soft Alignment Batch - Epoch: 39 Iteration: 120 soft_alignment_loss: 0.460956 valid_alignment_pair_count: 82 mean_soft_path_cost: 5.070519 alignment_temperature: 0.1
2026-08-15 13:26:50,868 reid_baseline.train INFO: Epoch[39] Iteration[140/186] loss_total: 1.503, loss_id: 1.225, loss_triplet: 0.118, loss_camera_triplet: 0.000, loss_cross_camera_positive: 0.378, loss_pcc: 0.474, cross_camera_positive_count: 62.8, Acc: 0.986, Base Lr: 3.50e-04
2026-08-15 13:26:50,868 reid_baseline.train INFO: Soft Alignment Batch - Epoch: 39 Iteration: 140 soft_alignment_loss: 0.475307 valid_alignment_pair_count: 78 mean_soft_path_cost: 5.228380 alignment_temperature: 0.1
2026-08-15 13:26:53,555 reid_baseline.train INFO: Epoch[39] Iteration[160/186] loss_total: 1.499, loss_id: 1.220, loss_triplet: 0.118, loss_camera_triplet: 0.000, loss_cross_camera_positive: 0.378, loss_pcc: 0.472, cross_camera_positive_count: 62.7, Acc: 0.988, Base Lr: 3.50e-04
2026-08-15 13:26:53,555 reid_baseline.train INFO: Soft Alignment Batch - Epoch: 39 Iteration: 160 soft_alignment_loss: 0.499597 valid_alignment_pair_count: 80 mean_soft_path_cost: 5.495565 alignment_temperature: 0.1
2026-08-15 13:26:56,243 reid_baseline.train INFO: Epoch[39] Iteration[180/186] loss_total: 1.504, loss_id: 1.225, loss_triplet: 0.120, loss_camera_triplet: 0.000, loss_cross_camera_positive: 0.374, loss_pcc: 0.467, cross_camera_positive_count: 62.7, Acc: 0.987, Base Lr: 3.50e-04
2026-08-15 13:26:56,243 reid_baseline.train INFO: Soft Alignment Batch - Epoch: 39 Iteration: 180 soft_alignment_loss: 0.463810 valid_alignment_pair_count: 72 mean_soft_path_cost: 5.101909 alignment_temperature: 0.1
2026-08-15 13:26:57,047 reid_baseline.train INFO: EPOCH_EVIDENCE epoch=39 global_iteration=7254 epoch_length=186
2026-08-15 13:26:57,048 reid_baseline.train INFO: Soft Alignment Epoch Summary - Epoch: 39 soft_alignment_loss: 0.465688 valid_alignment_pair_count: 13837 mean_soft_path_cost: 5.122567 alignment_temperature: 0.1
2026-08-15 13:26:57,048 reid_baseline.train INFO: Epoch 39 done. Time per batch: 23.922[s] Speed: 497.6[samples/s]
2026-08-15 13:26:57,048 reid_baseline.train INFO: ----------
2026-08-15 13:26:59,721 reid_baseline.train INFO: Epoch[40] Iteration[20/186] loss_total: 1.497, loss_id: 1.222, loss_triplet: 0.117, loss_camera_triplet: 0.000, loss_cross_camera_positive: 0.370, loss_pcc: 0.459, cross_camera_positive_count: 62.6, Acc: 0.987, Base Lr: 3.50e-05
2026-08-15 13:26:59,721 reid_baseline.train INFO: Soft Alignment Batch - Epoch: 40 Iteration: 20 soft_alignment_loss: 0.451029 valid_alignment_pair_count: 69 mean_soft_path_cost: 4.961320 alignment_temperature: 0.1
2026-08-15 13:27:02,402 reid_baseline.train INFO: Epoch[40] Iteration[40/186] loss_total: 1.476, loss_id: 1.206, loss_triplet: 0.116, loss_camera_triplet: 0.000, loss_cross_camera_positive: 0.363, loss_pcc: 0.453, cross_camera_positive_count: 62.6, Acc: 0.990, Base Lr: 3.50e-05
2026-08-15 13:27:02,402 reid_baseline.train INFO: Soft Alignment Batch - Epoch: 40 Iteration: 40 soft_alignment_loss: 0.434705 valid_alignment_pair_count: 66 mean_soft_path_cost: 4.781750 alignment_temperature: 0.1
2026-08-15 13:27:05,077 reid_baseline.train INFO: Epoch[40] Iteration[60/186] loss_total: 1.452, loss_id: 1.189, loss_triplet: 0.112, loss_camera_triplet: 0.000, loss_cross_camera_positive: 0.355, loss_pcc: 0.443, cross_camera_positive_count: 62.5, Acc: 0.992, Base Lr: 3.50e-05
2026-08-15 13:27:05,077 reid_baseline.train INFO: Soft Alignment Batch - Epoch: 40 Iteration: 60 soft_alignment_loss: 0.409265 valid_alignment_pair_count: 74 mean_soft_path_cost: 4.501915 alignment_temperature: 0.1
2026-08-15 13:27:08,483 reid_baseline.train INFO: Epoch[40] Iteration[80/186] loss_total: 1.418, loss_id: 1.172, loss_triplet: 0.100, loss_camera_triplet: 0.000, loss_cross_camera_positive: 0.344, loss_pcc: 0.431, cross_camera_positive_count: 62.3, Acc: 0.993, Base Lr: 3.50e-05
2026-08-15 13:27:08,483 reid_baseline.train INFO: Soft Alignment Batch - Epoch: 40 Iteration: 80 soft_alignment_loss: 0.399557 valid_alignment_pair_count: 74 mean_soft_path_cost: 4.395129 alignment_temperature: 0.1
2026-08-15 13:27:11,145 reid_baseline.train INFO: Epoch[40] Iteration[100/186] loss_total: 1.412, loss_id: 1.169, loss_triplet: 0.100, loss_camera_triplet: 0.000, loss_cross_camera_positive: 0.336, loss_pcc: 0.421, cross_camera_positive_count: 62.2, Acc: 0.994, Base Lr: 3.50e-05
2026-08-15 13:27:11,145 reid_baseline.train INFO: Soft Alignment Batch - Epoch: 40 Iteration: 100 soft_alignment_loss: 0.406019 valid_alignment_pair_count: 78 mean_soft_path_cost: 4.466206 alignment_temperature: 0.1
2026-08-15 13:27:13,728 reid_baseline.train INFO: Epoch[40] Iteration[120/186] loss_total: 1.402, loss_id: 1.163, loss_triplet: 0.097, loss_camera_triplet: 0.000, loss_cross_camera_positive: 0.334, loss_pcc: 0.420, cross_camera_positive_count: 62.3, Acc: 0.994, Base Lr: 3.50e-05
2026-08-15 13:27:13,728 reid_baseline.train INFO: Soft Alignment Batch - Epoch: 40 Iteration: 120 soft_alignment_loss: 0.420726 valid_alignment_pair_count: 79 mean_soft_path_cost: 4.627982 alignment_temperature: 0.1
2026-08-15 13:27:16,401 reid_baseline.train INFO: Epoch[40] Iteration[140/186] loss_total: 1.393, loss_id: 1.157, loss_triplet: 0.096, loss_camera_triplet: 0.000, loss_cross_camera_positive: 0.329, loss_pcc: 0.413, cross_camera_positive_count: 62.3, Acc: 0.995, Base Lr: 3.50e-05
2026-08-15 13:27:16,401 reid_baseline.train INFO: Soft Alignment Batch - Epoch: 40 Iteration: 140 soft_alignment_loss: 0.400647 valid_alignment_pair_count: 68 mean_soft_path_cost: 4.407115 alignment_temperature: 0.1
2026-08-15 13:27:19,085 reid_baseline.train INFO: Epoch[40] Iteration[160/186] loss_total: 1.389, loss_id: 1.155, loss_triplet: 0.095, loss_camera_triplet: 0.000, loss_cross_camera_positive: 0.326, loss_pcc: 0.409, cross_camera_positive_count: 62.6, Acc: 0.994, Base Lr: 3.50e-05
2026-08-15 13:27:19,085 reid_baseline.train INFO: Soft Alignment Batch - Epoch: 40 Iteration: 160 soft_alignment_loss: 0.390108 valid_alignment_pair_count: 74 mean_soft_path_cost: 4.291190 alignment_temperature: 0.1
2026-08-15 13:27:21,769 reid_baseline.train INFO: Epoch[40] Iteration[180/186] loss_total: 1.382, loss_id: 1.150, loss_triplet: 0.094, loss_camera_triplet: 0.000, loss_cross_camera_positive: 0.323, loss_pcc: 0.406, cross_camera_positive_count: 62.7, Acc: 0.995, Base Lr: 3.50e-05
2026-08-15 13:27:21,769 reid_baseline.train INFO: Soft Alignment Batch - Epoch: 40 Iteration: 180 soft_alignment_loss: 0.400904 valid_alignment_pair_count: 74 mean_soft_path_cost: 4.409940 alignment_temperature: 0.1
2026-08-15 13:27:22,843 reid_baseline.train INFO: EPOCH_EVIDENCE epoch=40 global_iteration=7440 epoch_length=186
2026-08-15 13:27:22,843 reid_baseline.train INFO: Soft Alignment Epoch Summary - Epoch: 40 soft_alignment_loss: 0.414337 valid_alignment_pair_count: 13755 mean_soft_path_cost: 4.557710 alignment_temperature: 0.1
2026-08-15 13:27:22,843 reid_baseline.train INFO: Epoch 40 done. Time per batch: 23.814[s] Speed: 499.9[samples/s]
2026-08-15 13:27:22,843 reid_baseline.train INFO: ----------
The test feature is normalized
2026-08-15 13:28:46,550 reid_baseline.train INFO: Validation Results - Epoch: 40
2026-08-15 13:28:46,551 reid_baseline.train INFO: mAP: 82.2%
2026-08-15 13:28:46,551 reid_baseline.train INFO: CMC curve, Rank-1  :92.3%
2026-08-15 13:28:46,551 reid_baseline.train INFO: CMC curve, Rank-5  :97.5%
2026-08-15 13:28:46,551 reid_baseline.train INFO: CMC curve, Rank-10 :98.4%
2026-08-15 13:28:49,270 reid_baseline.train INFO: Epoch[41] Iteration[20/186] loss_total: 1.364, loss_id: 1.141, loss_triplet: 0.088, loss_camera_triplet: 0.000, loss_cross_camera_positive: 0.318, loss_pcc: 0.402, cross_camera_positive_count: 62.6, Acc: 0.995, Base Lr: 3.50e-05
2026-08-15 13:28:49,270 reid_baseline.train INFO: Soft Alignment Batch - Epoch: 41 Iteration: 20 soft_alignment_loss: 0.398705 valid_alignment_pair_count: 80 mean_soft_path_cost: 4.385759 alignment_temperature: 0.1
2026-08-15 13:28:51,971 reid_baseline.train INFO: Epoch[41] Iteration[40/186] loss_total: 1.351, loss_id: 1.135, loss_triplet: 0.081, loss_camera_triplet: 0.000, loss_cross_camera_positive: 0.316, loss_pcc: 0.400, cross_camera_positive_count: 62.4, Acc: 0.995, Base Lr: 3.50e-05
2026-08-15 13:28:51,971 reid_baseline.train INFO: Soft Alignment Batch - Epoch: 41 Iteration: 40 soft_alignment_loss: 0.386151 valid_alignment_pair_count: 75 mean_soft_path_cost: 4.247663 alignment_temperature: 0.1
2026-08-15 13:28:54,650 reid_baseline.train INFO: Epoch[41] Iteration[60/186] loss_total: 1.341, loss_id: 1.131, loss_triplet: 0.075, loss_camera_triplet: 0.000, loss_cross_camera_positive: 0.314, loss_pcc: 0.398, cross_camera_positive_count: 62.2, Acc: 0.995, Base Lr: 3.50e-05
2026-08-15 13:28:54,650 reid_baseline.train INFO: Soft Alignment Batch - Epoch: 41 Iteration: 60 soft_alignment_loss: 0.378213 valid_alignment_pair_count: 78 mean_soft_path_cost: 4.160347 alignment_temperature: 0.1
2026-08-15 13:28:57,795 reid_baseline.train INFO: Epoch[41] Iteration[80/186] loss_total: 1.335, loss_id: 1.128, loss_triplet: 0.075, loss_camera_triplet: 0.000, loss_cross_camera_positive: 0.311, loss_pcc: 0.395, cross_camera_positive_count: 62.3, Acc: 0.996, Base Lr: 3.50e-05
2026-08-15 13:28:57,795 reid_baseline.train INFO: Soft Alignment Batch - Epoch: 41 Iteration: 80 soft_alignment_loss: 0.395336 valid_alignment_pair_count: 76 mean_soft_path_cost: 4.348693 alignment_temperature: 0.1
2026-08-15 13:29:00,517 reid_baseline.train INFO: Epoch[41] Iteration[100/186] loss_total: 1.338, loss_id: 1.130, loss_triplet: 0.076, loss_camera_triplet: 0.000, loss_cross_camera_positive: 0.311, loss_pcc: 0.395, cross_camera_positive_count: 62.5, Acc: 0.996, Base Lr: 3.50e-05
2026-08-15 13:29:00,518 reid_baseline.train INFO: Soft Alignment Batch - Epoch: 41 Iteration: 100 soft_alignment_loss: 0.397331 valid_alignment_pair_count: 77 mean_soft_path_cost: 4.370636 alignment_temperature: 0.1
2026-08-15 13:29:03,275 reid_baseline.train INFO: Epoch[41] Iteration[120/186] loss_total: 1.343, loss_id: 1.133, loss_triplet: 0.076, loss_camera_triplet: 0.000, loss_cross_camera_positive: 0.313, loss_pcc: 0.397, cross_camera_positive_count: 62.7, Acc: 0.995, Base Lr: 3.50e-05
2026-08-15 13:29:03,275 reid_baseline.train INFO: Soft Alignment Batch - Epoch: 41 Iteration: 120 soft_alignment_loss: 0.369780 valid_alignment_pair_count: 78 mean_soft_path_cost: 4.067582 alignment_temperature: 0.1
2026-08-15 13:29:05,999 reid_baseline.train INFO: Epoch[41] Iteration[140/186] loss_total: 1.340, loss_id: 1.127, loss_triplet: 0.080, loss_camera_triplet: 0.000, loss_cross_camera_positive: 0.310, loss_pcc: 0.394, cross_camera_positive_count: 62.9, Acc: 0.996, Base Lr: 3.50e-05
2026-08-15 13:29:05,999 reid_baseline.train INFO: Soft Alignment Batch - Epoch: 41 Iteration: 140 soft_alignment_loss: 0.394265 valid_alignment_pair_count: 76 mean_soft_path_cost: 4.336920 alignment_temperature: 0.1
2026-08-15 13:29:08,754 reid_baseline.train INFO: Epoch[41] Iteration[160/186] loss_total: 1.339, loss_id: 1.127, loss_triplet: 0.081, loss_camera_triplet: 0.000, loss_cross_camera_positive: 0.308, loss_pcc: 0.391, cross_camera_positive_count: 63.0, Acc: 0.996, Base Lr: 3.50e-05
2026-08-15 13:29:08,754 reid_baseline.train INFO: Soft Alignment Batch - Epoch: 41 Iteration: 160 soft_alignment_loss: 0.387528 valid_alignment_pair_count: 80 mean_soft_path_cost: 4.262813 alignment_temperature: 0.1
2026-08-15 13:29:11,498 reid_baseline.train INFO: Epoch[41] Iteration[180/186] loss_total: 1.342, loss_id: 1.127, loss_triplet: 0.083, loss_camera_triplet: 0.000, loss_cross_camera_positive: 0.308, loss_pcc: 0.389, cross_camera_positive_count: 62.6, Acc: 0.995, Base Lr: 3.50e-05
2026-08-15 13:29:11,498 reid_baseline.train INFO: Soft Alignment Batch - Epoch: 41 Iteration: 180 soft_alignment_loss: 0.385552 valid_alignment_pair_count: 71 mean_soft_path_cost: 4.241076 alignment_temperature: 0.1
2026-08-15 13:29:12,316 reid_baseline.train INFO: EPOCH_EVIDENCE epoch=41 global_iteration=7626 epoch_length=186
2026-08-15 13:29:12,317 reid_baseline.train INFO: Soft Alignment Epoch Summary - Epoch: 41 soft_alignment_loss: 0.392105 valid_alignment_pair_count: 13653 mean_soft_path_cost: 4.313156 alignment_temperature: 0.1
2026-08-15 13:29:12,317 reid_baseline.train INFO: Epoch 41 done. Time per batch: 24.323[s] Speed: 489.4[samples/s]
2026-08-15 13:29:12,317 reid_baseline.train INFO: ----------
2026-08-15 13:29:15,054 reid_baseline.train INFO: Epoch[42] Iteration[20/186] loss_total: 1.324, loss_id: 1.119, loss_triplet: 0.076, loss_camera_triplet: 0.000, loss_cross_camera_positive: 0.305, loss_pcc: 0.387, cross_camera_positive_count: 62.6, Acc: 0.997, Base Lr: 3.50e-05
2026-08-15 13:29:15,054 reid_baseline.train INFO: Soft Alignment Batch - Epoch: 42 Iteration: 20 soft_alignment_loss: 0.386004 valid_alignment_pair_count: 72 mean_soft_path_cost: 4.246048 alignment_temperature: 0.1
2026-08-15 13:29:17,780 reid_baseline.train INFO: Epoch[42] Iteration[40/186] loss_total: 1.317, loss_id: 1.115, loss_triplet: 0.072, loss_camera_triplet: 0.000, loss_cross_camera_positive: 0.303, loss_pcc: 0.386, cross_camera_positive_count: 62.6, Acc: 0.996, Base Lr: 3.50e-05
2026-08-15 13:29:17,780 reid_baseline.train INFO: Soft Alignment Batch - Epoch: 42 Iteration: 40 soft_alignment_loss: 0.395683 valid_alignment_pair_count: 73 mean_soft_path_cost: 4.352511 alignment_temperature: 0.1
2026-08-15 13:29:20,496 reid_baseline.train INFO: Epoch[42] Iteration[60/186] loss_total: 1.312, loss_id: 1.110, loss_triplet: 0.073, loss_camera_triplet: 0.000, loss_cross_camera_positive: 0.303, loss_pcc: 0.385, cross_camera_positive_count: 62.5, Acc: 0.996, Base Lr: 3.50e-05
2026-08-15 13:29:20,496 reid_baseline.train INFO: Soft Alignment Batch - Epoch: 42 Iteration: 60 soft_alignment_loss: 0.396922 valid_alignment_pair_count: 73 mean_soft_path_cost: 4.366143 alignment_temperature: 0.1
2026-08-15 13:29:23,651 reid_baseline.train INFO: Epoch[42] Iteration[80/186] loss_total: 1.318, loss_id: 1.113, loss_triplet: 0.076, loss_camera_triplet: 0.000, loss_cross_camera_positive: 0.302, loss_pcc: 0.383, cross_camera_positive_count: 62.5, Acc: 0.997, Base Lr: 3.50e-05
2026-08-15 13:29:23,651 reid_baseline.train INFO: Soft Alignment Batch - Epoch: 42 Iteration: 80 soft_alignment_loss: 0.383297 valid_alignment_pair_count: 77 mean_soft_path_cost: 4.216268 alignment_temperature: 0.1
2026-08-15 13:29:26,346 reid_baseline.train INFO: Epoch[42] Iteration[100/186] loss_total: 1.321, loss_id: 1.116, loss_triplet: 0.075, loss_camera_triplet: 0.000, loss_cross_camera_positive: 0.305, loss_pcc: 0.386, cross_camera_positive_count: 62.6, Acc: 0.997, Base Lr: 3.50e-05
2026-08-15 13:29:26,346 reid_baseline.train INFO: Soft Alignment Batch - Epoch: 42 Iteration: 100 soft_alignment_loss: 0.374449 valid_alignment_pair_count: 78 mean_soft_path_cost: 4.118940 alignment_temperature: 0.1
2026-08-15 13:29:29,071 reid_baseline.train INFO: Epoch[42] Iteration[120/186] loss_total: 1.325, loss_id: 1.116, loss_triplet: 0.079, loss_camera_triplet: 0.000, loss_cross_camera_positive: 0.305, loss_pcc: 0.384, cross_camera_positive_count: 62.7, Acc: 0.997, Base Lr: 3.50e-05
2026-08-15 13:29:29,071 reid_baseline.train INFO: Soft Alignment Batch - Epoch: 42 Iteration: 120 soft_alignment_loss: 0.375991 valid_alignment_pair_count: 75 mean_soft_path_cost: 4.135903 alignment_temperature: 0.1
2026-08-15 13:29:31,766 reid_baseline.train INFO: Epoch[42] Iteration[140/186] loss_total: 1.326, loss_id: 1.118, loss_triplet: 0.078, loss_camera_triplet: 0.000, loss_cross_camera_positive: 0.305, loss_pcc: 0.385, cross_camera_positive_count: 62.3, Acc: 0.996, Base Lr: 3.50e-05
2026-08-15 13:29:31,766 reid_baseline.train INFO: Soft Alignment Batch - Epoch: 42 Iteration: 140 soft_alignment_loss: 0.374636 valid_alignment_pair_count: 70 mean_soft_path_cost: 4.120997 alignment_temperature: 0.1
2026-08-15 13:29:34,488 reid_baseline.train INFO: Epoch[42] Iteration[160/186] loss_total: 1.323, loss_id: 1.116, loss_triplet: 0.078, loss_camera_triplet: 0.000, loss_cross_camera_positive: 0.305, loss_pcc: 0.386, cross_camera_positive_count: 62.2, Acc: 0.997, Base Lr: 3.50e-05
2026-08-15 13:29:34,488 reid_baseline.train INFO: Soft Alignment Batch - Epoch: 42 Iteration: 160 soft_alignment_loss: 0.381551 valid_alignment_pair_count: 74 mean_soft_path_cost: 4.197061 alignment_temperature: 0.1
2026-08-15 13:29:37,199 reid_baseline.train INFO: Epoch[42] Iteration[180/186] loss_total: 1.315, loss_id: 1.113, loss_triplet: 0.073, loss_camera_triplet: 0.000, loss_cross_camera_positive: 0.301, loss_pcc: 0.383, cross_camera_positive_count: 62.6, Acc: 0.998, Base Lr: 3.50e-05
2026-08-15 13:29:37,199 reid_baseline.train INFO: Soft Alignment Batch - Epoch: 42 Iteration: 180 soft_alignment_loss: 0.380020 valid_alignment_pair_count: 73 mean_soft_path_cost: 4.180221 alignment_temperature: 0.1
2026-08-15 13:29:38,010 reid_baseline.train INFO: EPOCH_EVIDENCE epoch=42 global_iteration=7812 epoch_length=186
2026-08-15 13:29:38,010 reid_baseline.train INFO: Soft Alignment Epoch Summary - Epoch: 42 soft_alignment_loss: 0.383833 valid_alignment_pair_count: 13701 mean_soft_path_cost: 4.222165 alignment_temperature: 0.1
2026-08-15 13:29:38,010 reid_baseline.train INFO: Epoch 42 done. Time per batch: 24.209[s] Speed: 491.7[samples/s]
2026-08-15 13:29:38,010 reid_baseline.train INFO: ----------
2026-08-15 13:29:40,719 reid_baseline.train INFO: Epoch[43] Iteration[20/186] loss_total: 1.309, loss_id: 1.109, loss_triplet: 0.073, loss_camera_triplet: 0.000, loss_cross_camera_positive: 0.298, loss_pcc: 0.381, cross_camera_positive_count: 62.5, Acc: 0.998, Base Lr: 3.50e-05
2026-08-15 13:29:40,719 reid_baseline.train INFO: Soft Alignment Batch - Epoch: 43 Iteration: 20 soft_alignment_loss: 0.370891 valid_alignment_pair_count: 75 mean_soft_path_cost: 4.079805 alignment_temperature: 0.1
2026-08-15 13:29:43,437 reid_baseline.train INFO: Epoch[43] Iteration[40/186] loss_total: 1.304, loss_id: 1.108, loss_triplet: 0.069, loss_camera_triplet: 0.000, loss_cross_camera_positive: 0.296, loss_pcc: 0.378, cross_camera_positive_count: 62.8, Acc: 0.998, Base Lr: 3.50e-05
2026-08-15 13:29:43,438 reid_baseline.train INFO: Soft Alignment Batch - Epoch: 43 Iteration: 40 soft_alignment_loss: 0.374083 valid_alignment_pair_count: 77 mean_soft_path_cost: 4.114912 alignment_temperature: 0.1
2026-08-15 13:29:46,124 reid_baseline.train INFO: Epoch[43] Iteration[60/186] loss_total: 1.301, loss_id: 1.104, loss_triplet: 0.070, loss_camera_triplet: 0.000, loss_cross_camera_positive: 0.295, loss_pcc: 0.377, cross_camera_positive_count: 62.8, Acc: 0.998, Base Lr: 3.50e-05
2026-08-15 13:29:46,124 reid_baseline.train INFO: Soft Alignment Batch - Epoch: 43 Iteration: 60 soft_alignment_loss: 0.367788 valid_alignment_pair_count: 72 mean_soft_path_cost: 4.045663 alignment_temperature: 0.1
2026-08-15 13:29:49,338 reid_baseline.train INFO: Epoch[43] Iteration[80/186] loss_total: 1.304, loss_id: 1.108, loss_triplet: 0.071, loss_camera_triplet: 0.000, loss_cross_camera_positive: 0.292, loss_pcc: 0.373, cross_camera_positive_count: 62.8, Acc: 0.998, Base Lr: 3.50e-05
2026-08-15 13:29:49,338 reid_baseline.train INFO: Soft Alignment Batch - Epoch: 43 Iteration: 80 soft_alignment_loss: 0.385562 valid_alignment_pair_count: 72 mean_soft_path_cost: 4.241180 alignment_temperature: 0.1
2026-08-15 13:29:52,058 reid_baseline.train INFO: Epoch[43] Iteration[100/186] loss_total: 1.307, loss_id: 1.110, loss_triplet: 0.071, loss_camera_triplet: 0.000, loss_cross_camera_positive: 0.295, loss_pcc: 0.377, cross_camera_positive_count: 62.4, Acc: 0.997, Base Lr: 3.50e-05
2026-08-15 13:29:52,058 reid_baseline.train INFO: Soft Alignment Batch - Epoch: 43 Iteration: 100 soft_alignment_loss: 0.393101 valid_alignment_pair_count: 73 mean_soft_path_cost: 4.324114 alignment_temperature: 0.1
2026-08-15 13:29:54,773 reid_baseline.train INFO: Epoch[43] Iteration[120/186] loss_total: 1.307, loss_id: 1.111, loss_triplet: 0.069, loss_camera_triplet: 0.000, loss_cross_camera_positive: 0.296, loss_pcc: 0.377, cross_camera_positive_count: 62.2, Acc: 0.997, Base Lr: 3.50e-05
2026-08-15 13:29:54,773 reid_baseline.train INFO: Soft Alignment Batch - Epoch: 43 Iteration: 120 soft_alignment_loss: 0.372373 valid_alignment_pair_count: 76 mean_soft_path_cost: 4.096105 alignment_temperature: 0.1
2026-08-15 13:29:57,464 reid_baseline.train INFO: Epoch[43] Iteration[140/186] loss_total: 1.305, loss_id: 1.109, loss_triplet: 0.070, loss_camera_triplet: 0.000, loss_cross_camera_positive: 0.294, loss_pcc: 0.376, cross_camera_positive_count: 62.5, Acc: 0.997, Base Lr: 3.50e-05
2026-08-15 13:29:57,464 reid_baseline.train INFO: Soft Alignment Batch - Epoch: 43 Iteration: 140 soft_alignment_loss: 0.389719 valid_alignment_pair_count: 73 mean_soft_path_cost: 4.286912 alignment_temperature: 0.1
2026-08-15 13:30:00,169 reid_baseline.train INFO: Epoch[43] Iteration[160/186] loss_total: 1.311, loss_id: 1.111, loss_triplet: 0.074, loss_camera_triplet: 0.000, loss_cross_camera_positive: 0.296, loss_pcc: 0.377, cross_camera_positive_count: 62.6, Acc: 0.998, Base Lr: 3.50e-05
2026-08-15 13:30:00,169 reid_baseline.train INFO: Soft Alignment Batch - Epoch: 43 Iteration: 160 soft_alignment_loss: 0.376565 valid_alignment_pair_count: 77 mean_soft_path_cost: 4.142220 alignment_temperature: 0.1
2026-08-15 13:30:02,878 reid_baseline.train INFO: Epoch[43] Iteration[180/186] loss_total: 1.307, loss_id: 1.109, loss_triplet: 0.071, loss_camera_triplet: 0.000, loss_cross_camera_positive: 0.297, loss_pcc: 0.379, cross_camera_positive_count: 62.7, Acc: 0.998, Base Lr: 3.50e-05
2026-08-15 13:30:02,878 reid_baseline.train INFO: Soft Alignment Batch - Epoch: 43 Iteration: 180 soft_alignment_loss: 0.373277 valid_alignment_pair_count: 76 mean_soft_path_cost: 4.106050 alignment_temperature: 0.1
2026-08-15 13:30:03,687 reid_baseline.train INFO: EPOCH_EVIDENCE epoch=43 global_iteration=7998 epoch_length=186
2026-08-15 13:30:03,688 reid_baseline.train INFO: Soft Alignment Epoch Summary - Epoch: 43 soft_alignment_loss: 0.376421 valid_alignment_pair_count: 13778 mean_soft_path_cost: 4.140629 alignment_temperature: 0.1
2026-08-15 13:30:03,688 reid_baseline.train INFO: Epoch 43 done. Time per batch: 24.139[s] Speed: 493.2[samples/s]
2026-08-15 13:30:03,688 reid_baseline.train INFO: ----------
2026-08-15 13:30:06,399 reid_baseline.train INFO: Epoch[44] Iteration[20/186] loss_total: 1.303, loss_id: 1.107, loss_triplet: 0.069, loss_camera_triplet: 0.000, loss_cross_camera_positive: 0.295, loss_pcc: 0.377, cross_camera_positive_count: 62.6, Acc: 0.998, Base Lr: 3.50e-05
2026-08-15 13:30:06,399 reid_baseline.train INFO: Soft Alignment Batch - Epoch: 44 Iteration: 20 soft_alignment_loss: 0.369436 valid_alignment_pair_count: 77 mean_soft_path_cost: 4.063797 alignment_temperature: 0.1
2026-08-15 13:30:09,115 reid_baseline.train INFO: Epoch[44] Iteration[40/186] loss_total: 1.297, loss_id: 1.105, loss_triplet: 0.066, loss_camera_triplet: 0.000, loss_cross_camera_positive: 0.295, loss_pcc: 0.377, cross_camera_positive_count: 62.7, Acc: 0.998, Base Lr: 3.50e-05
2026-08-15 13:30:09,115 reid_baseline.train INFO: Soft Alignment Batch - Epoch: 44 Iteration: 40 soft_alignment_loss: 0.385406 valid_alignment_pair_count: 73 mean_soft_path_cost: 4.239463 alignment_temperature: 0.1
2026-08-15 13:30:11,810 reid_baseline.train INFO: Epoch[44] Iteration[60/186] loss_total: 1.287, loss_id: 1.099, loss_triplet: 0.062, loss_camera_triplet: 0.000, loss_cross_camera_positive: 0.293, loss_pcc: 0.375, cross_camera_positive_count: 62.8, Acc: 0.998, Base Lr: 3.50e-05
2026-08-15 13:30:11,810 reid_baseline.train INFO: Soft Alignment Batch - Epoch: 44 Iteration: 60 soft_alignment_loss: 0.363753 valid_alignment_pair_count: 73 mean_soft_path_cost: 4.001283 alignment_temperature: 0.1
2026-08-15 13:30:15,125 reid_baseline.train INFO: Epoch[44] Iteration[80/186] loss_total: 1.294, loss_id: 1.104, loss_triplet: 0.066, loss_camera_triplet: 0.000, loss_cross_camera_positive: 0.291, loss_pcc: 0.372, cross_camera_positive_count: 62.5, Acc: 0.997, Base Lr: 3.50e-05
2026-08-15 13:30:15,126 reid_baseline.train INFO: Soft Alignment Batch - Epoch: 44 Iteration: 80 soft_alignment_loss: 0.396513 valid_alignment_pair_count: 73 mean_soft_path_cost: 4.361638 alignment_temperature: 0.1
2026-08-15 13:30:17,830 reid_baseline.train INFO: Epoch[44] Iteration[100/186] loss_total: 1.303, loss_id: 1.107, loss_triplet: 0.070, loss_camera_triplet: 0.000, loss_cross_camera_positive: 0.294, loss_pcc: 0.376, cross_camera_positive_count: 62.6, Acc: 0.997, Base Lr: 3.50e-05
2026-08-15 13:30:17,830 reid_baseline.train INFO: Soft Alignment Batch - Epoch: 44 Iteration: 100 soft_alignment_loss: 0.386400 valid_alignment_pair_count: 74 mean_soft_path_cost: 4.250403 alignment_temperature: 0.1
2026-08-15 13:30:20,608 reid_baseline.train INFO: Epoch[44] Iteration[120/186] loss_total: 1.305, loss_id: 1.108, loss_triplet: 0.072, loss_camera_triplet: 0.000, loss_cross_camera_positive: 0.293, loss_pcc: 0.375, cross_camera_positive_count: 62.5, Acc: 0.998, Base Lr: 3.50e-05
2026-08-15 13:30:20,608 reid_baseline.train INFO: Soft Alignment Batch - Epoch: 44 Iteration: 120 soft_alignment_loss: 0.365257 valid_alignment_pair_count: 71 mean_soft_path_cost: 4.017826 alignment_temperature: 0.1
2026-08-15 13:30:23,336 reid_baseline.train INFO: Epoch[44] Iteration[140/186] loss_total: 1.300, loss_id: 1.106, loss_triplet: 0.069, loss_camera_triplet: 0.000, loss_cross_camera_positive: 0.292, loss_pcc: 0.375, cross_camera_positive_count: 62.3, Acc: 0.998, Base Lr: 3.50e-05
2026-08-15 13:30:23,336 reid_baseline.train INFO: Soft Alignment Batch - Epoch: 44 Iteration: 140 soft_alignment_loss: 0.373863 valid_alignment_pair_count: 78 mean_soft_path_cost: 4.112496 alignment_temperature: 0.1
2026-08-15 13:30:26,041 reid_baseline.train INFO: Epoch[44] Iteration[160/186] loss_total: 1.296, loss_id: 1.104, loss_triplet: 0.068, loss_camera_triplet: 0.000, loss_cross_camera_positive: 0.290, loss_pcc: 0.373, cross_camera_positive_count: 62.5, Acc: 0.998, Base Lr: 3.50e-05
2026-08-15 13:30:26,041 reid_baseline.train INFO: Soft Alignment Batch - Epoch: 44 Iteration: 160 soft_alignment_loss: 0.373290 valid_alignment_pair_count: 74 mean_soft_path_cost: 4.106185 alignment_temperature: 0.1
2026-08-15 13:30:28,773 reid_baseline.train INFO: Epoch[44] Iteration[180/186] loss_total: 1.292, loss_id: 1.103, loss_triplet: 0.065, loss_camera_triplet: 0.000, loss_cross_camera_positive: 0.289, loss_pcc: 0.374, cross_camera_positive_count: 62.6, Acc: 0.998, Base Lr: 3.50e-05
2026-08-15 13:30:28,773 reid_baseline.train INFO: Soft Alignment Batch - Epoch: 44 Iteration: 180 soft_alignment_loss: 0.364628 valid_alignment_pair_count: 74 mean_soft_path_cost: 4.010906 alignment_temperature: 0.1
2026-08-15 13:30:29,589 reid_baseline.train INFO: EPOCH_EVIDENCE epoch=44 global_iteration=8184 epoch_length=186
2026-08-15 13:30:29,589 reid_baseline.train INFO: Soft Alignment Epoch Summary - Epoch: 44 soft_alignment_loss: 0.373479 valid_alignment_pair_count: 13832 mean_soft_path_cost: 4.108273 alignment_temperature: 0.1
2026-08-15 13:30:29,589 reid_baseline.train INFO: Epoch 44 done. Time per batch: 24.223[s] Speed: 491.4[samples/s]
2026-08-15 13:30:29,589 reid_baseline.train INFO: ----------
2026-08-15 13:30:32,306 reid_baseline.train INFO: Epoch[45] Iteration[20/186] loss_total: 1.286, loss_id: 1.099, loss_triplet: 0.062, loss_camera_triplet: 0.000, loss_cross_camera_positive: 0.288, loss_pcc: 0.374, cross_camera_positive_count: 62.9, Acc: 0.998, Base Lr: 3.50e-05
2026-08-15 13:30:32,306 reid_baseline.train INFO: Soft Alignment Batch - Epoch: 45 Iteration: 20 soft_alignment_loss: 0.373759 valid_alignment_pair_count: 83 mean_soft_path_cost: 4.111354 alignment_temperature: 0.1
2026-08-15 13:30:35,039 reid_baseline.train INFO: Epoch[45] Iteration[40/186] loss_total: 1.282, loss_id: 1.097, loss_triplet: 0.061, loss_camera_triplet: 0.000, loss_cross_camera_positive: 0.288, loss_pcc: 0.374, cross_camera_positive_count: 62.8, Acc: 0.998, Base Lr: 3.50e-05
2026-08-15 13:30:35,039 reid_baseline.train INFO: Soft Alignment Batch - Epoch: 45 Iteration: 40 soft_alignment_loss: 0.380526 valid_alignment_pair_count: 76 mean_soft_path_cost: 4.185791 alignment_temperature: 0.1
2026-08-15 13:30:37,745 reid_baseline.train INFO: Epoch[45] Iteration[60/186] loss_total: 1.272, loss_id: 1.092, loss_triplet: 0.057, loss_camera_triplet: 0.000, loss_cross_camera_positive: 0.287, loss_pcc: 0.373, cross_camera_positive_count: 62.5, Acc: 0.999, Base Lr: 3.50e-05
2026-08-15 13:30:37,745 reid_baseline.train INFO: Soft Alignment Batch - Epoch: 45 Iteration: 60 soft_alignment_loss: 0.381459 valid_alignment_pair_count: 66 mean_soft_path_cost: 4.196051 alignment_temperature: 0.1
2026-08-15 13:30:41,051 reid_baseline.train INFO: Epoch[45] Iteration[80/186] loss_total: 1.286, loss_id: 1.099, loss_triplet: 0.062, loss_camera_triplet: 0.000, loss_cross_camera_positive: 0.288, loss_pcc: 0.373, cross_camera_positive_count: 62.8, Acc: 0.999, Base Lr: 3.50e-05
2026-08-15 13:30:41,051 reid_baseline.train INFO: Soft Alignment Batch - Epoch: 45 Iteration: 80 soft_alignment_loss: 0.399044 valid_alignment_pair_count: 69 mean_soft_path_cost: 4.389483 alignment_temperature: 0.1
2026-08-15 13:30:43,775 reid_baseline.train INFO: Epoch[45] Iteration[100/186] loss_total: 1.293, loss_id: 1.102, loss_triplet: 0.065, loss_camera_triplet: 0.000, loss_cross_camera_positive: 0.293, loss_pcc: 0.378, cross_camera_positive_count: 62.9, Acc: 0.998, Base Lr: 3.50e-05
2026-08-15 13:30:43,775 reid_baseline.train INFO: Soft Alignment Batch - Epoch: 45 Iteration: 100 soft_alignment_loss: 0.371769 valid_alignment_pair_count: 71 mean_soft_path_cost: 4.089460 alignment_temperature: 0.1
2026-08-15 13:30:46,505 reid_baseline.train INFO: Epoch[45] Iteration[120/186] loss_total: 1.292, loss_id: 1.101, loss_triplet: 0.065, loss_camera_triplet: 0.000, loss_cross_camera_positive: 0.293, loss_pcc: 0.379, cross_camera_positive_count: 62.8, Acc: 0.999, Base Lr: 3.50e-05
2026-08-15 13:30:46,506 reid_baseline.train INFO: Soft Alignment Batch - Epoch: 45 Iteration: 120 soft_alignment_loss: 0.364743 valid_alignment_pair_count: 78 mean_soft_path_cost: 4.012176 alignment_temperature: 0.1
2026-08-15 13:30:49,207 reid_baseline.train INFO: Epoch[45] Iteration[140/186] loss_total: 1.290, loss_id: 1.101, loss_triplet: 0.064, loss_camera_triplet: 0.000, loss_cross_camera_positive: 0.290, loss_pcc: 0.377, cross_camera_positive_count: 62.5, Acc: 0.998, Base Lr: 3.50e-05
2026-08-15 13:30:49,207 reid_baseline.train INFO: Soft Alignment Batch - Epoch: 45 Iteration: 140 soft_alignment_loss: 0.370422 valid_alignment_pair_count: 80 mean_soft_path_cost: 4.074642 alignment_temperature: 0.1
2026-08-15 13:30:51,961 reid_baseline.train INFO: Epoch[45] Iteration[160/186] loss_total: 1.286, loss_id: 1.100, loss_triplet: 0.062, loss_camera_triplet: 0.000, loss_cross_camera_positive: 0.288, loss_pcc: 0.375, cross_camera_positive_count: 62.5, Acc: 0.998, Base Lr: 3.50e-05
2026-08-15 13:30:51,961 reid_baseline.train INFO: Soft Alignment Batch - Epoch: 45 Iteration: 160 soft_alignment_loss: 0.365307 valid_alignment_pair_count: 81 mean_soft_path_cost: 4.018375 alignment_temperature: 0.1
2026-08-15 13:30:54,657 reid_baseline.train INFO: Epoch[45] Iteration[180/186] loss_total: 1.285, loss_id: 1.099, loss_triplet: 0.062, loss_camera_triplet: 0.000, loss_cross_camera_positive: 0.288, loss_pcc: 0.374, cross_camera_positive_count: 62.6, Acc: 0.998, Base Lr: 3.50e-05
2026-08-15 13:30:54,658 reid_baseline.train INFO: Soft Alignment Batch - Epoch: 45 Iteration: 180 soft_alignment_loss: 0.392656 valid_alignment_pair_count: 75 mean_soft_path_cost: 4.319217 alignment_temperature: 0.1
2026-08-15 13:30:55,490 reid_baseline.train INFO: EPOCH_EVIDENCE epoch=45 global_iteration=8370 epoch_length=186
2026-08-15 13:30:55,491 reid_baseline.train INFO: Soft Alignment Epoch Summary - Epoch: 45 soft_alignment_loss: 0.375329 valid_alignment_pair_count: 13824 mean_soft_path_cost: 4.128621 alignment_temperature: 0.1
2026-08-15 13:30:55,491 reid_baseline.train INFO: Epoch 45 done. Time per batch: 24.250[s] Speed: 490.9[samples/s]
2026-08-15 13:30:55,491 reid_baseline.train INFO: ----------
2026-08-15 13:30:58,224 reid_baseline.train INFO: Epoch[46] Iteration[20/186] loss_total: 1.275, loss_id: 1.095, loss_triplet: 0.057, loss_camera_triplet: 0.000, loss_cross_camera_positive: 0.286, loss_pcc: 0.374, cross_camera_positive_count: 62.6, Acc: 0.998, Base Lr: 3.50e-05
2026-08-15 13:30:58,225 reid_baseline.train INFO: Soft Alignment Batch - Epoch: 46 Iteration: 20 soft_alignment_loss: 0.364847 valid_alignment_pair_count: 75 mean_soft_path_cost: 4.013317 alignment_temperature: 0.1
2026-08-15 13:31:00,961 reid_baseline.train INFO: Epoch[46] Iteration[40/186] loss_total: 1.270, loss_id: 1.093, loss_triplet: 0.055, loss_camera_triplet: 0.000, loss_cross_camera_positive: 0.283, loss_pcc: 0.370, cross_camera_positive_count: 62.8, Acc: 0.998, Base Lr: 3.50e-05
2026-08-15 13:31:00,961 reid_baseline.train INFO: Soft Alignment Batch - Epoch: 46 Iteration: 40 soft_alignment_loss: 0.349362 valid_alignment_pair_count: 79 mean_soft_path_cost: 3.842985 alignment_temperature: 0.1
2026-08-15 13:31:04,152 reid_baseline.train INFO: Epoch[46] Iteration[60/186] loss_total: 1.270, loss_id: 1.091, loss_triplet: 0.057, loss_camera_triplet: 0.000, loss_cross_camera_positive: 0.282, loss_pcc: 0.368, cross_camera_positive_count: 62.3, Acc: 0.998, Base Lr: 3.50e-05
2026-08-15 13:31:04,152 reid_baseline.train INFO: Soft Alignment Batch - Epoch: 46 Iteration: 60 soft_alignment_loss: 0.354793 valid_alignment_pair_count: 69 mean_soft_path_cost: 3.902722 alignment_temperature: 0.1
2026-08-15 13:31:06,846 reid_baseline.train INFO: Epoch[46] Iteration[80/186] loss_total: 1.282, loss_id: 1.098, loss_triplet: 0.062, loss_camera_triplet: 0.000, loss_cross_camera_positive: 0.284, loss_pcc: 0.368, cross_camera_positive_count: 62.2, Acc: 0.998, Base Lr: 3.50e-05
2026-08-15 13:31:06,846 reid_baseline.train INFO: Soft Alignment Batch - Epoch: 46 Iteration: 80 soft_alignment_loss: 0.367304 valid_alignment_pair_count: 71 mean_soft_path_cost: 4.040349 alignment_temperature: 0.1
2026-08-15 13:31:09,569 reid_baseline.train INFO: Epoch[46] Iteration[100/186] loss_total: 1.284, loss_id: 1.098, loss_triplet: 0.063, loss_camera_triplet: 0.000, loss_cross_camera_positive: 0.289, loss_pcc: 0.373, cross_camera_positive_count: 62.1, Acc: 0.998, Base Lr: 3.50e-05
2026-08-15 13:31:09,569 reid_baseline.train INFO: Soft Alignment Batch - Epoch: 46 Iteration: 100 soft_alignment_loss: 0.377788 valid_alignment_pair_count: 74 mean_soft_path_cost: 4.155673 alignment_temperature: 0.1
2026-08-15 13:31:12,294 reid_baseline.train INFO: Epoch[46] Iteration[120/186] loss_total: 1.289, loss_id: 1.099, loss_triplet: 0.066, loss_camera_triplet: 0.000, loss_cross_camera_positive: 0.289, loss_pcc: 0.374, cross_camera_positive_count: 62.1, Acc: 0.997, Base Lr: 3.50e-05
2026-08-15 13:31:12,294 reid_baseline.train INFO: Soft Alignment Batch - Epoch: 46 Iteration: 120 soft_alignment_loss: 0.378594 valid_alignment_pair_count: 71 mean_soft_path_cost: 4.164536 alignment_temperature: 0.1
2026-08-15 13:31:15,002 reid_baseline.train INFO: Epoch[46] Iteration[140/186] loss_total: 1.284, loss_id: 1.096, loss_triplet: 0.063, loss_camera_triplet: 0.000, loss_cross_camera_positive: 0.290, loss_pcc: 0.376, cross_camera_positive_count: 62.5, Acc: 0.998, Base Lr: 3.50e-05
2026-08-15 13:31:15,002 reid_baseline.train INFO: Soft Alignment Batch - Epoch: 46 Iteration: 140 soft_alignment_loss: 0.372570 valid_alignment_pair_count: 76 mean_soft_path_cost: 4.098268 alignment_temperature: 0.1
2026-08-15 13:31:17,728 reid_baseline.train INFO: Epoch[46] Iteration[160/186] loss_total: 1.294, loss_id: 1.100, loss_triplet: 0.068, loss_camera_triplet: 0.000, loss_cross_camera_positive: 0.294, loss_pcc: 0.378, cross_camera_positive_count: 62.4, Acc: 0.998, Base Lr: 3.50e-05
2026-08-15 13:31:17,728 reid_baseline.train INFO: Soft Alignment Batch - Epoch: 46 Iteration: 160 soft_alignment_loss: 0.387586 valid_alignment_pair_count: 78 mean_soft_path_cost: 4.263445 alignment_temperature: 0.1
2026-08-15 13:31:20,450 reid_baseline.train INFO: Epoch[46] Iteration[180/186] loss_total: 1.286, loss_id: 1.097, loss_triplet: 0.062, loss_camera_triplet: 0.000, loss_cross_camera_positive: 0.294, loss_pcc: 0.380, cross_camera_positive_count: 62.4, Acc: 0.998, Base Lr: 3.50e-05
2026-08-15 13:31:20,450 reid_baseline.train INFO: Soft Alignment Batch - Epoch: 46 Iteration: 180 soft_alignment_loss: 0.395291 valid_alignment_pair_count: 64 mean_soft_path_cost: 4.348201 alignment_temperature: 0.1
2026-08-15 13:31:21,273 reid_baseline.train INFO: EPOCH_EVIDENCE epoch=46 global_iteration=8556 epoch_length=186
2026-08-15 13:31:21,273 reid_baseline.train INFO: Soft Alignment Epoch Summary - Epoch: 46 soft_alignment_loss: 0.374741 valid_alignment_pair_count: 13719 mean_soft_path_cost: 4.122146 alignment_temperature: 0.1
2026-08-15 13:31:21,273 reid_baseline.train INFO: Epoch 46 done. Time per batch: 24.240[s] Speed: 491.1[samples/s]
2026-08-15 13:31:21,273 reid_baseline.train INFO: ----------
2026-08-15 13:31:23,976 reid_baseline.train INFO: Epoch[47] Iteration[20/186] loss_total: 1.280, loss_id: 1.094, loss_triplet: 0.062, loss_camera_triplet: 0.000, loss_cross_camera_positive: 0.289, loss_pcc: 0.375, cross_camera_positive_count: 62.3, Acc: 0.999, Base Lr: 3.50e-05
2026-08-15 13:31:23,976 reid_baseline.train INFO: Soft Alignment Batch - Epoch: 47 Iteration: 20 soft_alignment_loss: 0.370548 valid_alignment_pair_count: 75 mean_soft_path_cost: 4.076022 alignment_temperature: 0.1
2026-08-15 13:31:26,698 reid_baseline.train INFO: Epoch[47] Iteration[40/186] loss_total: 1.271, loss_id: 1.091, loss_triplet: 0.058, loss_camera_triplet: 0.000, loss_cross_camera_positive: 0.284, loss_pcc: 0.371, cross_camera_positive_count: 62.6, Acc: 0.998, Base Lr: 3.50e-05
2026-08-15 13:31:26,698 reid_baseline.train INFO: Soft Alignment Batch - Epoch: 47 Iteration: 40 soft_alignment_loss: 0.353473 valid_alignment_pair_count: 72 mean_soft_path_cost: 3.888203 alignment_temperature: 0.1
2026-08-15 13:31:29,972 reid_baseline.train INFO: Epoch[47] Iteration[60/186] loss_total: 1.266, loss_id: 1.090, loss_triplet: 0.056, loss_camera_triplet: 0.000, loss_cross_camera_positive: 0.280, loss_pcc: 0.366, cross_camera_positive_count: 62.4, Acc: 0.998, Base Lr: 3.50e-05
2026-08-15 13:31:29,972 reid_baseline.train INFO: Soft Alignment Batch - Epoch: 47 Iteration: 60 soft_alignment_loss: 0.360997 valid_alignment_pair_count: 74 mean_soft_path_cost: 3.970968 alignment_temperature: 0.1
2026-08-15 13:31:32,675 reid_baseline.train INFO: Epoch[47] Iteration[80/186] loss_total: 1.279, loss_id: 1.095, loss_triplet: 0.061, loss_camera_triplet: 0.000, loss_cross_camera_positive: 0.285, loss_pcc: 0.371, cross_camera_positive_count: 62.4, Acc: 0.999, Base Lr: 3.50e-05
2026-08-15 13:31:32,675 reid_baseline.train INFO: Soft Alignment Batch - Epoch: 47 Iteration: 80 soft_alignment_loss: 0.394533 valid_alignment_pair_count: 71 mean_soft_path_cost: 4.339862 alignment_temperature: 0.1
2026-08-15 13:31:35,378 reid_baseline.train INFO: Epoch[47] Iteration[100/186] loss_total: 1.290, loss_id: 1.099, loss_triplet: 0.067, loss_camera_triplet: 0.000, loss_cross_camera_positive: 0.289, loss_pcc: 0.373, cross_camera_positive_count: 62.3, Acc: 0.998, Base Lr: 3.50e-05
2026-08-15 13:31:35,379 reid_baseline.train INFO: Soft Alignment Batch - Epoch: 47 Iteration: 100 soft_alignment_loss: 0.371722 valid_alignment_pair_count: 71 mean_soft_path_cost: 4.088938 alignment_temperature: 0.1
2026-08-15 13:31:38,090 reid_baseline.train INFO: Epoch[47] Iteration[120/186] loss_total: 1.291, loss_id: 1.099, loss_triplet: 0.068, loss_camera_triplet: 0.000, loss_cross_camera_positive: 0.288, loss_pcc: 0.372, cross_camera_positive_count: 62.1, Acc: 0.999, Base Lr: 3.50e-05
2026-08-15 13:31:38,091 reid_baseline.train INFO: Soft Alignment Batch - Epoch: 47 Iteration: 120 soft_alignment_loss: 0.381698 valid_alignment_pair_count: 80 mean_soft_path_cost: 4.198680 alignment_temperature: 0.1
2026-08-15 13:31:40,802 reid_baseline.train INFO: Epoch[47] Iteration[140/186] loss_total: 1.285, loss_id: 1.096, loss_triplet: 0.066, loss_camera_triplet: 0.000, loss_cross_camera_positive: 0.287, loss_pcc: 0.372, cross_camera_positive_count: 62.3, Acc: 0.999, Base Lr: 3.50e-05
2026-08-15 13:31:40,802 reid_baseline.train INFO: Soft Alignment Batch - Epoch: 47 Iteration: 140 soft_alignment_loss: 0.353561 valid_alignment_pair_count: 74 mean_soft_path_cost: 3.889172 alignment_temperature: 0.1
2026-08-15 13:31:43,517 reid_baseline.train INFO: Epoch[47] Iteration[160/186] loss_total: 1.281, loss_id: 1.095, loss_triplet: 0.063, loss_camera_triplet: 0.000, loss_cross_camera_positive: 0.286, loss_pcc: 0.371, cross_camera_positive_count: 62.6, Acc: 0.999, Base Lr: 3.50e-05
2026-08-15 13:31:43,518 reid_baseline.train INFO: Soft Alignment Batch - Epoch: 47 Iteration: 160 soft_alignment_loss: 0.364304 valid_alignment_pair_count: 76 mean_soft_path_cost: 4.007340 alignment_temperature: 0.1
2026-08-15 13:31:46,238 reid_baseline.train INFO: Epoch[47] Iteration[180/186] loss_total: 1.278, loss_id: 1.095, loss_triplet: 0.060, loss_camera_triplet: 0.000, loss_cross_camera_positive: 0.285, loss_pcc: 0.371, cross_camera_positive_count: 62.5, Acc: 0.999, Base Lr: 3.50e-05
2026-08-15 13:31:46,238 reid_baseline.train INFO: Soft Alignment Batch - Epoch: 47 Iteration: 180 soft_alignment_loss: 0.358858 valid_alignment_pair_count: 72 mean_soft_path_cost: 3.947441 alignment_temperature: 0.1
2026-08-15 13:31:47,055 reid_baseline.train INFO: EPOCH_EVIDENCE epoch=47 global_iteration=8742 epoch_length=186
2026-08-15 13:31:47,056 reid_baseline.train INFO: Soft Alignment Epoch Summary - Epoch: 47 soft_alignment_loss: 0.369664 valid_alignment_pair_count: 13756 mean_soft_path_cost: 4.066302 alignment_temperature: 0.1
2026-08-15 13:31:47,056 reid_baseline.train INFO: Epoch 47 done. Time per batch: 24.167[s] Speed: 492.6[samples/s]
2026-08-15 13:31:47,056 reid_baseline.train INFO: ----------
2026-08-15 13:31:49,766 reid_baseline.train INFO: Epoch[48] Iteration[20/186] loss_total: 1.269, loss_id: 1.091, loss_triplet: 0.056, loss_camera_triplet: 0.000, loss_cross_camera_positive: 0.284, loss_pcc: 0.369, cross_camera_positive_count: 62.9, Acc: 0.999, Base Lr: 3.50e-05
2026-08-15 13:31:49,766 reid_baseline.train INFO: Soft Alignment Batch - Epoch: 48 Iteration: 20 soft_alignment_loss: 0.367002 valid_alignment_pair_count: 74 mean_soft_path_cost: 4.037018 alignment_temperature: 0.1
2026-08-15 13:31:52,465 reid_baseline.train INFO: Epoch[48] Iteration[40/186] loss_total: 1.258, loss_id: 1.086, loss_triplet: 0.051, loss_camera_triplet: 0.000, loss_cross_camera_positive: 0.282, loss_pcc: 0.369, cross_camera_positive_count: 63.0, Acc: 1.000, Base Lr: 3.50e-05
2026-08-15 13:31:52,466 reid_baseline.train INFO: Soft Alignment Batch - Epoch: 48 Iteration: 40 soft_alignment_loss: 0.362243 valid_alignment_pair_count: 81 mean_soft_path_cost: 3.984676 alignment_temperature: 0.1
2026-08-15 13:31:55,680 reid_baseline.train INFO: Epoch[48] Iteration[60/186] loss_total: 1.260, loss_id: 1.088, loss_triplet: 0.052, loss_camera_triplet: 0.000, loss_cross_camera_positive: 0.279, loss_pcc: 0.364, cross_camera_positive_count: 62.9, Acc: 1.000, Base Lr: 3.50e-05
2026-08-15 13:31:55,680 reid_baseline.train INFO: Soft Alignment Batch - Epoch: 48 Iteration: 60 soft_alignment_loss: 0.366679 valid_alignment_pair_count: 71 mean_soft_path_cost: 4.033463 alignment_temperature: 0.1
2026-08-15 13:31:58,388 reid_baseline.train INFO: Epoch[48] Iteration[80/186] loss_total: 1.279, loss_id: 1.096, loss_triplet: 0.059, loss_camera_triplet: 0.000, loss_cross_camera_positive: 0.290, loss_pcc: 0.374, cross_camera_positive_count: 62.5, Acc: 0.999, Base Lr: 3.50e-05
2026-08-15 13:31:58,389 reid_baseline.train INFO: Soft Alignment Batch - Epoch: 48 Iteration: 80 soft_alignment_loss: 0.393279 valid_alignment_pair_count: 67 mean_soft_path_cost: 4.326072 alignment_temperature: 0.1
2026-08-15 13:32:01,101 reid_baseline.train INFO: Epoch[48] Iteration[100/186] loss_total: 1.278, loss_id: 1.096, loss_triplet: 0.057, loss_camera_triplet: 0.000, loss_cross_camera_positive: 0.289, loss_pcc: 0.375, cross_camera_positive_count: 62.8, Acc: 0.999, Base Lr: 3.50e-05
2026-08-15 13:32:01,101 reid_baseline.train INFO: Soft Alignment Batch - Epoch: 48 Iteration: 100 soft_alignment_loss: 0.362513 valid_alignment_pair_count: 73 mean_soft_path_cost: 3.987639 alignment_temperature: 0.1
2026-08-15 13:32:03,803 reid_baseline.train INFO: Epoch[48] Iteration[120/186] loss_total: 1.283, loss_id: 1.100, loss_triplet: 0.059, loss_camera_triplet: 0.000, loss_cross_camera_positive: 0.289, loss_pcc: 0.374, cross_camera_positive_count: 62.8, Acc: 0.998, Base Lr: 3.50e-05
2026-08-15 13:32:03,803 reid_baseline.train INFO: Soft Alignment Batch - Epoch: 48 Iteration: 120 soft_alignment_loss: 0.377551 valid_alignment_pair_count: 72 mean_soft_path_cost: 4.153058 alignment_temperature: 0.1
2026-08-15 13:32:06,522 reid_baseline.train INFO: Epoch[48] Iteration[140/186] loss_total: 1.279, loss_id: 1.095, loss_triplet: 0.060, loss_camera_triplet: 0.000, loss_cross_camera_positive: 0.288, loss_pcc: 0.373, cross_camera_positive_count: 62.8, Acc: 0.998, Base Lr: 3.50e-05
2026-08-15 13:32:06,522 reid_baseline.train INFO: Soft Alignment Batch - Epoch: 48 Iteration: 140 soft_alignment_loss: 0.369032 valid_alignment_pair_count: 84 mean_soft_path_cost: 4.059352 alignment_temperature: 0.1
2026-08-15 13:32:09,232 reid_baseline.train INFO: Epoch[48] Iteration[160/186] loss_total: 1.277, loss_id: 1.094, loss_triplet: 0.060, loss_camera_triplet: 0.000, loss_cross_camera_positive: 0.285, loss_pcc: 0.371, cross_camera_positive_count: 62.8, Acc: 0.998, Base Lr: 3.50e-05
2026-08-15 13:32:09,232 reid_baseline.train INFO: Soft Alignment Batch - Epoch: 48 Iteration: 160 soft_alignment_loss: 0.371443 valid_alignment_pair_count: 77 mean_soft_path_cost: 4.085877 alignment_temperature: 0.1
2026-08-15 13:32:11,940 reid_baseline.train INFO: Epoch[48] Iteration[180/186] loss_total: 1.269, loss_id: 1.091, loss_triplet: 0.055, loss_camera_triplet: 0.000, loss_cross_camera_positive: 0.285, loss_pcc: 0.371, cross_camera_positive_count: 62.9, Acc: 0.998, Base Lr: 3.50e-05
2026-08-15 13:32:11,940 reid_baseline.train INFO: Soft Alignment Batch - Epoch: 48 Iteration: 180 soft_alignment_loss: 0.366023 valid_alignment_pair_count: 64 mean_soft_path_cost: 4.026250 alignment_temperature: 0.1
2026-08-15 13:32:12,745 reid_baseline.train INFO: EPOCH_EVIDENCE epoch=48 global_iteration=8928 epoch_length=186
2026-08-15 13:32:12,745 reid_baseline.train INFO: Soft Alignment Epoch Summary - Epoch: 48 soft_alignment_loss: 0.370988 valid_alignment_pair_count: 13776 mean_soft_path_cost: 4.080871 alignment_temperature: 0.1
2026-08-15 13:32:12,745 reid_baseline.train INFO: Epoch 48 done. Time per batch: 24.117[s] Speed: 493.6[samples/s]
2026-08-15 13:32:12,745 reid_baseline.train INFO: ----------
2026-08-15 13:32:15,453 reid_baseline.train INFO: Epoch[49] Iteration[20/186] loss_total: 1.267, loss_id: 1.090, loss_triplet: 0.055, loss_camera_triplet: 0.000, loss_cross_camera_positive: 0.283, loss_pcc: 0.368, cross_camera_positive_count: 62.8, Acc: 0.999, Base Lr: 3.50e-05
2026-08-15 13:32:15,453 reid_baseline.train INFO: Soft Alignment Batch - Epoch: 49 Iteration: 20 soft_alignment_loss: 0.359671 valid_alignment_pair_count: 71 mean_soft_path_cost: 3.956384 alignment_temperature: 0.1
2026-08-15 13:32:18,165 reid_baseline.train INFO: Epoch[49] Iteration[40/186] loss_total: 1.262, loss_id: 1.087, loss_triplet: 0.053, loss_camera_triplet: 0.000, loss_cross_camera_positive: 0.283, loss_pcc: 0.367, cross_camera_positive_count: 62.7, Acc: 0.999, Base Lr: 3.50e-05
2026-08-15 13:32:18,166 reid_baseline.train INFO: Soft Alignment Batch - Epoch: 49 Iteration: 40 soft_alignment_loss: 0.350479 valid_alignment_pair_count: 80 mean_soft_path_cost: 3.855271 alignment_temperature: 0.1
2026-08-15 13:32:21,528 reid_baseline.train INFO: Epoch[49] Iteration[60/186] loss_total: 1.269, loss_id: 1.092, loss_triplet: 0.057, loss_camera_triplet: 0.000, loss_cross_camera_positive: 0.278, loss_pcc: 0.362, cross_camera_positive_count: 62.6, Acc: 0.999, Base Lr: 3.50e-05
2026-08-15 13:32:21,528 reid_baseline.train INFO: Soft Alignment Batch - Epoch: 49 Iteration: 60 soft_alignment_loss: 0.355627 valid_alignment_pair_count: 78 mean_soft_path_cost: 3.911893 alignment_temperature: 0.1
2026-08-15 13:32:24,262 reid_baseline.train INFO: Epoch[49] Iteration[80/186] loss_total: 1.277, loss_id: 1.095, loss_triplet: 0.059, loss_camera_triplet: 0.000, loss_cross_camera_positive: 0.285, loss_pcc: 0.370, cross_camera_positive_count: 62.6, Acc: 0.999, Base Lr: 3.50e-05
2026-08-15 13:32:24,262 reid_baseline.train INFO: Soft Alignment Batch - Epoch: 49 Iteration: 80 soft_alignment_loss: 0.376302 valid_alignment_pair_count: 71 mean_soft_path_cost: 4.139324 alignment_temperature: 0.1
2026-08-15 13:32:26,985 reid_baseline.train INFO: Epoch[49] Iteration[100/186] loss_total: 1.273, loss_id: 1.092, loss_triplet: 0.059, loss_camera_triplet: 0.000, loss_cross_camera_positive: 0.282, loss_pcc: 0.367, cross_camera_positive_count: 62.1, Acc: 0.999, Base Lr: 3.50e-05
2026-08-15 13:32:26,985 reid_baseline.train INFO: Soft Alignment Batch - Epoch: 49 Iteration: 100 soft_alignment_loss: 0.353667 valid_alignment_pair_count: 82 mean_soft_path_cost: 3.890334 alignment_temperature: 0.1
2026-08-15 13:32:29,723 reid_baseline.train INFO: Epoch[49] Iteration[120/186] loss_total: 1.275, loss_id: 1.092, loss_triplet: 0.060, loss_camera_triplet: 0.000, loss_cross_camera_positive: 0.284, loss_pcc: 0.369, cross_camera_positive_count: 62.3, Acc: 0.999, Base Lr: 3.50e-05
2026-08-15 13:32:29,724 reid_baseline.train INFO: Soft Alignment Batch - Epoch: 49 Iteration: 120 soft_alignment_loss: 0.381308 valid_alignment_pair_count: 82 mean_soft_path_cost: 4.194392 alignment_temperature: 0.1
2026-08-15 13:32:32,429 reid_baseline.train INFO: Epoch[49] Iteration[140/186] loss_total: 1.271, loss_id: 1.092, loss_triplet: 0.057, loss_camera_triplet: 0.000, loss_cross_camera_positive: 0.286, loss_pcc: 0.372, cross_camera_positive_count: 62.4, Acc: 0.999, Base Lr: 3.50e-05
2026-08-15 13:32:32,429 reid_baseline.train INFO: Soft Alignment Batch - Epoch: 49 Iteration: 140 soft_alignment_loss: 0.370151 valid_alignment_pair_count: 78 mean_soft_path_cost: 4.071659 alignment_temperature: 0.1
2026-08-15 13:32:35,123 reid_baseline.train INFO: Epoch[49] Iteration[160/186] loss_total: 1.273, loss_id: 1.092, loss_triplet: 0.057, loss_camera_triplet: 0.000, loss_cross_camera_positive: 0.287, loss_pcc: 0.372, cross_camera_positive_count: 62.5, Acc: 0.998, Base Lr: 3.50e-05
2026-08-15 13:32:35,123 reid_baseline.train INFO: Soft Alignment Batch - Epoch: 49 Iteration: 160 soft_alignment_loss: 0.370068 valid_alignment_pair_count: 73 mean_soft_path_cost: 4.070744 alignment_temperature: 0.1
2026-08-15 13:32:37,810 reid_baseline.train INFO: Epoch[49] Iteration[180/186] loss_total: 1.263, loss_id: 1.089, loss_triplet: 0.052, loss_camera_triplet: 0.000, loss_cross_camera_positive: 0.283, loss_pcc: 0.370, cross_camera_positive_count: 62.5, Acc: 0.998, Base Lr: 3.50e-05
2026-08-15 13:32:37,810 reid_baseline.train INFO: Soft Alignment Batch - Epoch: 49 Iteration: 180 soft_alignment_loss: 0.354123 valid_alignment_pair_count: 78 mean_soft_path_cost: 3.895349 alignment_temperature: 0.1
2026-08-15 13:32:38,618 reid_baseline.train INFO: EPOCH_EVIDENCE epoch=49 global_iteration=9114 epoch_length=186
2026-08-15 13:32:38,619 reid_baseline.train INFO: Soft Alignment Epoch Summary - Epoch: 49 soft_alignment_loss: 0.368100 valid_alignment_pair_count: 13732 mean_soft_path_cost: 4.049099 alignment_temperature: 0.1
2026-08-15 13:32:38,619 reid_baseline.train INFO: Epoch 49 done. Time per batch: 24.216[s] Speed: 491.6[samples/s]
2026-08-15 13:32:38,619 reid_baseline.train INFO: ----------
2026-08-15 13:32:41,334 reid_baseline.train INFO: Epoch[50] Iteration[20/186] loss_total: 1.260, loss_id: 1.089, loss_triplet: 0.051, loss_camera_triplet: 0.000, loss_cross_camera_positive: 0.279, loss_pcc: 0.366, cross_camera_positive_count: 62.5, Acc: 0.998, Base Lr: 3.50e-05
2026-08-15 13:32:41,334 reid_baseline.train INFO: Soft Alignment Batch - Epoch: 50 Iteration: 20 soft_alignment_loss: 0.371567 valid_alignment_pair_count: 68 mean_soft_path_cost: 4.087240 alignment_temperature: 0.1
2026-08-15 13:32:44,015 reid_baseline.train INFO: Epoch[50] Iteration[40/186] loss_total: 1.254, loss_id: 1.084, loss_triplet: 0.050, loss_camera_triplet: 0.000, loss_cross_camera_positive: 0.277, loss_pcc: 0.363, cross_camera_positive_count: 62.6, Acc: 0.999, Base Lr: 3.50e-05
2026-08-15 13:32:44,016 reid_baseline.train INFO: Soft Alignment Batch - Epoch: 50 Iteration: 40 soft_alignment_loss: 0.350478 valid_alignment_pair_count: 84 mean_soft_path_cost: 3.855261 alignment_temperature: 0.1
2026-08-15 13:32:47,162 reid_baseline.train INFO: Epoch[50] Iteration[60/186] loss_total: 1.266, loss_id: 1.092, loss_triplet: 0.055, loss_camera_triplet: 0.000, loss_cross_camera_positive: 0.277, loss_pcc: 0.360, cross_camera_positive_count: 62.7, Acc: 0.998, Base Lr: 3.50e-05
2026-08-15 13:32:47,162 reid_baseline.train INFO: Soft Alignment Batch - Epoch: 50 Iteration: 60 soft_alignment_loss: 0.377061 valid_alignment_pair_count: 67 mean_soft_path_cost: 4.147675 alignment_temperature: 0.1
2026-08-15 13:32:49,863 reid_baseline.train INFO: Epoch[50] Iteration[80/186] loss_total: 1.271, loss_id: 1.093, loss_triplet: 0.056, loss_camera_triplet: 0.000, loss_cross_camera_positive: 0.286, loss_pcc: 0.372, cross_camera_positive_count: 62.7, Acc: 0.998, Base Lr: 3.50e-05
2026-08-15 13:32:49,863 reid_baseline.train INFO: Soft Alignment Batch - Epoch: 50 Iteration: 80 soft_alignment_loss: 0.371553 valid_alignment_pair_count: 69 mean_soft_path_cost: 4.087084 alignment_temperature: 0.1
2026-08-15 13:32:52,554 reid_baseline.train INFO: Epoch[50] Iteration[100/186] loss_total: 1.271, loss_id: 1.092, loss_triplet: 0.056, loss_camera_triplet: 0.000, loss_cross_camera_positive: 0.286, loss_pcc: 0.372, cross_camera_positive_count: 62.6, Acc: 0.998, Base Lr: 3.50e-05
2026-08-15 13:32:52,554 reid_baseline.train INFO: Soft Alignment Batch - Epoch: 50 Iteration: 100 soft_alignment_loss: 0.368221 valid_alignment_pair_count: 63 mean_soft_path_cost: 4.050434 alignment_temperature: 0.1
2026-08-15 13:32:55,262 reid_baseline.train INFO: Epoch[50] Iteration[120/186] loss_total: 1.274, loss_id: 1.092, loss_triplet: 0.059, loss_camera_triplet: 0.000, loss_cross_camera_positive: 0.286, loss_pcc: 0.372, cross_camera_positive_count: 62.8, Acc: 0.998, Base Lr: 3.50e-05
2026-08-15 13:32:55,262 reid_baseline.train INFO: Soft Alignment Batch - Epoch: 50 Iteration: 120 soft_alignment_loss: 0.373313 valid_alignment_pair_count: 76 mean_soft_path_cost: 4.106448 alignment_temperature: 0.1
2026-08-15 13:32:57,965 reid_baseline.train INFO: Epoch[50] Iteration[140/186] loss_total: 1.272, loss_id: 1.092, loss_triplet: 0.057, loss_camera_triplet: 0.000, loss_cross_camera_positive: 0.287, loss_pcc: 0.373, cross_camera_positive_count: 62.9, Acc: 0.998, Base Lr: 3.50e-05
2026-08-15 13:32:57,965 reid_baseline.train INFO: Soft Alignment Batch - Epoch: 50 Iteration: 140 soft_alignment_loss: 0.371147 valid_alignment_pair_count: 79 mean_soft_path_cost: 4.082618 alignment_temperature: 0.1
2026-08-15 13:33:00,652 reid_baseline.train INFO: Epoch[50] Iteration[160/186] loss_total: 1.275, loss_id: 1.093, loss_triplet: 0.059, loss_camera_triplet: 0.000, loss_cross_camera_positive: 0.287, loss_pcc: 0.371, cross_camera_positive_count: 62.9, Acc: 0.998, Base Lr: 3.50e-05
2026-08-15 13:33:00,652 reid_baseline.train INFO: Soft Alignment Batch - Epoch: 50 Iteration: 160 soft_alignment_loss: 0.372749 valid_alignment_pair_count: 72 mean_soft_path_cost: 4.100241 alignment_temperature: 0.1
2026-08-15 13:33:03,335 reid_baseline.train INFO: Epoch[50] Iteration[180/186] loss_total: 1.268, loss_id: 1.090, loss_triplet: 0.055, loss_camera_triplet: 0.000, loss_cross_camera_positive: 0.285, loss_pcc: 0.370, cross_camera_positive_count: 62.7, Acc: 0.998, Base Lr: 3.50e-05
2026-08-15 13:33:03,336 reid_baseline.train INFO: Soft Alignment Batch - Epoch: 50 Iteration: 180 soft_alignment_loss: 0.377521 valid_alignment_pair_count: 69 mean_soft_path_cost: 4.152726 alignment_temperature: 0.1
2026-08-15 13:33:04,145 reid_baseline.train INFO: EPOCH_EVIDENCE epoch=50 global_iteration=9300 epoch_length=186
2026-08-15 13:33:04,145 reid_baseline.train INFO: Soft Alignment Epoch Summary - Epoch: 50 soft_alignment_loss: 0.369400 valid_alignment_pair_count: 13847 mean_soft_path_cost: 4.063397 alignment_temperature: 0.1
2026-08-15 13:33:04,145 reid_baseline.train INFO: Epoch 50 done. Time per batch: 24.063[s] Speed: 494.7[samples/s]
2026-08-15 13:33:04,145 reid_baseline.train INFO: ----------
2026-08-15 13:33:06,832 reid_baseline.train INFO: Epoch[51] Iteration[20/186] loss_total: 1.263, loss_id: 1.088, loss_triplet: 0.053, loss_camera_triplet: 0.000, loss_cross_camera_positive: 0.285, loss_pcc: 0.370, cross_camera_positive_count: 62.7, Acc: 0.998, Base Lr: 3.50e-05
2026-08-15 13:33:06,832 reid_baseline.train INFO: Soft Alignment Batch - Epoch: 51 Iteration: 20 soft_alignment_loss: 0.371973 valid_alignment_pair_count: 79 mean_soft_path_cost: 4.091697 alignment_temperature: 0.1
2026-08-15 13:33:09,517 reid_baseline.train INFO: Epoch[51] Iteration[40/186] loss_total: 1.257, loss_id: 1.086, loss_triplet: 0.049, loss_camera_triplet: 0.000, loss_cross_camera_positive: 0.283, loss_pcc: 0.369, cross_camera_positive_count: 62.4, Acc: 0.998, Base Lr: 3.50e-05
2026-08-15 13:33:09,517 reid_baseline.train INFO: Soft Alignment Batch - Epoch: 51 Iteration: 40 soft_alignment_loss: 0.369132 valid_alignment_pair_count: 66 mean_soft_path_cost: 4.060448 alignment_temperature: 0.1
2026-08-15 13:33:12,788 reid_baseline.train INFO: Epoch[51] Iteration[60/186] loss_total: 1.266, loss_id: 1.091, loss_triplet: 0.054, loss_camera_triplet: 0.000, loss_cross_camera_positive: 0.280, loss_pcc: 0.365, cross_camera_positive_count: 62.1, Acc: 0.998, Base Lr: 3.50e-05
2026-08-15 13:33:12,788 reid_baseline.train INFO: Soft Alignment Batch - Epoch: 51 Iteration: 60 soft_alignment_loss: 0.391018 valid_alignment_pair_count: 78 mean_soft_path_cost: 4.301199 alignment_temperature: 0.1
2026-08-15 13:33:15,512 reid_baseline.train INFO: Epoch[51] Iteration[80/186] loss_total: 1.276, loss_id: 1.095, loss_triplet: 0.058, loss_camera_triplet: 0.000, loss_cross_camera_positive: 0.287, loss_pcc: 0.374, cross_camera_positive_count: 62.4, Acc: 0.998, Base Lr: 3.50e-05
2026-08-15 13:33:15,512 reid_baseline.train INFO: Soft Alignment Batch - Epoch: 51 Iteration: 80 soft_alignment_loss: 0.393635 valid_alignment_pair_count: 80 mean_soft_path_cost: 4.329981 alignment_temperature: 0.1
2026-08-15 13:33:18,232 reid_baseline.train INFO: Epoch[51] Iteration[100/186] loss_total: 1.281, loss_id: 1.097, loss_triplet: 0.060, loss_camera_triplet: 0.000, loss_cross_camera_positive: 0.288, loss_pcc: 0.376, cross_camera_positive_count: 62.2, Acc: 0.997, Base Lr: 3.50e-05
2026-08-15 13:33:18,233 reid_baseline.train INFO: Soft Alignment Batch - Epoch: 51 Iteration: 100 soft_alignment_loss: 0.367764 valid_alignment_pair_count: 71 mean_soft_path_cost: 4.045400 alignment_temperature: 0.1
2026-08-15 13:33:20,952 reid_baseline.train INFO: Epoch[51] Iteration[120/186] loss_total: 1.281, loss_id: 1.098, loss_triplet: 0.059, loss_camera_triplet: 0.000, loss_cross_camera_positive: 0.288, loss_pcc: 0.376, cross_camera_positive_count: 62.2, Acc: 0.997, Base Lr: 3.50e-05
2026-08-15 13:33:20,952 reid_baseline.train INFO: Soft Alignment Batch - Epoch: 51 Iteration: 120 soft_alignment_loss: 0.382562 valid_alignment_pair_count: 65 mean_soft_path_cost: 4.208179 alignment_temperature: 0.1
2026-08-15 13:33:23,680 reid_baseline.train INFO: Epoch[51] Iteration[140/186] loss_total: 1.279, loss_id: 1.095, loss_triplet: 0.060, loss_camera_triplet: 0.000, loss_cross_camera_positive: 0.289, loss_pcc: 0.377, cross_camera_positive_count: 62.4, Acc: 0.998, Base Lr: 3.50e-05
2026-08-15 13:33:23,680 reid_baseline.train INFO: Soft Alignment Batch - Epoch: 51 Iteration: 140 soft_alignment_loss: 0.364308 valid_alignment_pair_count: 76 mean_soft_path_cost: 4.007389 alignment_temperature: 0.1
2026-08-15 13:33:26,404 reid_baseline.train INFO: Epoch[51] Iteration[160/186] loss_total: 1.275, loss_id: 1.093, loss_triplet: 0.058, loss_camera_triplet: 0.000, loss_cross_camera_positive: 0.286, loss_pcc: 0.373, cross_camera_positive_count: 62.3, Acc: 0.998, Base Lr: 3.50e-05
2026-08-15 13:33:26,404 reid_baseline.train INFO: Soft Alignment Batch - Epoch: 51 Iteration: 160 soft_alignment_loss: 0.372407 valid_alignment_pair_count: 73 mean_soft_path_cost: 4.096482 alignment_temperature: 0.1
2026-08-15 13:33:29,127 reid_baseline.train INFO: Epoch[51] Iteration[180/186] loss_total: 1.265, loss_id: 1.088, loss_triplet: 0.055, loss_camera_triplet: 0.000, loss_cross_camera_positive: 0.284, loss_pcc: 0.371, cross_camera_positive_count: 62.7, Acc: 0.999, Base Lr: 3.50e-05
2026-08-15 13:33:29,127 reid_baseline.train INFO: Soft Alignment Batch - Epoch: 51 Iteration: 180 soft_alignment_loss: 0.367212 valid_alignment_pair_count: 80 mean_soft_path_cost: 4.039330 alignment_temperature: 0.1
2026-08-15 13:33:29,947 reid_baseline.train INFO: EPOCH_EVIDENCE epoch=51 global_iteration=9486 epoch_length=186
2026-08-15 13:33:29,948 reid_baseline.train INFO: Soft Alignment Epoch Summary - Epoch: 51 soft_alignment_loss: 0.372138 valid_alignment_pair_count: 13786 mean_soft_path_cost: 4.093516 alignment_temperature: 0.1
2026-08-15 13:33:29,948 reid_baseline.train INFO: Epoch 51 done. Time per batch: 24.213[s] Speed: 491.6[samples/s]
2026-08-15 13:33:29,948 reid_baseline.train INFO: ----------
2026-08-15 13:33:32,674 reid_baseline.train INFO: Epoch[52] Iteration[20/186] loss_total: 1.264, loss_id: 1.087, loss_triplet: 0.056, loss_camera_triplet: 0.000, loss_cross_camera_positive: 0.282, loss_pcc: 0.369, cross_camera_positive_count: 62.4, Acc: 0.998, Base Lr: 3.50e-05
2026-08-15 13:33:32,674 reid_baseline.train INFO: Soft Alignment Batch - Epoch: 52 Iteration: 20 soft_alignment_loss: 0.352799 valid_alignment_pair_count: 70 mean_soft_path_cost: 3.880788 alignment_temperature: 0.1
2026-08-15 13:33:35,404 reid_baseline.train INFO: Epoch[52] Iteration[40/186] loss_total: 1.250, loss_id: 1.081, loss_triplet: 0.049, loss_camera_triplet: 0.000, loss_cross_camera_positive: 0.277, loss_pcc: 0.365, cross_camera_positive_count: 62.6, Acc: 0.999, Base Lr: 3.50e-05
2026-08-15 13:33:35,404 reid_baseline.train INFO: Soft Alignment Batch - Epoch: 52 Iteration: 40 soft_alignment_loss: 0.352925 valid_alignment_pair_count: 72 mean_soft_path_cost: 3.882173 alignment_temperature: 0.1
2026-08-15 13:33:38,621 reid_baseline.train INFO: Epoch[52] Iteration[60/186] loss_total: 1.258, loss_id: 1.087, loss_triplet: 0.051, loss_camera_triplet: 0.000, loss_cross_camera_positive: 0.278, loss_pcc: 0.367, cross_camera_positive_count: 62.8, Acc: 0.999, Base Lr: 3.50e-05
2026-08-15 13:33:38,621 reid_baseline.train INFO: Soft Alignment Batch - Epoch: 52 Iteration: 60 soft_alignment_loss: 0.385372 valid_alignment_pair_count: 81 mean_soft_path_cost: 4.239089 alignment_temperature: 0.1
2026-08-15 13:33:41,331 reid_baseline.train INFO: Epoch[52] Iteration[80/186] loss_total: 1.263, loss_id: 1.090, loss_triplet: 0.053, loss_camera_triplet: 0.000, loss_cross_camera_positive: 0.279, loss_pcc: 0.369, cross_camera_positive_count: 62.5, Acc: 0.998, Base Lr: 3.50e-05
2026-08-15 13:33:41,331 reid_baseline.train INFO: Soft Alignment Batch - Epoch: 52 Iteration: 80 soft_alignment_loss: 0.357703 valid_alignment_pair_count: 70 mean_soft_path_cost: 3.934730 alignment_temperature: 0.1
2026-08-15 13:33:44,071 reid_baseline.train INFO: Epoch[52] Iteration[100/186] loss_total: 1.273, loss_id: 1.092, loss_triplet: 0.059, loss_camera_triplet: 0.000, loss_cross_camera_positive: 0.283, loss_pcc: 0.371, cross_camera_positive_count: 62.6, Acc: 0.998, Base Lr: 3.50e-05
2026-08-15 13:33:44,071 reid_baseline.train INFO: Soft Alignment Batch - Epoch: 52 Iteration: 100 soft_alignment_loss: 0.374374 valid_alignment_pair_count: 70 mean_soft_path_cost: 4.118118 alignment_temperature: 0.1
2026-08-15 13:33:46,797 reid_baseline.train INFO: Epoch[52] Iteration[120/186] loss_total: 1.267, loss_id: 1.090, loss_triplet: 0.055, loss_camera_triplet: 0.000, loss_cross_camera_positive: 0.283, loss_pcc: 0.371, cross_camera_positive_count: 62.4, Acc: 0.999, Base Lr: 3.50e-05
2026-08-15 13:33:46,798 reid_baseline.train INFO: Soft Alignment Batch - Epoch: 52 Iteration: 120 soft_alignment_loss: 0.361196 valid_alignment_pair_count: 80 mean_soft_path_cost: 3.973151 alignment_temperature: 0.1
2026-08-15 13:33:49,535 reid_baseline.train INFO: Epoch[52] Iteration[140/186] loss_total: 1.269, loss_id: 1.090, loss_triplet: 0.057, loss_camera_triplet: 0.000, loss_cross_camera_positive: 0.283, loss_pcc: 0.370, cross_camera_positive_count: 62.5, Acc: 0.999, Base Lr: 3.50e-05
2026-08-15 13:33:49,535 reid_baseline.train INFO: Soft Alignment Batch - Epoch: 52 Iteration: 140 soft_alignment_loss: 0.376475 valid_alignment_pair_count: 79 mean_soft_path_cost: 4.141224 alignment_temperature: 0.1
2026-08-15 13:33:52,250 reid_baseline.train INFO: Epoch[52] Iteration[160/186] loss_total: 1.265, loss_id: 1.088, loss_triplet: 0.055, loss_camera_triplet: 0.000, loss_cross_camera_positive: 0.281, loss_pcc: 0.368, cross_camera_positive_count: 62.5, Acc: 0.998, Base Lr: 3.50e-05
2026-08-15 13:33:52,251 reid_baseline.train INFO: Soft Alignment Batch - Epoch: 52 Iteration: 160 soft_alignment_loss: 0.366181 valid_alignment_pair_count: 78 mean_soft_path_cost: 4.027989 alignment_temperature: 0.1
2026-08-15 13:33:54,961 reid_baseline.train INFO: Epoch[52] Iteration[180/186] loss_total: 1.264, loss_id: 1.087, loss_triplet: 0.056, loss_camera_triplet: 0.000, loss_cross_camera_positive: 0.282, loss_pcc: 0.368, cross_camera_positive_count: 62.7, Acc: 0.998, Base Lr: 3.50e-05
2026-08-15 13:33:54,961 reid_baseline.train INFO: Soft Alignment Batch - Epoch: 52 Iteration: 180 soft_alignment_loss: 0.364154 valid_alignment_pair_count: 66 mean_soft_path_cost: 4.005691 alignment_temperature: 0.1
2026-08-15 13:33:55,780 reid_baseline.train INFO: EPOCH_EVIDENCE epoch=52 global_iteration=9672 epoch_length=186
2026-08-15 13:33:55,780 reid_baseline.train INFO: Soft Alignment Epoch Summary - Epoch: 52 soft_alignment_loss: 0.368380 valid_alignment_pair_count: 13839 mean_soft_path_cost: 4.052174 alignment_temperature: 0.1
2026-08-15 13:33:55,780 reid_baseline.train INFO: Epoch 52 done. Time per batch: 24.297[s] Speed: 489.9[samples/s]
2026-08-15 13:33:55,780 reid_baseline.train INFO: ----------
2026-08-15 13:33:58,522 reid_baseline.train INFO: Epoch[53] Iteration[20/186] loss_total: 1.258, loss_id: 1.083, loss_triplet: 0.053, loss_camera_triplet: 0.000, loss_cross_camera_positive: 0.281, loss_pcc: 0.365, cross_camera_positive_count: 62.8, Acc: 0.999, Base Lr: 3.50e-05
2026-08-15 13:33:58,522 reid_baseline.train INFO: Soft Alignment Batch - Epoch: 53 Iteration: 20 soft_alignment_loss: 0.369805 valid_alignment_pair_count: 69 mean_soft_path_cost: 4.067859 alignment_temperature: 0.1
2026-08-15 13:34:01,236 reid_baseline.train INFO: Epoch[53] Iteration[40/186] loss_total: 1.245, loss_id: 1.077, loss_triplet: 0.049, loss_camera_triplet: 0.000, loss_cross_camera_positive: 0.276, loss_pcc: 0.361, cross_camera_positive_count: 62.6, Acc: 0.999, Base Lr: 3.50e-05
2026-08-15 13:34:01,236 reid_baseline.train INFO: Soft Alignment Batch - Epoch: 53 Iteration: 40 soft_alignment_loss: 0.335823 valid_alignment_pair_count: 72 mean_soft_path_cost: 3.694055 alignment_temperature: 0.1
2026-08-15 13:34:04,397 reid_baseline.train INFO: Epoch[53] Iteration[60/186] loss_total: 1.258, loss_id: 1.086, loss_triplet: 0.052, loss_camera_triplet: 0.000, loss_cross_camera_positive: 0.279, loss_pcc: 0.363, cross_camera_positive_count: 62.6, Acc: 0.999, Base Lr: 3.50e-05
2026-08-15 13:34:04,398 reid_baseline.train INFO: Soft Alignment Batch - Epoch: 53 Iteration: 60 soft_alignment_loss: 0.398567 valid_alignment_pair_count: 73 mean_soft_path_cost: 4.384232 alignment_temperature: 0.1
2026-08-15 13:34:07,105 reid_baseline.train INFO: Epoch[53] Iteration[80/186] loss_total: 1.267, loss_id: 1.090, loss_triplet: 0.054, loss_camera_triplet: 0.000, loss_cross_camera_positive: 0.283, loss_pcc: 0.370, cross_camera_positive_count: 62.5, Acc: 0.999, Base Lr: 3.50e-05
2026-08-15 13:34:07,105 reid_baseline.train INFO: Soft Alignment Batch - Epoch: 53 Iteration: 80 soft_alignment_loss: 0.371472 valid_alignment_pair_count: 75 mean_soft_path_cost: 4.086195 alignment_temperature: 0.1
2026-08-15 13:34:09,811 reid_baseline.train INFO: Epoch[53] Iteration[100/186] loss_total: 1.269, loss_id: 1.091, loss_triplet: 0.056, loss_camera_triplet: 0.000, loss_cross_camera_positive: 0.285, loss_pcc: 0.372, cross_camera_positive_count: 62.7, Acc: 0.998, Base Lr: 3.50e-05
2026-08-15 13:34:09,811 reid_baseline.train INFO: Soft Alignment Batch - Epoch: 53 Iteration: 100 soft_alignment_loss: 0.371475 valid_alignment_pair_count: 71 mean_soft_path_cost: 4.086226 alignment_temperature: 0.1
2026-08-15 13:34:12,541 reid_baseline.train INFO: Epoch[53] Iteration[120/186] loss_total: 1.266, loss_id: 1.089, loss_triplet: 0.056, loss_camera_triplet: 0.000, loss_cross_camera_positive: 0.283, loss_pcc: 0.369, cross_camera_positive_count: 62.6, Acc: 0.999, Base Lr: 3.50e-05
2026-08-15 13:34:12,541 reid_baseline.train INFO: Soft Alignment Batch - Epoch: 53 Iteration: 120 soft_alignment_loss: 0.354540 valid_alignment_pair_count: 78 mean_soft_path_cost: 3.899935 alignment_temperature: 0.1
2026-08-15 13:34:15,274 reid_baseline.train INFO: Epoch[53] Iteration[140/186] loss_total: 1.261, loss_id: 1.087, loss_triplet: 0.053, loss_camera_triplet: 0.000, loss_cross_camera_positive: 0.282, loss_pcc: 0.369, cross_camera_positive_count: 62.3, Acc: 0.999, Base Lr: 3.50e-05
2026-08-15 13:34:15,274 reid_baseline.train INFO: Soft Alignment Batch - Epoch: 53 Iteration: 140 soft_alignment_loss: 0.370896 valid_alignment_pair_count: 79 mean_soft_path_cost: 4.079854 alignment_temperature: 0.1
2026-08-15 13:34:18,003 reid_baseline.train INFO: Epoch[53] Iteration[160/186] loss_total: 1.259, loss_id: 1.085, loss_triplet: 0.052, loss_camera_triplet: 0.000, loss_cross_camera_positive: 0.282, loss_pcc: 0.370, cross_camera_positive_count: 62.5, Acc: 0.999, Base Lr: 3.50e-05
2026-08-15 13:34:18,003 reid_baseline.train INFO: Soft Alignment Batch - Epoch: 53 Iteration: 160 soft_alignment_loss: 0.357937 valid_alignment_pair_count: 70 mean_soft_path_cost: 3.937307 alignment_temperature: 0.1
2026-08-15 13:34:20,730 reid_baseline.train INFO: Epoch[53] Iteration[180/186] loss_total: 1.258, loss_id: 1.085, loss_triplet: 0.053, loss_camera_triplet: 0.000, loss_cross_camera_positive: 0.279, loss_pcc: 0.367, cross_camera_positive_count: 62.8, Acc: 0.999, Base Lr: 3.50e-05
2026-08-15 13:34:20,730 reid_baseline.train INFO: Soft Alignment Batch - Epoch: 53 Iteration: 180 soft_alignment_loss: 0.375769 valid_alignment_pair_count: 78 mean_soft_path_cost: 4.133457 alignment_temperature: 0.1
2026-08-15 13:34:21,540 reid_baseline.train INFO: EPOCH_EVIDENCE epoch=53 global_iteration=9858 epoch_length=186
2026-08-15 13:34:21,540 reid_baseline.train INFO: Soft Alignment Epoch Summary - Epoch: 53 soft_alignment_loss: 0.367184 valid_alignment_pair_count: 13766 mean_soft_path_cost: 4.039029 alignment_temperature: 0.1
2026-08-15 13:34:21,540 reid_baseline.train INFO: Epoch 53 done. Time per batch: 24.278[s] Speed: 490.3[samples/s]
2026-08-15 13:34:21,540 reid_baseline.train INFO: ----------
2026-08-15 13:34:24,250 reid_baseline.train INFO: Epoch[54] Iteration[20/186] loss_total: 1.257, loss_id: 1.082, loss_triplet: 0.055, loss_camera_triplet: 0.000, loss_cross_camera_positive: 0.280, loss_pcc: 0.366, cross_camera_positive_count: 62.5, Acc: 0.999, Base Lr: 3.50e-05
2026-08-15 13:34:24,250 reid_baseline.train INFO: Soft Alignment Batch - Epoch: 54 Iteration: 20 soft_alignment_loss: 0.370026 valid_alignment_pair_count: 70 mean_soft_path_cost: 4.070287 alignment_temperature: 0.1
2026-08-15 13:34:27,362 reid_baseline.train INFO: Epoch[54] Iteration[40/186] loss_total: 1.251, loss_id: 1.081, loss_triplet: 0.052, loss_camera_triplet: 0.000, loss_cross_camera_positive: 0.275, loss_pcc: 0.359, cross_camera_positive_count: 62.6, Acc: 0.999, Base Lr: 3.50e-05
2026-08-15 13:34:27,363 reid_baseline.train INFO: Soft Alignment Batch - Epoch: 54 Iteration: 40 soft_alignment_loss: 0.324813 valid_alignment_pair_count: 83 mean_soft_path_cost: 3.572947 alignment_temperature: 0.1
2026-08-15 13:34:30,066 reid_baseline.train INFO: Epoch[54] Iteration[60/186] loss_total: 1.258, loss_id: 1.086, loss_triplet: 0.052, loss_camera_triplet: 0.000, loss_cross_camera_positive: 0.278, loss_pcc: 0.364, cross_camera_positive_count: 62.5, Acc: 0.999, Base Lr: 3.50e-05
2026-08-15 13:34:30,066 reid_baseline.train INFO: Soft Alignment Batch - Epoch: 54 Iteration: 60 soft_alignment_loss: 0.393047 valid_alignment_pair_count: 74 mean_soft_path_cost: 4.323514 alignment_temperature: 0.1
2026-08-15 13:34:32,792 reid_baseline.train INFO: Epoch[54] Iteration[80/186] loss_total: 1.267, loss_id: 1.089, loss_triplet: 0.056, loss_camera_triplet: 0.000, loss_cross_camera_positive: 0.284, loss_pcc: 0.369, cross_camera_positive_count: 62.7, Acc: 0.999, Base Lr: 3.50e-05
2026-08-15 13:34:32,792 reid_baseline.train INFO: Soft Alignment Batch - Epoch: 54 Iteration: 80 soft_alignment_loss: 0.372005 valid_alignment_pair_count: 67 mean_soft_path_cost: 4.092059 alignment_temperature: 0.1
2026-08-15 13:34:35,502 reid_baseline.train INFO: Epoch[54] Iteration[100/186] loss_total: 1.267, loss_id: 1.089, loss_triplet: 0.056, loss_camera_triplet: 0.000, loss_cross_camera_positive: 0.283, loss_pcc: 0.369, cross_camera_positive_count: 62.7, Acc: 0.999, Base Lr: 3.50e-05
2026-08-15 13:34:35,502 reid_baseline.train INFO: Soft Alignment Batch - Epoch: 54 Iteration: 100 soft_alignment_loss: 0.363038 valid_alignment_pair_count: 78 mean_soft_path_cost: 3.993421 alignment_temperature: 0.1
2026-08-15 13:34:38,212 reid_baseline.train INFO: Epoch[54] Iteration[120/186] loss_total: 1.266, loss_id: 1.089, loss_triplet: 0.054, loss_camera_triplet: 0.000, loss_cross_camera_positive: 0.285, loss_pcc: 0.371, cross_camera_positive_count: 62.2, Acc: 0.999, Base Lr: 3.50e-05
2026-08-15 13:34:38,213 reid_baseline.train INFO: Soft Alignment Batch - Epoch: 54 Iteration: 120 soft_alignment_loss: 0.377428 valid_alignment_pair_count: 75 mean_soft_path_cost: 4.151713 alignment_temperature: 0.1
2026-08-15 13:34:40,924 reid_baseline.train INFO: Epoch[54] Iteration[140/186] loss_total: 1.267, loss_id: 1.089, loss_triplet: 0.055, loss_camera_triplet: 0.000, loss_cross_camera_positive: 0.284, loss_pcc: 0.370, cross_camera_positive_count: 62.3, Acc: 0.999, Base Lr: 3.50e-05
2026-08-15 13:34:40,924 reid_baseline.train INFO: Soft Alignment Batch - Epoch: 54 Iteration: 140 soft_alignment_loss: 0.365507 valid_alignment_pair_count: 75 mean_soft_path_cost: 4.020577 alignment_temperature: 0.1
2026-08-15 13:34:43,656 reid_baseline.train INFO: Epoch[54] Iteration[160/186] loss_total: 1.258, loss_id: 1.086, loss_triplet: 0.051, loss_camera_triplet: 0.000, loss_cross_camera_positive: 0.280, loss_pcc: 0.366, cross_camera_positive_count: 62.6, Acc: 0.999, Base Lr: 3.50e-05
2026-08-15 13:34:43,656 reid_baseline.train INFO: Soft Alignment Batch - Epoch: 54 Iteration: 160 soft_alignment_loss: 0.352395 valid_alignment_pair_count: 72 mean_soft_path_cost: 3.876348 alignment_temperature: 0.1
2026-08-15 13:34:46,361 reid_baseline.train INFO: Epoch[54] Iteration[180/186] loss_total: 1.251, loss_id: 1.083, loss_triplet: 0.049, loss_camera_triplet: 0.000, loss_cross_camera_positive: 0.276, loss_pcc: 0.362, cross_camera_positive_count: 62.8, Acc: 0.999, Base Lr: 3.50e-05
2026-08-15 13:34:46,361 reid_baseline.train INFO: Soft Alignment Batch - Epoch: 54 Iteration: 180 soft_alignment_loss: 0.361709 valid_alignment_pair_count: 75 mean_soft_path_cost: 3.978802 alignment_temperature: 0.1
2026-08-15 13:34:47,191 reid_baseline.train INFO: EPOCH_EVIDENCE epoch=54 global_iteration=10044 epoch_length=186
2026-08-15 13:34:47,191 reid_baseline.train INFO: Soft Alignment Epoch Summary - Epoch: 54 soft_alignment_loss: 0.364986 valid_alignment_pair_count: 13743 mean_soft_path_cost: 4.014841 alignment_temperature: 0.1
2026-08-15 13:34:47,191 reid_baseline.train INFO: Epoch 54 done. Time per batch: 24.193[s] Speed: 492.0[samples/s]
2026-08-15 13:34:47,191 reid_baseline.train INFO: ----------
2026-08-15 13:34:49,922 reid_baseline.train INFO: Epoch[55] Iteration[20/186] loss_total: 1.238, loss_id: 1.079, loss_triplet: 0.042, loss_camera_triplet: 0.000, loss_cross_camera_positive: 0.271, loss_pcc: 0.360, cross_camera_positive_count: 62.6, Acc: 0.999, Base Lr: 3.50e-05
2026-08-15 13:34:49,923 reid_baseline.train INFO: Soft Alignment Batch - Epoch: 55 Iteration: 20 soft_alignment_loss: 0.352671 valid_alignment_pair_count: 67 mean_soft_path_cost: 3.879385 alignment_temperature: 0.1
2026-08-15 13:34:53,265 reid_baseline.train INFO: Epoch[55] Iteration[40/186] loss_total: 1.237, loss_id: 1.078, loss_triplet: 0.043, loss_camera_triplet: 0.000, loss_cross_camera_positive: 0.267, loss_pcc: 0.356, cross_camera_positive_count: 62.5, Acc: 0.999, Base Lr: 3.50e-05
2026-08-15 13:34:53,265 reid_baseline.train INFO: Soft Alignment Batch - Epoch: 55 Iteration: 40 soft_alignment_loss: 0.338224 valid_alignment_pair_count: 78 mean_soft_path_cost: 3.720461 alignment_temperature: 0.1
2026-08-15 13:34:55,970 reid_baseline.train INFO: Epoch[55] Iteration[60/186] loss_total: 1.252, loss_id: 1.085, loss_triplet: 0.049, loss_camera_triplet: 0.000, loss_cross_camera_positive: 0.273, loss_pcc: 0.363, cross_camera_positive_count: 62.3, Acc: 0.999, Base Lr: 3.50e-05
2026-08-15 13:34:55,971 reid_baseline.train INFO: Soft Alignment Batch - Epoch: 55 Iteration: 60 soft_alignment_loss: 0.387486 valid_alignment_pair_count: 77 mean_soft_path_cost: 4.262345 alignment_temperature: 0.1
2026-08-15 13:34:58,696 reid_baseline.train INFO: Epoch[55] Iteration[80/186] loss_total: 1.259, loss_id: 1.088, loss_triplet: 0.051, loss_camera_triplet: 0.000, loss_cross_camera_positive: 0.277, loss_pcc: 0.366, cross_camera_positive_count: 62.1, Acc: 0.998, Base Lr: 3.50e-05
2026-08-15 13:34:58,696 reid_baseline.train INFO: Soft Alignment Batch - Epoch: 55 Iteration: 80 soft_alignment_loss: 0.369281 valid_alignment_pair_count: 80 mean_soft_path_cost: 4.062091 alignment_temperature: 0.1
2026-08-15 13:35:01,433 reid_baseline.train INFO: Epoch[55] Iteration[100/186] loss_total: 1.266, loss_id: 1.090, loss_triplet: 0.055, loss_camera_triplet: 0.000, loss_cross_camera_positive: 0.282, loss_pcc: 0.371, cross_camera_positive_count: 62.3, Acc: 0.998, Base Lr: 3.50e-05
2026-08-15 13:35:01,434 reid_baseline.train INFO: Soft Alignment Batch - Epoch: 55 Iteration: 100 soft_alignment_loss: 0.383836 valid_alignment_pair_count: 77 mean_soft_path_cost: 4.222199 alignment_temperature: 0.1
2026-08-15 13:35:04,135 reid_baseline.train INFO: Epoch[55] Iteration[120/186] loss_total: 1.268, loss_id: 1.090, loss_triplet: 0.056, loss_camera_triplet: 0.000, loss_cross_camera_positive: 0.283, loss_pcc: 0.372, cross_camera_positive_count: 62.1, Acc: 0.998, Base Lr: 3.50e-05
2026-08-15 13:35:04,136 reid_baseline.train INFO: Soft Alignment Batch - Epoch: 55 Iteration: 120 soft_alignment_loss: 0.373875 valid_alignment_pair_count: 66 mean_soft_path_cost: 4.112625 alignment_temperature: 0.1
2026-08-15 13:35:06,858 reid_baseline.train INFO: Epoch[55] Iteration[140/186] loss_total: 1.266, loss_id: 1.089, loss_triplet: 0.054, loss_camera_triplet: 0.000, loss_cross_camera_positive: 0.285, loss_pcc: 0.373, cross_camera_positive_count: 62.4, Acc: 0.998, Base Lr: 3.50e-05
2026-08-15 13:35:06,858 reid_baseline.train INFO: Soft Alignment Batch - Epoch: 55 Iteration: 140 soft_alignment_loss: 0.365525 valid_alignment_pair_count: 78 mean_soft_path_cost: 4.020780 alignment_temperature: 0.1
2026-08-15 13:35:09,563 reid_baseline.train INFO: Epoch[55] Iteration[160/186] loss_total: 1.258, loss_id: 1.086, loss_triplet: 0.051, loss_camera_triplet: 0.000, loss_cross_camera_positive: 0.281, loss_pcc: 0.370, cross_camera_positive_count: 62.4, Acc: 0.998, Base Lr: 3.50e-05
2026-08-15 13:35:09,563 reid_baseline.train INFO: Soft Alignment Batch - Epoch: 55 Iteration: 160 soft_alignment_loss: 0.363672 valid_alignment_pair_count: 78 mean_soft_path_cost: 4.000391 alignment_temperature: 0.1
2026-08-15 13:35:12,288 reid_baseline.train INFO: Epoch[55] Iteration[180/186] loss_total: 1.249, loss_id: 1.081, loss_triplet: 0.047, loss_camera_triplet: 0.000, loss_cross_camera_positive: 0.279, loss_pcc: 0.369, cross_camera_positive_count: 62.6, Acc: 0.999, Base Lr: 3.50e-05
2026-08-15 13:35:12,288 reid_baseline.train INFO: Soft Alignment Batch - Epoch: 55 Iteration: 180 soft_alignment_loss: 0.354636 valid_alignment_pair_count: 64 mean_soft_path_cost: 3.900992 alignment_temperature: 0.1
2026-08-15 13:35:13,099 reid_baseline.train INFO: EPOCH_EVIDENCE epoch=55 global_iteration=10230 epoch_length=186
2026-08-15 13:35:13,100 reid_baseline.train INFO: Soft Alignment Epoch Summary - Epoch: 55 soft_alignment_loss: 0.367723 valid_alignment_pair_count: 13675 mean_soft_path_cost: 4.044949 alignment_temperature: 0.1
2026-08-15 13:35:13,100 reid_baseline.train INFO: Epoch 55 done. Time per batch: 24.205[s] Speed: 491.8[samples/s]
2026-08-15 13:35:13,100 reid_baseline.train INFO: ----------
2026-08-15 13:35:15,794 reid_baseline.train INFO: Epoch[56] Iteration[20/186] loss_total: 1.242, loss_id: 1.078, loss_triplet: 0.045, loss_camera_triplet: 0.000, loss_cross_camera_positive: 0.275, loss_pcc: 0.362, cross_camera_positive_count: 62.2, Acc: 0.999, Base Lr: 3.50e-05
2026-08-15 13:35:15,794 reid_baseline.train INFO: Soft Alignment Batch - Epoch: 56 Iteration: 20 soft_alignment_loss: 0.360641 valid_alignment_pair_count: 84 mean_soft_path_cost: 3.967053 alignment_temperature: 0.1
2026-08-15 13:35:19,003 reid_baseline.train INFO: Epoch[56] Iteration[40/186] loss_total: 1.243, loss_id: 1.080, loss_triplet: 0.046, loss_camera_triplet: 0.000, loss_cross_camera_positive: 0.271, loss_pcc: 0.356, cross_camera_positive_count: 62.3, Acc: 0.999, Base Lr: 3.50e-05
2026-08-15 13:35:19,003 reid_baseline.train INFO: Soft Alignment Batch - Epoch: 56 Iteration: 40 soft_alignment_loss: 0.341048 valid_alignment_pair_count: 68 mean_soft_path_cost: 3.751532 alignment_temperature: 0.1
2026-08-15 13:35:21,714 reid_baseline.train INFO: Epoch[56] Iteration[60/186] loss_total: 1.253, loss_id: 1.086, loss_triplet: 0.047, loss_camera_triplet: 0.000, loss_cross_camera_positive: 0.277, loss_pcc: 0.365, cross_camera_positive_count: 62.3, Acc: 0.998, Base Lr: 3.50e-05
2026-08-15 13:35:21,714 reid_baseline.train INFO: Soft Alignment Batch - Epoch: 56 Iteration: 60 soft_alignment_loss: 0.384029 valid_alignment_pair_count: 72 mean_soft_path_cost: 4.224321 alignment_temperature: 0.1
2026-08-15 13:35:24,441 reid_baseline.train INFO: Epoch[56] Iteration[80/186] loss_total: 1.260, loss_id: 1.088, loss_triplet: 0.051, loss_camera_triplet: 0.000, loss_cross_camera_positive: 0.280, loss_pcc: 0.366, cross_camera_positive_count: 62.4, Acc: 0.998, Base Lr: 3.50e-05
2026-08-15 13:35:24,441 reid_baseline.train INFO: Soft Alignment Batch - Epoch: 56 Iteration: 80 soft_alignment_loss: 0.367415 valid_alignment_pair_count: 72 mean_soft_path_cost: 4.041564 alignment_temperature: 0.1
2026-08-15 13:35:27,176 reid_baseline.train INFO: Epoch[56] Iteration[100/186] loss_total: 1.260, loss_id: 1.087, loss_triplet: 0.052, loss_camera_triplet: 0.000, loss_cross_camera_positive: 0.281, loss_pcc: 0.367, cross_camera_positive_count: 62.4, Acc: 0.999, Base Lr: 3.50e-05
2026-08-15 13:35:27,176 reid_baseline.train INFO: Soft Alignment Batch - Epoch: 56 Iteration: 100 soft_alignment_loss: 0.372560 valid_alignment_pair_count: 81 mean_soft_path_cost: 4.098163 alignment_temperature: 0.1
2026-08-15 13:35:29,894 reid_baseline.train INFO: Epoch[56] Iteration[120/186] loss_total: 1.257, loss_id: 1.084, loss_triplet: 0.052, loss_camera_triplet: 0.000, loss_cross_camera_positive: 0.280, loss_pcc: 0.366, cross_camera_positive_count: 62.4, Acc: 0.999, Base Lr: 3.50e-05
2026-08-15 13:35:29,894 reid_baseline.train INFO: Soft Alignment Batch - Epoch: 56 Iteration: 120 soft_alignment_loss: 0.366897 valid_alignment_pair_count: 77 mean_soft_path_cost: 4.035869 alignment_temperature: 0.1
2026-08-15 13:35:32,615 reid_baseline.train INFO: Epoch[56] Iteration[140/186] loss_total: 1.261, loss_id: 1.086, loss_triplet: 0.054, loss_camera_triplet: 0.000, loss_cross_camera_positive: 0.282, loss_pcc: 0.368, cross_camera_positive_count: 62.5, Acc: 0.999, Base Lr: 3.50e-05
2026-08-15 13:35:32,616 reid_baseline.train INFO: Soft Alignment Batch - Epoch: 56 Iteration: 140 soft_alignment_loss: 0.382382 valid_alignment_pair_count: 71 mean_soft_path_cost: 4.206199 alignment_temperature: 0.1
2026-08-15 13:35:35,329 reid_baseline.train INFO: Epoch[56] Iteration[160/186] loss_total: 1.255, loss_id: 1.083, loss_triplet: 0.050, loss_camera_triplet: 0.000, loss_cross_camera_positive: 0.282, loss_pcc: 0.369, cross_camera_positive_count: 62.4, Acc: 0.999, Base Lr: 3.50e-05
2026-08-15 13:35:35,329 reid_baseline.train INFO: Soft Alignment Batch - Epoch: 56 Iteration: 160 soft_alignment_loss: 0.384899 valid_alignment_pair_count: 76 mean_soft_path_cost: 4.233884 alignment_temperature: 0.1
2026-08-15 13:35:38,063 reid_baseline.train INFO: Epoch[56] Iteration[180/186] loss_total: 1.252, loss_id: 1.082, loss_triplet: 0.049, loss_camera_triplet: 0.000, loss_cross_camera_positive: 0.281, loss_pcc: 0.368, cross_camera_positive_count: 62.4, Acc: 0.998, Base Lr: 3.50e-05
2026-08-15 13:35:38,064 reid_baseline.train INFO: Soft Alignment Batch - Epoch: 56 Iteration: 180 soft_alignment_loss: 0.359826 valid_alignment_pair_count: 84 mean_soft_path_cost: 3.958083 alignment_temperature: 0.1
2026-08-15 13:35:38,875 reid_baseline.train INFO: EPOCH_EVIDENCE epoch=56 global_iteration=10416 epoch_length=186
2026-08-15 13:35:38,876 reid_baseline.train INFO: Soft Alignment Epoch Summary - Epoch: 56 soft_alignment_loss: 0.365271 valid_alignment_pair_count: 13728 mean_soft_path_cost: 4.017985 alignment_temperature: 0.1
2026-08-15 13:35:38,876 reid_baseline.train INFO: Epoch 56 done. Time per batch: 24.218[s] Speed: 491.5[samples/s]
2026-08-15 13:35:38,876 reid_baseline.train INFO: ----------
2026-08-15 13:35:41,595 reid_baseline.train INFO: Epoch[57] Iteration[20/186] loss_total: 1.246, loss_id: 1.078, loss_triplet: 0.048, loss_camera_triplet: 0.000, loss_cross_camera_positive: 0.278, loss_pcc: 0.366, cross_camera_positive_count: 62.8, Acc: 0.999, Base Lr: 3.50e-05
2026-08-15 13:35:41,595 reid_baseline.train INFO: Soft Alignment Batch - Epoch: 57 Iteration: 20 soft_alignment_loss: 0.357330 valid_alignment_pair_count: 79 mean_soft_path_cost: 3.930632 alignment_temperature: 0.1
2026-08-15 13:35:44,875 reid_baseline.train INFO: Epoch[57] Iteration[40/186] loss_total: 1.250, loss_id: 1.082, loss_triplet: 0.050, loss_camera_triplet: 0.000, loss_cross_camera_positive: 0.274, loss_pcc: 0.360, cross_camera_positive_count: 63.0, Acc: 0.999, Base Lr: 3.50e-05
2026-08-15 13:35:44,875 reid_baseline.train INFO: Soft Alignment Batch - Epoch: 57 Iteration: 40 soft_alignment_loss: 0.371650 valid_alignment_pair_count: 76 mean_soft_path_cost: 4.088151 alignment_temperature: 0.1
2026-08-15 13:35:47,625 reid_baseline.train INFO: Epoch[57] Iteration[60/186] loss_total: 1.250, loss_id: 1.083, loss_triplet: 0.046, loss_camera_triplet: 0.000, loss_cross_camera_positive: 0.279, loss_pcc: 0.367, cross_camera_positive_count: 62.8, Acc: 0.999, Base Lr: 3.50e-05
2026-08-15 13:35:47,625 reid_baseline.train INFO: Soft Alignment Batch - Epoch: 57 Iteration: 60 soft_alignment_loss: 0.374039 valid_alignment_pair_count: 67 mean_soft_path_cost: 4.114427 alignment_temperature: 0.1
2026-08-15 13:35:50,390 reid_baseline.train INFO: Epoch[57] Iteration[80/186] loss_total: 1.255, loss_id: 1.085, loss_triplet: 0.050, loss_camera_triplet: 0.000, loss_cross_camera_positive: 0.278, loss_pcc: 0.366, cross_camera_positive_count: 62.6, Acc: 0.999, Base Lr: 3.50e-05
2026-08-15 13:35:50,390 reid_baseline.train INFO: Soft Alignment Batch - Epoch: 57 Iteration: 80 soft_alignment_loss: 0.364838 valid_alignment_pair_count: 71 mean_soft_path_cost: 4.013213 alignment_temperature: 0.1
2026-08-15 13:35:53,165 reid_baseline.train INFO: Epoch[57] Iteration[100/186] loss_total: 1.256, loss_id: 1.086, loss_triplet: 0.050, loss_camera_triplet: 0.000, loss_cross_camera_positive: 0.277, loss_pcc: 0.366, cross_camera_positive_count: 62.4, Acc: 0.999, Base Lr: 3.50e-05
2026-08-15 13:35:53,165 reid_baseline.train INFO: Soft Alignment Batch - Epoch: 57 Iteration: 100 soft_alignment_loss: 0.360988 valid_alignment_pair_count: 76 mean_soft_path_cost: 3.970863 alignment_temperature: 0.1
2026-08-15 13:35:55,870 reid_baseline.train INFO: Epoch[57] Iteration[120/186] loss_total: 1.256, loss_id: 1.087, loss_triplet: 0.050, loss_camera_triplet: 0.000, loss_cross_camera_positive: 0.277, loss_pcc: 0.366, cross_camera_positive_count: 62.4, Acc: 0.999, Base Lr: 3.50e-05
2026-08-15 13:35:55,870 reid_baseline.train INFO: Soft Alignment Batch - Epoch: 57 Iteration: 120 soft_alignment_loss: 0.377302 valid_alignment_pair_count: 80 mean_soft_path_cost: 4.150324 alignment_temperature: 0.1
2026-08-15 13:35:58,594 reid_baseline.train INFO: Epoch[57] Iteration[140/186] loss_total: 1.253, loss_id: 1.087, loss_triplet: 0.046, loss_camera_triplet: 0.000, loss_cross_camera_positive: 0.277, loss_pcc: 0.366, cross_camera_positive_count: 62.3, Acc: 0.998, Base Lr: 3.50e-05
2026-08-15 13:35:58,595 reid_baseline.train INFO: Soft Alignment Batch - Epoch: 57 Iteration: 140 soft_alignment_loss: 0.361970 valid_alignment_pair_count: 79 mean_soft_path_cost: 3.981666 alignment_temperature: 0.1
2026-08-15 13:36:01,346 reid_baseline.train INFO: Epoch[57] Iteration[160/186] loss_total: 1.247, loss_id: 1.083, loss_triplet: 0.044, loss_camera_triplet: 0.000, loss_cross_camera_positive: 0.277, loss_pcc: 0.366, cross_camera_positive_count: 62.5, Acc: 0.999, Base Lr: 3.50e-05
2026-08-15 13:36:01,346 reid_baseline.train INFO: Soft Alignment Batch - Epoch: 57 Iteration: 160 soft_alignment_loss: 0.367344 valid_alignment_pair_count: 75 mean_soft_path_cost: 4.040787 alignment_temperature: 0.1
2026-08-15 13:36:04,053 reid_baseline.train INFO: Epoch[57] Iteration[180/186] loss_total: 1.237, loss_id: 1.078, loss_triplet: 0.042, loss_camera_triplet: 0.000, loss_cross_camera_positive: 0.272, loss_pcc: 0.361, cross_camera_positive_count: 62.5, Acc: 0.999, Base Lr: 3.50e-05
2026-08-15 13:36:04,053 reid_baseline.train INFO: Soft Alignment Batch - Epoch: 57 Iteration: 180 soft_alignment_loss: 0.335305 valid_alignment_pair_count: 78 mean_soft_path_cost: 3.688354 alignment_temperature: 0.1
2026-08-15 13:36:04,868 reid_baseline.train INFO: EPOCH_EVIDENCE epoch=57 global_iteration=10602 epoch_length=186
2026-08-15 13:36:04,868 reid_baseline.train INFO: Soft Alignment Epoch Summary - Epoch: 57 soft_alignment_loss: 0.363038 valid_alignment_pair_count: 13796 mean_soft_path_cost: 3.993421 alignment_temperature: 0.1
2026-08-15 13:36:04,869 reid_baseline.train INFO: Epoch 57 done. Time per batch: 24.391[s] Speed: 488.1[samples/s]
2026-08-15 13:36:04,869 reid_baseline.train INFO: ----------
2026-08-15 13:36:07,580 reid_baseline.train INFO: Epoch[58] Iteration[20/186] loss_total: 1.231, loss_id: 1.073, loss_triplet: 0.041, loss_camera_triplet: 0.000, loss_cross_camera_positive: 0.270, loss_pcc: 0.359, cross_camera_positive_count: 62.5, Acc: 0.999, Base Lr: 3.50e-05
2026-08-15 13:36:07,580 reid_baseline.train INFO: Soft Alignment Batch - Epoch: 58 Iteration: 20 soft_alignment_loss: 0.336232 valid_alignment_pair_count: 60 mean_soft_path_cost: 3.698557 alignment_temperature: 0.1
2026-08-15 13:36:10,761 reid_baseline.train INFO: Epoch[58] Iteration[40/186] loss_total: 1.239, loss_id: 1.081, loss_triplet: 0.043, loss_camera_triplet: 0.000, loss_cross_camera_positive: 0.264, loss_pcc: 0.352, cross_camera_positive_count: 62.8, Acc: 0.999, Base Lr: 3.50e-05
2026-08-15 13:36:10,761 reid_baseline.train INFO: Soft Alignment Batch - Epoch: 58 Iteration: 40 soft_alignment_loss: 0.366708 valid_alignment_pair_count: 77 mean_soft_path_cost: 4.033793 alignment_temperature: 0.1
2026-08-15 13:36:13,515 reid_baseline.train INFO: Epoch[58] Iteration[60/186] loss_total: 1.244, loss_id: 1.082, loss_triplet: 0.044, loss_camera_triplet: 0.000, loss_cross_camera_positive: 0.271, loss_pcc: 0.363, cross_camera_positive_count: 62.8, Acc: 0.999, Base Lr: 3.50e-05
2026-08-15 13:36:13,516 reid_baseline.train INFO: Soft Alignment Batch - Epoch: 58 Iteration: 60 soft_alignment_loss: 0.365024 valid_alignment_pair_count: 66 mean_soft_path_cost: 4.015262 alignment_temperature: 0.1
2026-08-15 13:36:16,249 reid_baseline.train INFO: Epoch[58] Iteration[80/186] loss_total: 1.247, loss_id: 1.082, loss_triplet: 0.047, loss_camera_triplet: 0.000, loss_cross_camera_positive: 0.271, loss_pcc: 0.363, cross_camera_positive_count: 62.6, Acc: 0.999, Base Lr: 3.50e-05
2026-08-15 13:36:16,249 reid_baseline.train INFO: Soft Alignment Batch - Epoch: 58 Iteration: 80 soft_alignment_loss: 0.359042 valid_alignment_pair_count: 72 mean_soft_path_cost: 3.949466 alignment_temperature: 0.1
2026-08-15 13:36:18,986 reid_baseline.train INFO: Epoch[58] Iteration[100/186] loss_total: 1.250, loss_id: 1.084, loss_triplet: 0.047, loss_camera_triplet: 0.000, loss_cross_camera_positive: 0.275, loss_pcc: 0.367, cross_camera_positive_count: 62.2, Acc: 0.999, Base Lr: 3.50e-05
2026-08-15 13:36:18,987 reid_baseline.train INFO: Soft Alignment Batch - Epoch: 58 Iteration: 100 soft_alignment_loss: 0.373909 valid_alignment_pair_count: 75 mean_soft_path_cost: 4.113001 alignment_temperature: 0.1
2026-08-15 13:36:21,718 reid_baseline.train INFO: Epoch[58] Iteration[120/186] loss_total: 1.256, loss_id: 1.086, loss_triplet: 0.051, loss_camera_triplet: 0.000, loss_cross_camera_positive: 0.277, loss_pcc: 0.367, cross_camera_positive_count: 62.3, Acc: 0.998, Base Lr: 3.50e-05
2026-08-15 13:36:21,718 reid_baseline.train INFO: Soft Alignment Batch - Epoch: 58 Iteration: 120 soft_alignment_loss: 0.366528 valid_alignment_pair_count: 76 mean_soft_path_cost: 4.031811 alignment_temperature: 0.1
2026-08-15 13:36:24,451 reid_baseline.train INFO: Epoch[58] Iteration[140/186] loss_total: 1.257, loss_id: 1.084, loss_triplet: 0.052, loss_camera_triplet: 0.000, loss_cross_camera_positive: 0.280, loss_pcc: 0.369, cross_camera_positive_count: 62.4, Acc: 0.999, Base Lr: 3.50e-05
2026-08-15 13:36:24,451 reid_baseline.train INFO: Soft Alignment Batch - Epoch: 58 Iteration: 140 soft_alignment_loss: 0.380004 valid_alignment_pair_count: 66 mean_soft_path_cost: 4.180042 alignment_temperature: 0.1
2026-08-15 13:36:27,161 reid_baseline.train INFO: Epoch[58] Iteration[160/186] loss_total: 1.250, loss_id: 1.081, loss_triplet: 0.049, loss_camera_triplet: 0.000, loss_cross_camera_positive: 0.278, loss_pcc: 0.368, cross_camera_positive_count: 62.5, Acc: 0.999, Base Lr: 3.50e-05
2026-08-15 13:36:27,161 reid_baseline.train INFO: Soft Alignment Batch - Epoch: 58 Iteration: 160 soft_alignment_loss: 0.370660 valid_alignment_pair_count: 74 mean_soft_path_cost: 4.077261 alignment_temperature: 0.1
2026-08-15 13:36:29,896 reid_baseline.train INFO: Epoch[58] Iteration[180/186] loss_total: 1.244, loss_id: 1.080, loss_triplet: 0.045, loss_camera_triplet: 0.000, loss_cross_camera_positive: 0.276, loss_pcc: 0.366, cross_camera_positive_count: 62.6, Acc: 0.999, Base Lr: 3.50e-05
2026-08-15 13:36:29,896 reid_baseline.train INFO: Soft Alignment Batch - Epoch: 58 Iteration: 180 soft_alignment_loss: 0.354531 valid_alignment_pair_count: 72 mean_soft_path_cost: 3.899841 alignment_temperature: 0.1
2026-08-15 13:36:30,730 reid_baseline.train INFO: EPOCH_EVIDENCE epoch=58 global_iteration=10788 epoch_length=186
2026-08-15 13:36:30,731 reid_baseline.train INFO: Soft Alignment Epoch Summary - Epoch: 58 soft_alignment_loss: 0.364897 valid_alignment_pair_count: 13734 mean_soft_path_cost: 4.013872 alignment_temperature: 0.1
2026-08-15 13:36:30,731 reid_baseline.train INFO: Epoch 58 done. Time per batch: 24.339[s] Speed: 489.1[samples/s]
2026-08-15 13:36:30,731 reid_baseline.train INFO: ----------
2026-08-15 13:36:33,440 reid_baseline.train INFO: Epoch[59] Iteration[20/186] loss_total: 1.233, loss_id: 1.076, loss_triplet: 0.040, loss_camera_triplet: 0.000, loss_cross_camera_positive: 0.271, loss_pcc: 0.360, cross_camera_positive_count: 62.7, Acc: 0.999, Base Lr: 3.50e-05
2026-08-15 13:36:33,440 reid_baseline.train INFO: Soft Alignment Batch - Epoch: 59 Iteration: 20 soft_alignment_loss: 0.336159 valid_alignment_pair_count: 81 mean_soft_path_cost: 3.697749 alignment_temperature: 0.1
2026-08-15 13:36:36,689 reid_baseline.train INFO: Epoch[59] Iteration[40/186] loss_total: 1.243, loss_id: 1.084, loss_triplet: 0.042, loss_camera_triplet: 0.000, loss_cross_camera_positive: 0.270, loss_pcc: 0.357, cross_camera_positive_count: 62.7, Acc: 0.998, Base Lr: 3.50e-05
2026-08-15 13:36:36,689 reid_baseline.train INFO: Soft Alignment Batch - Epoch: 59 Iteration: 40 soft_alignment_loss: 0.370376 valid_alignment_pair_count: 78 mean_soft_path_cost: 4.074136 alignment_temperature: 0.1
2026-08-15 13:36:39,414 reid_baseline.train INFO: Epoch[59] Iteration[60/186] loss_total: 1.246, loss_id: 1.083, loss_triplet: 0.043, loss_camera_triplet: 0.000, loss_cross_camera_positive: 0.276, loss_pcc: 0.367, cross_camera_positive_count: 62.6, Acc: 0.999, Base Lr: 3.50e-05
2026-08-15 13:36:39,414 reid_baseline.train INFO: Soft Alignment Batch - Epoch: 59 Iteration: 60 soft_alignment_loss: 0.382377 valid_alignment_pair_count: 71 mean_soft_path_cost: 4.206146 alignment_temperature: 0.1
2026-08-15 13:36:42,113 reid_baseline.train INFO: Epoch[59] Iteration[80/186] loss_total: 1.249, loss_id: 1.084, loss_triplet: 0.045, loss_camera_triplet: 0.000, loss_cross_camera_positive: 0.278, loss_pcc: 0.370, cross_camera_positive_count: 62.7, Acc: 0.999, Base Lr: 3.50e-05
2026-08-15 13:36:42,113 reid_baseline.train INFO: Soft Alignment Batch - Epoch: 59 Iteration: 80 soft_alignment_loss: 0.379069 valid_alignment_pair_count: 78 mean_soft_path_cost: 4.169757 alignment_temperature: 0.1
2026-08-15 13:36:44,806 reid_baseline.train INFO: Epoch[59] Iteration[100/186] loss_total: 1.244, loss_id: 1.081, loss_triplet: 0.043, loss_camera_triplet: 0.000, loss_cross_camera_positive: 0.277, loss_pcc: 0.370, cross_camera_positive_count: 62.8, Acc: 0.999, Base Lr: 3.50e-05
2026-08-15 13:36:44,807 reid_baseline.train INFO: Soft Alignment Batch - Epoch: 59 Iteration: 100 soft_alignment_loss: 0.354292 valid_alignment_pair_count: 82 mean_soft_path_cost: 3.897216 alignment_temperature: 0.1
2026-08-15 13:36:47,510 reid_baseline.train INFO: Epoch[59] Iteration[120/186] loss_total: 1.244, loss_id: 1.082, loss_triplet: 0.043, loss_camera_triplet: 0.000, loss_cross_camera_positive: 0.275, loss_pcc: 0.367, cross_camera_positive_count: 62.8, Acc: 0.999, Base Lr: 3.50e-05
2026-08-15 13:36:47,510 reid_baseline.train INFO: Soft Alignment Batch - Epoch: 59 Iteration: 120 soft_alignment_loss: 0.355289 valid_alignment_pair_count: 68 mean_soft_path_cost: 3.908181 alignment_temperature: 0.1
2026-08-15 13:36:50,225 reid_baseline.train INFO: Epoch[59] Iteration[140/186] loss_total: 1.243, loss_id: 1.080, loss_triplet: 0.044, loss_camera_triplet: 0.000, loss_cross_camera_positive: 0.274, loss_pcc: 0.365, cross_camera_positive_count: 62.6, Acc: 0.999, Base Lr: 3.50e-05
2026-08-15 13:36:50,225 reid_baseline.train INFO: Soft Alignment Batch - Epoch: 59 Iteration: 140 soft_alignment_loss: 0.372652 valid_alignment_pair_count: 78 mean_soft_path_cost: 4.099175 alignment_temperature: 0.1
2026-08-15 13:36:52,959 reid_baseline.train INFO: Epoch[59] Iteration[160/186] loss_total: 1.243, loss_id: 1.079, loss_triplet: 0.046, loss_camera_triplet: 0.000, loss_cross_camera_positive: 0.274, loss_pcc: 0.363, cross_camera_positive_count: 62.5, Acc: 0.999, Base Lr: 3.50e-05
2026-08-15 13:36:52,959 reid_baseline.train INFO: Soft Alignment Batch - Epoch: 59 Iteration: 160 soft_alignment_loss: 0.357369 valid_alignment_pair_count: 79 mean_soft_path_cost: 3.931064 alignment_temperature: 0.1
2026-08-15 13:36:55,655 reid_baseline.train INFO: Epoch[59] Iteration[180/186] loss_total: 1.240, loss_id: 1.078, loss_triplet: 0.044, loss_camera_triplet: 0.000, loss_cross_camera_positive: 0.273, loss_pcc: 0.362, cross_camera_positive_count: 62.5, Acc: 1.000, Base Lr: 3.50e-05
2026-08-15 13:36:55,656 reid_baseline.train INFO: Soft Alignment Batch - Epoch: 59 Iteration: 180 soft_alignment_loss: 0.365252 valid_alignment_pair_count: 65 mean_soft_path_cost: 4.017776 alignment_temperature: 0.1
2026-08-15 13:36:56,477 reid_baseline.train INFO: EPOCH_EVIDENCE epoch=59 global_iteration=10974 epoch_length=186
2026-08-15 13:36:56,477 reid_baseline.train INFO: Soft Alignment Epoch Summary - Epoch: 59 soft_alignment_loss: 0.363928 valid_alignment_pair_count: 13793 mean_soft_path_cost: 4.003211 alignment_temperature: 0.1
2026-08-15 13:36:56,478 reid_baseline.train INFO: Epoch 59 done. Time per batch: 24.153[s] Speed: 492.9[samples/s]
2026-08-15 13:36:56,478 reid_baseline.train INFO: ----------
2026-08-15 13:36:59,167 reid_baseline.train INFO: Epoch[60] Iteration[20/186] loss_total: 1.233, loss_id: 1.073, loss_triplet: 0.042, loss_camera_triplet: 0.000, loss_cross_camera_positive: 0.272, loss_pcc: 0.361, cross_camera_positive_count: 62.1, Acc: 1.000, Base Lr: 3.50e-05
2026-08-15 13:36:59,167 reid_baseline.train INFO: Soft Alignment Batch - Epoch: 60 Iteration: 20 soft_alignment_loss: 0.355948 valid_alignment_pair_count: 67 mean_soft_path_cost: 3.915432 alignment_temperature: 0.1
2026-08-15 13:37:02,486 reid_baseline.train INFO: Epoch[60] Iteration[40/186] loss_total: 1.247, loss_id: 1.082, loss_triplet: 0.047, loss_camera_triplet: 0.000, loss_cross_camera_positive: 0.274, loss_pcc: 0.362, cross_camera_positive_count: 62.4, Acc: 1.000, Base Lr: 3.50e-05
2026-08-15 13:37:02,486 reid_baseline.train INFO: Soft Alignment Batch - Epoch: 60 Iteration: 40 soft_alignment_loss: 0.394024 valid_alignment_pair_count: 75 mean_soft_path_cost: 4.334265 alignment_temperature: 0.1
2026-08-15 13:37:05,188 reid_baseline.train INFO: Epoch[60] Iteration[60/186] loss_total: 1.252, loss_id: 1.084, loss_triplet: 0.046, loss_camera_triplet: 0.000, loss_cross_camera_positive: 0.281, loss_pcc: 0.370, cross_camera_positive_count: 62.4, Acc: 0.999, Base Lr: 3.50e-05
2026-08-15 13:37:05,188 reid_baseline.train INFO: Soft Alignment Batch - Epoch: 60 Iteration: 60 soft_alignment_loss: 0.378800 valid_alignment_pair_count: 75 mean_soft_path_cost: 4.166797 alignment_temperature: 0.1
2026-08-15 13:37:07,890 reid_baseline.train INFO: Epoch[60] Iteration[80/186] loss_total: 1.256, loss_id: 1.086, loss_triplet: 0.048, loss_camera_triplet: 0.000, loss_cross_camera_positive: 0.282, loss_pcc: 0.370, cross_camera_positive_count: 62.4, Acc: 0.999, Base Lr: 3.50e-05
2026-08-15 13:37:07,890 reid_baseline.train INFO: Soft Alignment Batch - Epoch: 60 Iteration: 80 soft_alignment_loss: 0.376422 valid_alignment_pair_count: 66 mean_soft_path_cost: 4.140636 alignment_temperature: 0.1
2026-08-15 13:37:10,595 reid_baseline.train INFO: Epoch[60] Iteration[100/186] loss_total: 1.254, loss_id: 1.084, loss_triplet: 0.050, loss_camera_triplet: 0.000, loss_cross_camera_positive: 0.279, loss_pcc: 0.368, cross_camera_positive_count: 62.7, Acc: 0.999, Base Lr: 3.50e-05
2026-08-15 13:37:10,595 reid_baseline.train INFO: Soft Alignment Batch - Epoch: 60 Iteration: 100 soft_alignment_loss: 0.384987 valid_alignment_pair_count: 72 mean_soft_path_cost: 4.234853 alignment_temperature: 0.1
2026-08-15 13:37:13,298 reid_baseline.train INFO: Epoch[60] Iteration[120/186] loss_total: 1.251, loss_id: 1.082, loss_triplet: 0.047, loss_camera_triplet: 0.000, loss_cross_camera_positive: 0.280, loss_pcc: 0.369, cross_camera_positive_count: 62.8, Acc: 0.999, Base Lr: 3.50e-05
2026-08-15 13:37:13,298 reid_baseline.train INFO: Soft Alignment Batch - Epoch: 60 Iteration: 120 soft_alignment_loss: 0.363235 valid_alignment_pair_count: 81 mean_soft_path_cost: 3.995585 alignment_temperature: 0.1
2026-08-15 13:37:15,996 reid_baseline.train INFO: Epoch[60] Iteration[140/186] loss_total: 1.247, loss_id: 1.081, loss_triplet: 0.045, loss_camera_triplet: 0.000, loss_cross_camera_positive: 0.279, loss_pcc: 0.369, cross_camera_positive_count: 62.8, Acc: 0.999, Base Lr: 3.50e-05
2026-08-15 13:37:15,996 reid_baseline.train INFO: Soft Alignment Batch - Epoch: 60 Iteration: 140 soft_alignment_loss: 0.353665 valid_alignment_pair_count: 71 mean_soft_path_cost: 3.890310 alignment_temperature: 0.1
2026-08-15 13:37:18,705 reid_baseline.train INFO: Epoch[60] Iteration[160/186] loss_total: 1.241, loss_id: 1.079, loss_triplet: 0.044, loss_camera_triplet: 0.000, loss_cross_camera_positive: 0.274, loss_pcc: 0.364, cross_camera_positive_count: 62.8, Acc: 0.999, Base Lr: 3.50e-05
2026-08-15 13:37:18,705 reid_baseline.train INFO: Soft Alignment Batch - Epoch: 60 Iteration: 160 soft_alignment_loss: 0.349326 valid_alignment_pair_count: 81 mean_soft_path_cost: 3.842586 alignment_temperature: 0.1
2026-08-15 13:37:21,403 reid_baseline.train INFO: Epoch[60] Iteration[180/186] loss_total: 1.240, loss_id: 1.077, loss_triplet: 0.045, loss_camera_triplet: 0.000, loss_cross_camera_positive: 0.272, loss_pcc: 0.360, cross_camera_positive_count: 62.9, Acc: 0.999, Base Lr: 3.50e-05
2026-08-15 13:37:21,403 reid_baseline.train INFO: Soft Alignment Batch - Epoch: 60 Iteration: 180 soft_alignment_loss: 0.350790 valid_alignment_pair_count: 75 mean_soft_path_cost: 3.858694 alignment_temperature: 0.1
2026-08-15 13:37:22,217 reid_baseline.train INFO: EPOCH_EVIDENCE epoch=60 global_iteration=11160 epoch_length=186
2026-08-15 13:37:22,217 reid_baseline.train INFO: Soft Alignment Epoch Summary - Epoch: 60 soft_alignment_loss: 0.364975 valid_alignment_pair_count: 13724 mean_soft_path_cost: 4.014728 alignment_temperature: 0.1
2026-08-15 13:37:22,217 reid_baseline.train INFO: Epoch 60 done. Time per batch: 24.077[s] Speed: 494.4[samples/s]
2026-08-15 13:37:22,217 reid_baseline.train INFO: ----------
2026-08-15 13:37:24,921 reid_baseline.train INFO: Epoch[61] Iteration[20/186] loss_total: 1.229, loss_id: 1.072, loss_triplet: 0.041, loss_camera_triplet: 0.000, loss_cross_camera_positive: 0.268, loss_pcc: 0.355, cross_camera_positive_count: 62.7, Acc: 0.999, Base Lr: 3.50e-05
2026-08-15 13:37:24,922 reid_baseline.train INFO: Soft Alignment Batch - Epoch: 61 Iteration: 20 soft_alignment_loss: 0.337251 valid_alignment_pair_count: 77 mean_soft_path_cost: 3.709756 alignment_temperature: 0.1
2026-08-15 13:37:28,087 reid_baseline.train INFO: Epoch[61] Iteration[40/186] loss_total: 1.237, loss_id: 1.079, loss_triplet: 0.042, loss_camera_triplet: 0.000, loss_cross_camera_positive: 0.267, loss_pcc: 0.355, cross_camera_positive_count: 62.8, Acc: 0.999, Base Lr: 3.50e-05
2026-08-15 13:37:28,087 reid_baseline.train INFO: Soft Alignment Batch - Epoch: 61 Iteration: 40 soft_alignment_loss: 0.378587 valid_alignment_pair_count: 68 mean_soft_path_cost: 4.164456 alignment_temperature: 0.1
2026-08-15 13:37:30,796 reid_baseline.train INFO: Epoch[61] Iteration[60/186] loss_total: 1.243, loss_id: 1.081, loss_triplet: 0.043, loss_camera_triplet: 0.000, loss_cross_camera_positive: 0.274, loss_pcc: 0.363, cross_camera_positive_count: 62.7, Acc: 0.999, Base Lr: 3.50e-05
2026-08-15 13:37:30,796 reid_baseline.train INFO: Soft Alignment Batch - Epoch: 61 Iteration: 60 soft_alignment_loss: 0.385946 valid_alignment_pair_count: 66 mean_soft_path_cost: 4.245404 alignment_temperature: 0.1
2026-08-15 13:37:33,549 reid_baseline.train INFO: Epoch[61] Iteration[80/186] loss_total: 1.243, loss_id: 1.082, loss_triplet: 0.043, loss_camera_triplet: 0.000, loss_cross_camera_positive: 0.274, loss_pcc: 0.362, cross_camera_positive_count: 62.8, Acc: 0.999, Base Lr: 3.50e-05
2026-08-15 13:37:33,549 reid_baseline.train INFO: Soft Alignment Batch - Epoch: 61 Iteration: 80 soft_alignment_loss: 0.357079 valid_alignment_pair_count: 73 mean_soft_path_cost: 3.927864 alignment_temperature: 0.1
2026-08-15 13:37:36,260 reid_baseline.train INFO: Epoch[61] Iteration[100/186] loss_total: 1.245, loss_id: 1.082, loss_triplet: 0.044, loss_camera_triplet: 0.000, loss_cross_camera_positive: 0.275, loss_pcc: 0.363, cross_camera_positive_count: 62.9, Acc: 0.998, Base Lr: 3.50e-05
2026-08-15 13:37:36,260 reid_baseline.train INFO: Soft Alignment Batch - Epoch: 61 Iteration: 100 soft_alignment_loss: 0.365553 valid_alignment_pair_count: 78 mean_soft_path_cost: 4.021087 alignment_temperature: 0.1
2026-08-15 13:37:38,988 reid_baseline.train INFO: Epoch[61] Iteration[120/186] loss_total: 1.248, loss_id: 1.083, loss_triplet: 0.046, loss_camera_triplet: 0.000, loss_cross_camera_positive: 0.276, loss_pcc: 0.364, cross_camera_positive_count: 62.7, Acc: 0.998, Base Lr: 3.50e-05
2026-08-15 13:37:38,988 reid_baseline.train INFO: Soft Alignment Batch - Epoch: 61 Iteration: 120 soft_alignment_loss: 0.376573 valid_alignment_pair_count: 74 mean_soft_path_cost: 4.142299 alignment_temperature: 0.1
2026-08-15 13:37:41,718 reid_baseline.train INFO: Epoch[61] Iteration[140/186] loss_total: 1.251, loss_id: 1.083, loss_triplet: 0.047, loss_camera_triplet: 0.000, loss_cross_camera_positive: 0.278, loss_pcc: 0.366, cross_camera_positive_count: 62.7, Acc: 0.999, Base Lr: 3.50e-05
2026-08-15 13:37:41,718 reid_baseline.train INFO: Soft Alignment Batch - Epoch: 61 Iteration: 140 soft_alignment_loss: 0.381927 valid_alignment_pair_count: 79 mean_soft_path_cost: 4.201201 alignment_temperature: 0.1
2026-08-15 13:37:44,431 reid_baseline.train INFO: Epoch[61] Iteration[160/186] loss_total: 1.245, loss_id: 1.080, loss_triplet: 0.046, loss_camera_triplet: 0.000, loss_cross_camera_positive: 0.276, loss_pcc: 0.366, cross_camera_positive_count: 62.6, Acc: 0.999, Base Lr: 3.50e-05
2026-08-15 13:37:44,431 reid_baseline.train INFO: Soft Alignment Batch - Epoch: 61 Iteration: 160 soft_alignment_loss: 0.366492 valid_alignment_pair_count: 75 mean_soft_path_cost: 4.031412 alignment_temperature: 0.1
2026-08-15 13:37:47,152 reid_baseline.train INFO: Epoch[61] Iteration[180/186] loss_total: 1.239, loss_id: 1.078, loss_triplet: 0.044, loss_camera_triplet: 0.000, loss_cross_camera_positive: 0.273, loss_pcc: 0.362, cross_camera_positive_count: 63.1, Acc: 0.998, Base Lr: 3.50e-05
2026-08-15 13:37:47,152 reid_baseline.train INFO: Soft Alignment Batch - Epoch: 61 Iteration: 180 soft_alignment_loss: 0.335537 valid_alignment_pair_count: 77 mean_soft_path_cost: 3.690902 alignment_temperature: 0.1
2026-08-15 13:37:47,973 reid_baseline.train INFO: EPOCH_EVIDENCE epoch=61 global_iteration=11346 epoch_length=186
2026-08-15 13:37:47,973 reid_baseline.train INFO: Soft Alignment Epoch Summary - Epoch: 61 soft_alignment_loss: 0.362241 valid_alignment_pair_count: 13846 mean_soft_path_cost: 3.984648 alignment_temperature: 0.1
2026-08-15 13:37:47,973 reid_baseline.train INFO: Epoch 61 done. Time per batch: 24.222[s] Speed: 491.4[samples/s]
2026-08-15 13:37:47,973 reid_baseline.train INFO: ----------
2026-08-15 13:37:51,116 reid_baseline.train INFO: Epoch[62] Iteration[20/186] loss_total: 1.230, loss_id: 1.075, loss_triplet: 0.040, loss_camera_triplet: 0.000, loss_cross_camera_positive: 0.267, loss_pcc: 0.354, cross_camera_positive_count: 62.7, Acc: 0.999, Base Lr: 3.50e-05
2026-08-15 13:37:51,116 reid_baseline.train INFO: Soft Alignment Batch - Epoch: 62 Iteration: 20 soft_alignment_loss: 0.320781 valid_alignment_pair_count: 72 mean_soft_path_cost: 3.528594 alignment_temperature: 0.1
2026-08-15 13:37:53,829 reid_baseline.train INFO: Epoch[62] Iteration[40/186] loss_total: 1.239, loss_id: 1.081, loss_triplet: 0.041, loss_camera_triplet: 0.000, loss_cross_camera_positive: 0.271, loss_pcc: 0.360, cross_camera_positive_count: 62.7, Acc: 0.998, Base Lr: 3.50e-05
2026-08-15 13:37:53,829 reid_baseline.train INFO: Soft Alignment Batch - Epoch: 62 Iteration: 40 soft_alignment_loss: 0.395287 valid_alignment_pair_count: 74 mean_soft_path_cost: 4.348154 alignment_temperature: 0.1
2026-08-15 13:37:56,539 reid_baseline.train INFO: Epoch[62] Iteration[60/186] loss_total: 1.244, loss_id: 1.082, loss_triplet: 0.044, loss_camera_triplet: 0.000, loss_cross_camera_positive: 0.272, loss_pcc: 0.363, cross_camera_positive_count: 62.5, Acc: 0.999, Base Lr: 3.50e-05
2026-08-15 13:37:56,539 reid_baseline.train INFO: Soft Alignment Batch - Epoch: 62 Iteration: 60 soft_alignment_loss: 0.366113 valid_alignment_pair_count: 74 mean_soft_path_cost: 4.027247 alignment_temperature: 0.1
2026-08-15 13:37:59,242 reid_baseline.train INFO: Epoch[62] Iteration[80/186] loss_total: 1.246, loss_id: 1.083, loss_triplet: 0.044, loss_camera_triplet: 0.000, loss_cross_camera_positive: 0.272, loss_pcc: 0.362, cross_camera_positive_count: 62.7, Acc: 0.999, Base Lr: 3.50e-05
2026-08-15 13:37:59,243 reid_baseline.train INFO: Soft Alignment Batch - Epoch: 62 Iteration: 80 soft_alignment_loss: 0.363147 valid_alignment_pair_count: 76 mean_soft_path_cost: 3.994620 alignment_temperature: 0.1
2026-08-15 13:38:01,957 reid_baseline.train INFO: Epoch[62] Iteration[100/186] loss_total: 1.249, loss_id: 1.084, loss_triplet: 0.047, loss_camera_triplet: 0.000, loss_cross_camera_positive: 0.273, loss_pcc: 0.365, cross_camera_positive_count: 62.5, Acc: 0.999, Base Lr: 3.50e-05
2026-08-15 13:38:01,957 reid_baseline.train INFO: Soft Alignment Batch - Epoch: 62 Iteration: 100 soft_alignment_loss: 0.368571 valid_alignment_pair_count: 82 mean_soft_path_cost: 4.054284 alignment_temperature: 0.1
2026-08-15 13:38:04,653 reid_baseline.train INFO: Epoch[62] Iteration[120/186] loss_total: 1.244, loss_id: 1.081, loss_triplet: 0.044, loss_camera_triplet: 0.000, loss_cross_camera_positive: 0.274, loss_pcc: 0.367, cross_camera_positive_count: 62.7, Acc: 0.999, Base Lr: 3.50e-05
2026-08-15 13:38:04,654 reid_baseline.train INFO: Soft Alignment Batch - Epoch: 62 Iteration: 120 soft_alignment_loss: 0.360646 valid_alignment_pair_count: 73 mean_soft_path_cost: 3.967101 alignment_temperature: 0.1
2026-08-15 13:38:07,344 reid_baseline.train INFO: Epoch[62] Iteration[140/186] loss_total: 1.242, loss_id: 1.079, loss_triplet: 0.044, loss_camera_triplet: 0.000, loss_cross_camera_positive: 0.274, loss_pcc: 0.364, cross_camera_positive_count: 62.5, Acc: 0.999, Base Lr: 3.50e-05
2026-08-15 13:38:07,344 reid_baseline.train INFO: Soft Alignment Batch - Epoch: 62 Iteration: 140 soft_alignment_loss: 0.359647 valid_alignment_pair_count: 77 mean_soft_path_cost: 3.956120 alignment_temperature: 0.1
2026-08-15 13:38:10,025 reid_baseline.train INFO: Epoch[62] Iteration[160/186] loss_total: 1.235, loss_id: 1.076, loss_triplet: 0.041, loss_camera_triplet: 0.000, loss_cross_camera_positive: 0.271, loss_pcc: 0.360, cross_camera_positive_count: 62.6, Acc: 0.999, Base Lr: 3.50e-05
2026-08-15 13:38:10,025 reid_baseline.train INFO: Soft Alignment Batch - Epoch: 62 Iteration: 160 soft_alignment_loss: 0.337049 valid_alignment_pair_count: 74 mean_soft_path_cost: 3.707535 alignment_temperature: 0.1
2026-08-15 13:38:12,747 reid_baseline.train INFO: Epoch[62] Iteration[180/186] loss_total: 1.231, loss_id: 1.074, loss_triplet: 0.041, loss_camera_triplet: 0.000, loss_cross_camera_positive: 0.269, loss_pcc: 0.358, cross_camera_positive_count: 62.4, Acc: 0.999, Base Lr: 3.50e-05
2026-08-15 13:38:12,747 reid_baseline.train INFO: Soft Alignment Batch - Epoch: 62 Iteration: 180 soft_alignment_loss: 0.363033 valid_alignment_pair_count: 69 mean_soft_path_cost: 3.993360 alignment_temperature: 0.1
2026-08-15 13:38:13,561 reid_baseline.train INFO: EPOCH_EVIDENCE epoch=62 global_iteration=11532 epoch_length=186
2026-08-15 13:38:13,561 reid_baseline.train INFO: Soft Alignment Epoch Summary - Epoch: 62 soft_alignment_loss: 0.360767 valid_alignment_pair_count: 13722 mean_soft_path_cost: 3.968441 alignment_temperature: 0.1
2026-08-15 13:38:13,561 reid_baseline.train INFO: Epoch 62 done. Time per batch: 24.135[s] Speed: 493.2[samples/s]
2026-08-15 13:38:13,561 reid_baseline.train INFO: ----------
2026-08-15 13:38:16,752 reid_baseline.train INFO: Epoch[63] Iteration[20/186] loss_total: 1.225, loss_id: 1.074, loss_triplet: 0.038, loss_camera_triplet: 0.000, loss_cross_camera_positive: 0.263, loss_pcc: 0.348, cross_camera_positive_count: 62.4, Acc: 0.999, Base Lr: 3.50e-05
2026-08-15 13:38:16,752 reid_baseline.train INFO: Soft Alignment Batch - Epoch: 63 Iteration: 20 soft_alignment_loss: 0.347072 valid_alignment_pair_count: 69 mean_soft_path_cost: 3.817793 alignment_temperature: 0.1
2026-08-15 13:38:19,455 reid_baseline.train INFO: Epoch[63] Iteration[40/186] loss_total: 1.241, loss_id: 1.082, loss_triplet: 0.042, loss_camera_triplet: 0.000, loss_cross_camera_positive: 0.272, loss_pcc: 0.359, cross_camera_positive_count: 62.4, Acc: 0.998, Base Lr: 3.50e-05
2026-08-15 13:38:19,455 reid_baseline.train INFO: Soft Alignment Batch - Epoch: 63 Iteration: 40 soft_alignment_loss: 0.366849 valid_alignment_pair_count: 74 mean_soft_path_cost: 4.035334 alignment_temperature: 0.1
2026-08-15 13:38:22,195 reid_baseline.train INFO: Epoch[63] Iteration[60/186] loss_total: 1.240, loss_id: 1.081, loss_triplet: 0.041, loss_camera_triplet: 0.000, loss_cross_camera_positive: 0.272, loss_pcc: 0.362, cross_camera_positive_count: 62.2, Acc: 0.998, Base Lr: 3.50e-05
2026-08-15 13:38:22,195 reid_baseline.train INFO: Soft Alignment Batch - Epoch: 63 Iteration: 60 soft_alignment_loss: 0.377316 valid_alignment_pair_count: 74 mean_soft_path_cost: 4.150472 alignment_temperature: 0.1
2026-08-15 13:38:24,911 reid_baseline.train INFO: Epoch[63] Iteration[80/186] loss_total: 1.239, loss_id: 1.081, loss_triplet: 0.040, loss_camera_triplet: 0.000, loss_cross_camera_positive: 0.271, loss_pcc: 0.364, cross_camera_positive_count: 62.6, Acc: 0.999, Base Lr: 3.50e-05
2026-08-15 13:38:24,911 reid_baseline.train INFO: Soft Alignment Batch - Epoch: 63 Iteration: 80 soft_alignment_loss: 0.375344 valid_alignment_pair_count: 74 mean_soft_path_cost: 4.128783 alignment_temperature: 0.1
2026-08-15 13:38:27,636 reid_baseline.train INFO: Epoch[63] Iteration[100/186] loss_total: 1.236, loss_id: 1.081, loss_triplet: 0.038, loss_camera_triplet: 0.000, loss_cross_camera_positive: 0.271, loss_pcc: 0.364, cross_camera_positive_count: 62.5, Acc: 0.999, Base Lr: 3.50e-05
2026-08-15 13:38:27,636 reid_baseline.train INFO: Soft Alignment Batch - Epoch: 63 Iteration: 100 soft_alignment_loss: 0.379553 valid_alignment_pair_count: 68 mean_soft_path_cost: 4.175087 alignment_temperature: 0.1
2026-08-15 13:38:30,347 reid_baseline.train INFO: Epoch[63] Iteration[120/186] loss_total: 1.239, loss_id: 1.081, loss_triplet: 0.040, loss_camera_triplet: 0.000, loss_cross_camera_positive: 0.274, loss_pcc: 0.366, cross_camera_positive_count: 62.8, Acc: 0.999, Base Lr: 3.50e-05
2026-08-15 13:38:30,347 reid_baseline.train INFO: Soft Alignment Batch - Epoch: 63 Iteration: 120 soft_alignment_loss: 0.367576 valid_alignment_pair_count: 74 mean_soft_path_cost: 4.043337 alignment_temperature: 0.1
2026-08-15 13:38:33,065 reid_baseline.train INFO: Epoch[63] Iteration[140/186] loss_total: 1.234, loss_id: 1.077, loss_triplet: 0.040, loss_camera_triplet: 0.000, loss_cross_camera_positive: 0.269, loss_pcc: 0.362, cross_camera_positive_count: 62.5, Acc: 0.999, Base Lr: 3.50e-05
2026-08-15 13:38:33,065 reid_baseline.train INFO: Soft Alignment Batch - Epoch: 63 Iteration: 140 soft_alignment_loss: 0.337815 valid_alignment_pair_count: 71 mean_soft_path_cost: 3.715962 alignment_temperature: 0.1
2026-08-15 13:38:35,771 reid_baseline.train INFO: Epoch[63] Iteration[160/186] loss_total: 1.234, loss_id: 1.076, loss_triplet: 0.040, loss_camera_triplet: 0.000, loss_cross_camera_positive: 0.270, loss_pcc: 0.361, cross_camera_positive_count: 62.4, Acc: 0.999, Base Lr: 3.50e-05
2026-08-15 13:38:35,771 reid_baseline.train INFO: Soft Alignment Batch - Epoch: 63 Iteration: 160 soft_alignment_loss: 0.360597 valid_alignment_pair_count: 76 mean_soft_path_cost: 3.966564 alignment_temperature: 0.1
2026-08-15 13:38:38,503 reid_baseline.train INFO: Epoch[63] Iteration[180/186] loss_total: 1.224, loss_id: 1.072, loss_triplet: 0.036, loss_camera_triplet: 0.000, loss_cross_camera_positive: 0.266, loss_pcc: 0.357, cross_camera_positive_count: 62.5, Acc: 0.999, Base Lr: 3.50e-05
2026-08-15 13:38:38,503 reid_baseline.train INFO: Soft Alignment Batch - Epoch: 63 Iteration: 180 soft_alignment_loss: 0.342023 valid_alignment_pair_count: 71 mean_soft_path_cost: 3.762248 alignment_temperature: 0.1
2026-08-15 13:38:39,319 reid_baseline.train INFO: EPOCH_EVIDENCE epoch=63 global_iteration=11718 epoch_length=186
2026-08-15 13:38:39,319 reid_baseline.train INFO: Soft Alignment Epoch Summary - Epoch: 63 soft_alignment_loss: 0.359631 valid_alignment_pair_count: 13755 mean_soft_path_cost: 3.955937 alignment_temperature: 0.1
2026-08-15 13:38:39,319 reid_baseline.train INFO: Epoch 63 done. Time per batch: 24.233[s] Speed: 491.2[samples/s]
2026-08-15 13:38:39,320 reid_baseline.train INFO: ----------
2026-08-15 13:38:42,558 reid_baseline.train INFO: Epoch[64] Iteration[20/186] loss_total: 1.221, loss_id: 1.074, loss_triplet: 0.034, loss_camera_triplet: 0.000, loss_cross_camera_positive: 0.260, loss_pcc: 0.351, cross_camera_positive_count: 62.2, Acc: 0.999, Base Lr: 3.50e-05
2026-08-15 13:38:42,558 reid_baseline.train INFO: Soft Alignment Batch - Epoch: 64 Iteration: 20 soft_alignment_loss: 0.360616 valid_alignment_pair_count: 67 mean_soft_path_cost: 3.966774 alignment_temperature: 0.1
2026-08-15 13:38:45,269 reid_baseline.train INFO: Epoch[64] Iteration[40/186] loss_total: 1.231, loss_id: 1.077, loss_triplet: 0.036, loss_camera_triplet: 0.000, loss_cross_camera_positive: 0.270, loss_pcc: 0.363, cross_camera_positive_count: 62.6, Acc: 1.000, Base Lr: 3.50e-05
2026-08-15 13:38:45,269 reid_baseline.train INFO: Soft Alignment Batch - Epoch: 64 Iteration: 40 soft_alignment_loss: 0.374381 valid_alignment_pair_count: 76 mean_soft_path_cost: 4.118195 alignment_temperature: 0.1
2026-08-15 13:38:47,994 reid_baseline.train INFO: Epoch[64] Iteration[60/186] loss_total: 1.240, loss_id: 1.082, loss_triplet: 0.040, loss_camera_triplet: 0.000, loss_cross_camera_positive: 0.273, loss_pcc: 0.366, cross_camera_positive_count: 62.6, Acc: 0.999, Base Lr: 3.50e-05
2026-08-15 13:38:47,994 reid_baseline.train INFO: Soft Alignment Batch - Epoch: 64 Iteration: 60 soft_alignment_loss: 0.359221 valid_alignment_pair_count: 75 mean_soft_path_cost: 3.951430 alignment_temperature: 0.1
2026-08-15 13:38:50,736 reid_baseline.train INFO: Epoch[64] Iteration[80/186] loss_total: 1.241, loss_id: 1.081, loss_triplet: 0.041, loss_camera_triplet: 0.000, loss_cross_camera_positive: 0.274, loss_pcc: 0.366, cross_camera_positive_count: 62.7, Acc: 0.998, Base Lr: 3.50e-05
2026-08-15 13:38:50,736 reid_baseline.train INFO: Soft Alignment Batch - Epoch: 64 Iteration: 80 soft_alignment_loss: 0.356771 valid_alignment_pair_count: 75 mean_soft_path_cost: 3.924479 alignment_temperature: 0.1
2026-08-15 13:38:53,458 reid_baseline.train INFO: Epoch[64] Iteration[100/186] loss_total: 1.241, loss_id: 1.080, loss_triplet: 0.042, loss_camera_triplet: 0.000, loss_cross_camera_positive: 0.276, loss_pcc: 0.366, cross_camera_positive_count: 62.4, Acc: 0.998, Base Lr: 3.50e-05
2026-08-15 13:38:53,458 reid_baseline.train INFO: Soft Alignment Batch - Epoch: 64 Iteration: 100 soft_alignment_loss: 0.359525 valid_alignment_pair_count: 71 mean_soft_path_cost: 3.954776 alignment_temperature: 0.1
2026-08-15 13:38:56,180 reid_baseline.train INFO: Epoch[64] Iteration[120/186] loss_total: 1.235, loss_id: 1.076, loss_triplet: 0.040, loss_camera_triplet: 0.000, loss_cross_camera_positive: 0.274, loss_pcc: 0.365, cross_camera_positive_count: 62.7, Acc: 0.999, Base Lr: 3.50e-05
2026-08-15 13:38:56,180 reid_baseline.train INFO: Soft Alignment Batch - Epoch: 64 Iteration: 120 soft_alignment_loss: 0.355072 valid_alignment_pair_count: 74 mean_soft_path_cost: 3.905789 alignment_temperature: 0.1
2026-08-15 13:38:58,922 reid_baseline.train INFO: Epoch[64] Iteration[140/186] loss_total: 1.234, loss_id: 1.075, loss_triplet: 0.041, loss_camera_triplet: 0.000, loss_cross_camera_positive: 0.272, loss_pcc: 0.364, cross_camera_positive_count: 62.7, Acc: 0.999, Base Lr: 3.50e-05
2026-08-15 13:38:58,922 reid_baseline.train INFO: Soft Alignment Batch - Epoch: 64 Iteration: 140 soft_alignment_loss: 0.352714 valid_alignment_pair_count: 80 mean_soft_path_cost: 3.879850 alignment_temperature: 0.1
2026-08-15 13:39:01,640 reid_baseline.train INFO: Epoch[64] Iteration[160/186] loss_total: 1.229, loss_id: 1.074, loss_triplet: 0.039, loss_camera_triplet: 0.000, loss_cross_camera_positive: 0.270, loss_pcc: 0.360, cross_camera_positive_count: 62.8, Acc: 0.999, Base Lr: 3.50e-05
2026-08-15 13:39:01,640 reid_baseline.train INFO: Soft Alignment Batch - Epoch: 64 Iteration: 160 soft_alignment_loss: 0.342441 valid_alignment_pair_count: 68 mean_soft_path_cost: 3.766856 alignment_temperature: 0.1
2026-08-15 13:39:04,357 reid_baseline.train INFO: Epoch[64] Iteration[180/186] loss_total: 1.224, loss_id: 1.072, loss_triplet: 0.038, loss_camera_triplet: 0.000, loss_cross_camera_positive: 0.264, loss_pcc: 0.354, cross_camera_positive_count: 62.4, Acc: 0.999, Base Lr: 3.50e-05
2026-08-15 13:39:04,357 reid_baseline.train INFO: Soft Alignment Batch - Epoch: 64 Iteration: 180 soft_alignment_loss: 0.348893 valid_alignment_pair_count: 76 mean_soft_path_cost: 3.837819 alignment_temperature: 0.1
2026-08-15 13:39:05,168 reid_baseline.train INFO: EPOCH_EVIDENCE epoch=64 global_iteration=11904 epoch_length=186
2026-08-15 13:39:05,168 reid_baseline.train INFO: Soft Alignment Epoch Summary - Epoch: 64 soft_alignment_loss: 0.360573 valid_alignment_pair_count: 13768 mean_soft_path_cost: 3.966306 alignment_temperature: 0.1
2026-08-15 13:39:05,168 reid_baseline.train INFO: Epoch 64 done. Time per batch: 24.281[s] Speed: 490.3[samples/s]
2026-08-15 13:39:05,168 reid_baseline.train INFO: ----------
2026-08-15 13:39:08,445 reid_baseline.train INFO: Epoch[65] Iteration[20/186] loss_total: 1.226, loss_id: 1.078, loss_triplet: 0.036, loss_camera_triplet: 0.000, loss_cross_camera_positive: 0.259, loss_pcc: 0.346, cross_camera_positive_count: 62.2, Acc: 0.998, Base Lr: 3.50e-05
2026-08-15 13:39:08,445 reid_baseline.train INFO: Soft Alignment Batch - Epoch: 65 Iteration: 20 soft_alignment_loss: 0.373543 valid_alignment_pair_count: 79 mean_soft_path_cost: 4.108971 alignment_temperature: 0.1
2026-08-15 13:39:11,149 reid_baseline.train INFO: Epoch[65] Iteration[40/186] loss_total: 1.234, loss_id: 1.079, loss_triplet: 0.039, loss_camera_triplet: 0.000, loss_cross_camera_positive: 0.269, loss_pcc: 0.359, cross_camera_positive_count: 62.1, Acc: 0.999, Base Lr: 3.50e-05
2026-08-15 13:39:11,149 reid_baseline.train INFO: Soft Alignment Batch - Epoch: 65 Iteration: 40 soft_alignment_loss: 0.384696 valid_alignment_pair_count: 67 mean_soft_path_cost: 4.231655 alignment_temperature: 0.1
2026-08-15 13:39:13,858 reid_baseline.train INFO: Epoch[65] Iteration[60/186] loss_total: 1.242, loss_id: 1.082, loss_triplet: 0.043, loss_camera_triplet: 0.000, loss_cross_camera_positive: 0.272, loss_pcc: 0.362, cross_camera_positive_count: 62.2, Acc: 0.999, Base Lr: 3.50e-05
2026-08-15 13:39:13,858 reid_baseline.train INFO: Soft Alignment Batch - Epoch: 65 Iteration: 60 soft_alignment_loss: 0.355060 valid_alignment_pair_count: 62 mean_soft_path_cost: 3.905662 alignment_temperature: 0.1
2026-08-15 13:39:16,583 reid_baseline.train INFO: Epoch[65] Iteration[80/186] loss_total: 1.249, loss_id: 1.085, loss_triplet: 0.046, loss_camera_triplet: 0.000, loss_cross_camera_positive: 0.274, loss_pcc: 0.363, cross_camera_positive_count: 61.8, Acc: 0.999, Base Lr: 3.50e-05
2026-08-15 13:39:16,583 reid_baseline.train INFO: Soft Alignment Batch - Epoch: 65 Iteration: 80 soft_alignment_loss: 0.374730 valid_alignment_pair_count: 76 mean_soft_path_cost: 4.122031 alignment_temperature: 0.1
2026-08-15 13:39:19,304 reid_baseline.train INFO: Epoch[65] Iteration[100/186] loss_total: 1.243, loss_id: 1.081, loss_triplet: 0.043, loss_camera_triplet: 0.000, loss_cross_camera_positive: 0.277, loss_pcc: 0.368, cross_camera_positive_count: 62.2, Acc: 0.999, Base Lr: 3.50e-05
2026-08-15 13:39:19,304 reid_baseline.train INFO: Soft Alignment Batch - Epoch: 65 Iteration: 100 soft_alignment_loss: 0.371138 valid_alignment_pair_count: 74 mean_soft_path_cost: 4.082518 alignment_temperature: 0.1
2026-08-15 13:39:22,005 reid_baseline.train INFO: Epoch[65] Iteration[120/186] loss_total: 1.237, loss_id: 1.078, loss_triplet: 0.040, loss_camera_triplet: 0.000, loss_cross_camera_positive: 0.275, loss_pcc: 0.367, cross_camera_positive_count: 62.4, Acc: 0.999, Base Lr: 3.50e-05
2026-08-15 13:39:22,006 reid_baseline.train INFO: Soft Alignment Batch - Epoch: 65 Iteration: 120 soft_alignment_loss: 0.376651 valid_alignment_pair_count: 79 mean_soft_path_cost: 4.143165 alignment_temperature: 0.1
2026-08-15 13:39:24,706 reid_baseline.train INFO: Epoch[65] Iteration[140/186] loss_total: 1.235, loss_id: 1.076, loss_triplet: 0.040, loss_camera_triplet: 0.000, loss_cross_camera_positive: 0.274, loss_pcc: 0.365, cross_camera_positive_count: 62.5, Acc: 1.000, Base Lr: 3.50e-05
2026-08-15 13:39:24,706 reid_baseline.train INFO: Soft Alignment Batch - Epoch: 65 Iteration: 140 soft_alignment_loss: 0.358037 valid_alignment_pair_count: 70 mean_soft_path_cost: 3.938410 alignment_temperature: 0.1
2026-08-15 13:39:27,422 reid_baseline.train INFO: Epoch[65] Iteration[160/186] loss_total: 1.233, loss_id: 1.074, loss_triplet: 0.040, loss_camera_triplet: 0.000, loss_cross_camera_positive: 0.273, loss_pcc: 0.363, cross_camera_positive_count: 62.5, Acc: 1.000, Base Lr: 3.50e-05
2026-08-15 13:39:27,422 reid_baseline.train INFO: Soft Alignment Batch - Epoch: 65 Iteration: 160 soft_alignment_loss: 0.342456 valid_alignment_pair_count: 79 mean_soft_path_cost: 3.767011 alignment_temperature: 0.1
2026-08-15 13:39:30,118 reid_baseline.train INFO: Epoch[65] Iteration[180/186] loss_total: 1.221, loss_id: 1.068, loss_triplet: 0.038, loss_camera_triplet: 0.000, loss_cross_camera_positive: 0.265, loss_pcc: 0.355, cross_camera_positive_count: 62.7, Acc: 1.000, Base Lr: 3.50e-05
2026-08-15 13:39:30,118 reid_baseline.train INFO: Soft Alignment Batch - Epoch: 65 Iteration: 180 soft_alignment_loss: 0.335754 valid_alignment_pair_count: 77 mean_soft_path_cost: 3.693298 alignment_temperature: 0.1
2026-08-15 13:39:30,925 reid_baseline.train INFO: EPOCH_EVIDENCE epoch=65 global_iteration=12090 epoch_length=186
2026-08-15 13:39:30,925 reid_baseline.train INFO: Soft Alignment Epoch Summary - Epoch: 65 soft_alignment_loss: 0.360499 valid_alignment_pair_count: 13705 mean_soft_path_cost: 3.965488 alignment_temperature: 0.1
2026-08-15 13:39:30,925 reid_baseline.train INFO: Epoch 65 done. Time per batch: 24.127[s] Speed: 493.4[samples/s]
2026-08-15 13:39:30,925 reid_baseline.train INFO: ----------
2026-08-15 13:39:34,070 reid_baseline.train INFO: Epoch[66] Iteration[20/186] loss_total: 1.232, loss_id: 1.077, loss_triplet: 0.040, loss_camera_triplet: 0.000, loss_cross_camera_positive: 0.263, loss_pcc: 0.353, cross_camera_positive_count: 62.7, Acc: 0.999, Base Lr: 3.50e-05
2026-08-15 13:39:34,070 reid_baseline.train INFO: Soft Alignment Batch - Epoch: 66 Iteration: 20 soft_alignment_loss: 0.392191 valid_alignment_pair_count: 80 mean_soft_path_cost: 4.314102 alignment_temperature: 0.1
2026-08-15 13:39:36,764 reid_baseline.train INFO: Epoch[66] Iteration[40/186] loss_total: 1.244, loss_id: 1.081, loss_triplet: 0.045, loss_camera_triplet: 0.000, loss_cross_camera_positive: 0.272, loss_pcc: 0.364, cross_camera_positive_count: 62.5, Acc: 0.999, Base Lr: 3.50e-05
2026-08-15 13:39:36,764 reid_baseline.train INFO: Soft Alignment Batch - Epoch: 66 Iteration: 40 soft_alignment_loss: 0.369654 valid_alignment_pair_count: 79 mean_soft_path_cost: 4.066195 alignment_temperature: 0.1
2026-08-15 13:39:39,471 reid_baseline.train INFO: Epoch[66] Iteration[60/186] loss_total: 1.249, loss_id: 1.082, loss_triplet: 0.047, loss_camera_triplet: 0.000, loss_cross_camera_positive: 0.276, loss_pcc: 0.368, cross_camera_positive_count: 62.7, Acc: 0.999, Base Lr: 3.50e-05
2026-08-15 13:39:39,471 reid_baseline.train INFO: Soft Alignment Batch - Epoch: 66 Iteration: 60 soft_alignment_loss: 0.382006 valid_alignment_pair_count: 75 mean_soft_path_cost: 4.202067 alignment_temperature: 0.1
2026-08-15 13:39:42,161 reid_baseline.train INFO: Epoch[66] Iteration[80/186] loss_total: 1.248, loss_id: 1.082, loss_triplet: 0.046, loss_camera_triplet: 0.000, loss_cross_camera_positive: 0.278, loss_pcc: 0.371, cross_camera_positive_count: 62.7, Acc: 0.998, Base Lr: 3.50e-05
2026-08-15 13:39:42,161 reid_baseline.train INFO: Soft Alignment Batch - Epoch: 66 Iteration: 80 soft_alignment_loss: 0.375167 valid_alignment_pair_count: 75 mean_soft_path_cost: 4.126836 alignment_temperature: 0.1
2026-08-15 13:39:44,843 reid_baseline.train INFO: Epoch[66] Iteration[100/186] loss_total: 1.242, loss_id: 1.080, loss_triplet: 0.043, loss_camera_triplet: 0.000, loss_cross_camera_positive: 0.275, loss_pcc: 0.368, cross_camera_positive_count: 62.8, Acc: 0.998, Base Lr: 3.50e-05
2026-08-15 13:39:44,843 reid_baseline.train INFO: Soft Alignment Batch - Epoch: 66 Iteration: 100 soft_alignment_loss: 0.352807 valid_alignment_pair_count: 74 mean_soft_path_cost: 3.880883 alignment_temperature: 0.1
2026-08-15 13:39:47,537 reid_baseline.train INFO: Epoch[66] Iteration[120/186] loss_total: 1.232, loss_id: 1.076, loss_triplet: 0.038, loss_camera_triplet: 0.000, loss_cross_camera_positive: 0.272, loss_pcc: 0.364, cross_camera_positive_count: 62.7, Acc: 0.998, Base Lr: 3.50e-05
2026-08-15 13:39:47,537 reid_baseline.train INFO: Soft Alignment Batch - Epoch: 66 Iteration: 120 soft_alignment_loss: 0.355429 valid_alignment_pair_count: 78 mean_soft_path_cost: 3.909722 alignment_temperature: 0.1
2026-08-15 13:39:50,236 reid_baseline.train INFO: Epoch[66] Iteration[140/186] loss_total: 1.232, loss_id: 1.075, loss_triplet: 0.039, loss_camera_triplet: 0.000, loss_cross_camera_positive: 0.271, loss_pcc: 0.363, cross_camera_positive_count: 62.8, Acc: 0.999, Base Lr: 3.50e-05
2026-08-15 13:39:50,236 reid_baseline.train INFO: Soft Alignment Batch - Epoch: 66 Iteration: 140 soft_alignment_loss: 0.354942 valid_alignment_pair_count: 78 mean_soft_path_cost: 3.904360 alignment_temperature: 0.1
2026-08-15 13:39:52,932 reid_baseline.train INFO: Epoch[66] Iteration[160/186] loss_total: 1.228, loss_id: 1.071, loss_triplet: 0.041, loss_camera_triplet: 0.000, loss_cross_camera_positive: 0.268, loss_pcc: 0.359, cross_camera_positive_count: 62.6, Acc: 0.999, Base Lr: 3.50e-05
2026-08-15 13:39:52,932 reid_baseline.train INFO: Soft Alignment Batch - Epoch: 66 Iteration: 160 soft_alignment_loss: 0.352236 valid_alignment_pair_count: 75 mean_soft_path_cost: 3.874599 alignment_temperature: 0.1
2026-08-15 13:39:55,599 reid_baseline.train INFO: Epoch[66] Iteration[180/186] loss_total: 1.225, loss_id: 1.069, loss_triplet: 0.041, loss_camera_triplet: 0.000, loss_cross_camera_positive: 0.266, loss_pcc: 0.354, cross_camera_positive_count: 62.5, Acc: 0.999, Base Lr: 3.50e-05
2026-08-15 13:39:55,599 reid_baseline.train INFO: Soft Alignment Batch - Epoch: 66 Iteration: 180 soft_alignment_loss: 0.336021 valid_alignment_pair_count: 76 mean_soft_path_cost: 3.696234 alignment_temperature: 0.1
2026-08-15 13:39:56,405 reid_baseline.train INFO: EPOCH_EVIDENCE epoch=66 global_iteration=12276 epoch_length=186
2026-08-15 13:39:56,405 reid_baseline.train INFO: Soft Alignment Epoch Summary - Epoch: 66 soft_alignment_loss: 0.361979 valid_alignment_pair_count: 13700 mean_soft_path_cost: 3.981769 alignment_temperature: 0.1
2026-08-15 13:39:56,405 reid_baseline.train INFO: Epoch 66 done. Time per batch: 24.025[s] Speed: 495.5[samples/s]
2026-08-15 13:39:56,405 reid_baseline.train INFO: ----------
2026-08-15 13:39:59,560 reid_baseline.train INFO: Epoch[67] Iteration[20/186] loss_total: 1.233, loss_id: 1.074, loss_triplet: 0.045, loss_camera_triplet: 0.000, loss_cross_camera_positive: 0.265, loss_pcc: 0.352, cross_camera_positive_count: 62.3, Acc: 0.999, Base Lr: 3.50e-05
2026-08-15 13:39:59,560 reid_baseline.train INFO: Soft Alignment Batch - Epoch: 67 Iteration: 20 soft_alignment_loss: 0.390945 valid_alignment_pair_count: 71 mean_soft_path_cost: 4.300399 alignment_temperature: 0.1
2026-08-15 13:40:02,295 reid_baseline.train INFO: Epoch[67] Iteration[40/186] loss_total: 1.241, loss_id: 1.078, loss_triplet: 0.045, loss_camera_triplet: 0.000, loss_cross_camera_positive: 0.272, loss_pcc: 0.361, cross_camera_positive_count: 62.3, Acc: 0.999, Base Lr: 3.50e-05
2026-08-15 13:40:02,295 reid_baseline.train INFO: Soft Alignment Batch - Epoch: 67 Iteration: 40 soft_alignment_loss: 0.361345 valid_alignment_pair_count: 81 mean_soft_path_cost: 3.974794 alignment_temperature: 0.1
2026-08-15 13:40:05,041 reid_baseline.train INFO: Epoch[67] Iteration[60/186] loss_total: 1.247, loss_id: 1.081, loss_triplet: 0.048, loss_camera_triplet: 0.000, loss_cross_camera_positive: 0.273, loss_pcc: 0.363, cross_camera_positive_count: 62.2, Acc: 0.999, Base Lr: 3.50e-05
2026-08-15 13:40:05,041 reid_baseline.train INFO: Soft Alignment Batch - Epoch: 67 Iteration: 60 soft_alignment_loss: 0.359898 valid_alignment_pair_count: 74 mean_soft_path_cost: 3.958876 alignment_temperature: 0.1
2026-08-15 13:40:07,768 reid_baseline.train INFO: Epoch[67] Iteration[80/186] loss_total: 1.247, loss_id: 1.082, loss_triplet: 0.046, loss_camera_triplet: 0.000, loss_cross_camera_positive: 0.274, loss_pcc: 0.365, cross_camera_positive_count: 62.2, Acc: 0.999, Base Lr: 3.50e-05
2026-08-15 13:40:07,768 reid_baseline.train INFO: Soft Alignment Batch - Epoch: 67 Iteration: 80 soft_alignment_loss: 0.378771 valid_alignment_pair_count: 73 mean_soft_path_cost: 4.166481 alignment_temperature: 0.1
2026-08-15 13:40:10,483 reid_baseline.train INFO: Epoch[67] Iteration[100/186] loss_total: 1.242, loss_id: 1.080, loss_triplet: 0.044, loss_camera_triplet: 0.000, loss_cross_camera_positive: 0.274, loss_pcc: 0.365, cross_camera_positive_count: 62.6, Acc: 0.998, Base Lr: 3.50e-05
2026-08-15 13:40:10,483 reid_baseline.train INFO: Soft Alignment Batch - Epoch: 67 Iteration: 100 soft_alignment_loss: 0.380736 valid_alignment_pair_count: 76 mean_soft_path_cost: 4.188094 alignment_temperature: 0.1
2026-08-15 13:40:13,194 reid_baseline.train INFO: Epoch[67] Iteration[120/186] loss_total: 1.239, loss_id: 1.079, loss_triplet: 0.042, loss_camera_triplet: 0.000, loss_cross_camera_positive: 0.273, loss_pcc: 0.364, cross_camera_positive_count: 62.5, Acc: 0.998, Base Lr: 3.50e-05
2026-08-15 13:40:13,194 reid_baseline.train INFO: Soft Alignment Batch - Epoch: 67 Iteration: 120 soft_alignment_loss: 0.348530 valid_alignment_pair_count: 74 mean_soft_path_cost: 3.833828 alignment_temperature: 0.1
2026-08-15 13:40:15,920 reid_baseline.train INFO: Epoch[67] Iteration[140/186] loss_total: 1.237, loss_id: 1.077, loss_triplet: 0.043, loss_camera_triplet: 0.000, loss_cross_camera_positive: 0.271, loss_pcc: 0.361, cross_camera_positive_count: 62.5, Acc: 0.999, Base Lr: 3.50e-05
2026-08-15 13:40:15,921 reid_baseline.train INFO: Soft Alignment Batch - Epoch: 67 Iteration: 140 soft_alignment_loss: 0.346046 valid_alignment_pair_count: 80 mean_soft_path_cost: 3.806510 alignment_temperature: 0.1
2026-08-15 13:40:18,640 reid_baseline.train INFO: Epoch[67] Iteration[160/186] loss_total: 1.230, loss_id: 1.075, loss_triplet: 0.039, loss_camera_triplet: 0.000, loss_cross_camera_positive: 0.268, loss_pcc: 0.357, cross_camera_positive_count: 62.5, Acc: 0.999, Base Lr: 3.50e-05
2026-08-15 13:40:18,640 reid_baseline.train INFO: Soft Alignment Batch - Epoch: 67 Iteration: 160 soft_alignment_loss: 0.355878 valid_alignment_pair_count: 74 mean_soft_path_cost: 3.914660 alignment_temperature: 0.1
2026-08-15 13:40:21,347 reid_baseline.train INFO: Epoch[67] Iteration[180/186] loss_total: 1.225, loss_id: 1.071, loss_triplet: 0.039, loss_camera_triplet: 0.000, loss_cross_camera_positive: 0.267, loss_pcc: 0.354, cross_camera_positive_count: 62.5, Acc: 0.999, Base Lr: 3.50e-05
2026-08-15 13:40:21,348 reid_baseline.train INFO: Soft Alignment Batch - Epoch: 67 Iteration: 180 soft_alignment_loss: 0.344766 valid_alignment_pair_count: 80 mean_soft_path_cost: 3.792422 alignment_temperature: 0.1
2026-08-15 13:40:22,164 reid_baseline.train INFO: EPOCH_EVIDENCE epoch=67 global_iteration=12462 epoch_length=186
2026-08-15 13:40:22,165 reid_baseline.train INFO: Soft Alignment Epoch Summary - Epoch: 67 soft_alignment_loss: 0.359858 valid_alignment_pair_count: 13729 mean_soft_path_cost: 3.958436 alignment_temperature: 0.1
2026-08-15 13:40:22,165 reid_baseline.train INFO: Epoch 67 done. Time per batch: 24.228[s] Speed: 491.3[samples/s]
2026-08-15 13:40:22,165 reid_baseline.train INFO: ----------
2026-08-15 13:40:25,369 reid_baseline.train INFO: Epoch[68] Iteration[20/186] loss_total: 1.235, loss_id: 1.079, loss_triplet: 0.041, loss_camera_triplet: 0.000, loss_cross_camera_positive: 0.266, loss_pcc: 0.354, cross_camera_positive_count: 62.8, Acc: 0.999, Base Lr: 3.50e-05
2026-08-15 13:40:25,369 reid_baseline.train INFO: Soft Alignment Batch - Epoch: 68 Iteration: 20 soft_alignment_loss: 0.404189 valid_alignment_pair_count: 83 mean_soft_path_cost: 4.446077 alignment_temperature: 0.1
2026-08-15 13:40:28,094 reid_baseline.train INFO: Epoch[68] Iteration[40/186] loss_total: 1.243, loss_id: 1.082, loss_triplet: 0.044, loss_camera_triplet: 0.000, loss_cross_camera_positive: 0.271, loss_pcc: 0.360, cross_camera_positive_count: 62.5, Acc: 0.998, Base Lr: 3.50e-05
2026-08-15 13:40:28,094 reid_baseline.train INFO: Soft Alignment Batch - Epoch: 68 Iteration: 40 soft_alignment_loss: 0.360189 valid_alignment_pair_count: 78 mean_soft_path_cost: 3.962079 alignment_temperature: 0.1
2026-08-15 13:40:30,790 reid_baseline.train INFO: Epoch[68] Iteration[60/186] loss_total: 1.245, loss_id: 1.083, loss_triplet: 0.044, loss_camera_triplet: 0.000, loss_cross_camera_positive: 0.272, loss_pcc: 0.361, cross_camera_positive_count: 62.3, Acc: 0.999, Base Lr: 3.50e-05
2026-08-15 13:40:30,790 reid_baseline.train INFO: Soft Alignment Batch - Epoch: 68 Iteration: 60 soft_alignment_loss: 0.357402 valid_alignment_pair_count: 74 mean_soft_path_cost: 3.931424 alignment_temperature: 0.1
2026-08-15 13:40:33,501 reid_baseline.train INFO: Epoch[68] Iteration[80/186] loss_total: 1.241, loss_id: 1.081, loss_triplet: 0.043, loss_camera_triplet: 0.000, loss_cross_camera_positive: 0.271, loss_pcc: 0.360, cross_camera_positive_count: 62.1, Acc: 0.998, Base Lr: 3.50e-05
2026-08-15 13:40:33,502 reid_baseline.train INFO: Soft Alignment Batch - Epoch: 68 Iteration: 80 soft_alignment_loss: 0.355057 valid_alignment_pair_count: 72 mean_soft_path_cost: 3.905624 alignment_temperature: 0.1
2026-08-15 13:40:36,216 reid_baseline.train INFO: Epoch[68] Iteration[100/186] loss_total: 1.245, loss_id: 1.081, loss_triplet: 0.045, loss_camera_triplet: 0.000, loss_cross_camera_positive: 0.275, loss_pcc: 0.366, cross_camera_positive_count: 62.3, Acc: 0.999, Base Lr: 3.50e-05
2026-08-15 13:40:36,216 reid_baseline.train INFO: Soft Alignment Batch - Epoch: 68 Iteration: 100 soft_alignment_loss: 0.366103 valid_alignment_pair_count: 77 mean_soft_path_cost: 4.027135 alignment_temperature: 0.1
2026-08-15 13:40:38,919 reid_baseline.train INFO: Epoch[68] Iteration[120/186] loss_total: 1.243, loss_id: 1.081, loss_triplet: 0.043, loss_camera_triplet: 0.000, loss_cross_camera_positive: 0.275, loss_pcc: 0.366, cross_camera_positive_count: 62.4, Acc: 0.999, Base Lr: 3.50e-05
2026-08-15 13:40:38,920 reid_baseline.train INFO: Soft Alignment Batch - Epoch: 68 Iteration: 120 soft_alignment_loss: 0.349508 valid_alignment_pair_count: 80 mean_soft_path_cost: 3.844591 alignment_temperature: 0.1
2026-08-15 13:40:41,650 reid_baseline.train INFO: Epoch[68] Iteration[140/186] loss_total: 1.236, loss_id: 1.077, loss_triplet: 0.041, loss_camera_triplet: 0.000, loss_cross_camera_positive: 0.273, loss_pcc: 0.363, cross_camera_positive_count: 62.6, Acc: 0.998, Base Lr: 3.50e-05
2026-08-15 13:40:41,650 reid_baseline.train INFO: Soft Alignment Batch - Epoch: 68 Iteration: 140 soft_alignment_loss: 0.351650 valid_alignment_pair_count: 76 mean_soft_path_cost: 3.868147 alignment_temperature: 0.1
2026-08-15 13:40:44,377 reid_baseline.train INFO: Epoch[68] Iteration[160/186] loss_total: 1.227, loss_id: 1.072, loss_triplet: 0.038, loss_camera_triplet: 0.000, loss_cross_camera_positive: 0.269, loss_pcc: 0.360, cross_camera_positive_count: 62.4, Acc: 0.999, Base Lr: 3.50e-05
2026-08-15 13:40:44,377 reid_baseline.train INFO: Soft Alignment Batch - Epoch: 68 Iteration: 160 soft_alignment_loss: 0.347195 valid_alignment_pair_count: 71 mean_soft_path_cost: 3.819150 alignment_temperature: 0.1
2026-08-15 13:40:47,067 reid_baseline.train INFO: Epoch[68] Iteration[180/186] loss_total: 1.213, loss_id: 1.067, loss_triplet: 0.033, loss_camera_triplet: 0.000, loss_cross_camera_positive: 0.262, loss_pcc: 0.351, cross_camera_positive_count: 62.6, Acc: 0.999, Base Lr: 3.50e-05
2026-08-15 13:40:47,067 reid_baseline.train INFO: Soft Alignment Batch - Epoch: 68 Iteration: 180 soft_alignment_loss: 0.341965 valid_alignment_pair_count: 72 mean_soft_path_cost: 3.761619 alignment_temperature: 0.1
2026-08-15 13:40:48,371 reid_baseline.train INFO: EPOCH_EVIDENCE epoch=68 global_iteration=12648 epoch_length=186
2026-08-15 13:40:48,371 reid_baseline.train INFO: Soft Alignment Epoch Summary - Epoch: 68 soft_alignment_loss: 0.359344 valid_alignment_pair_count: 13740 mean_soft_path_cost: 3.952789 alignment_temperature: 0.1
2026-08-15 13:40:48,371 reid_baseline.train INFO: Epoch 68 done. Time per batch: 24.208[s] Speed: 491.7[samples/s]
2026-08-15 13:40:48,371 reid_baseline.train INFO: ----------
2026-08-15 13:40:51,089 reid_baseline.train INFO: Epoch[69] Iteration[20/186] loss_total: 1.231, loss_id: 1.079, loss_triplet: 0.036, loss_camera_triplet: 0.000, loss_cross_camera_positive: 0.266, loss_pcc: 0.356, cross_camera_positive_count: 62.4, Acc: 0.999, Base Lr: 3.50e-05
2026-08-15 13:40:51,089 reid_baseline.train INFO: Soft Alignment Batch - Epoch: 69 Iteration: 20 soft_alignment_loss: 0.412123 valid_alignment_pair_count: 78 mean_soft_path_cost: 4.533349 alignment_temperature: 0.1
2026-08-15 13:40:53,801 reid_baseline.train INFO: Epoch[69] Iteration[40/186] loss_total: 1.238, loss_id: 1.080, loss_triplet: 0.040, loss_camera_triplet: 0.000, loss_cross_camera_positive: 0.272, loss_pcc: 0.364, cross_camera_positive_count: 62.6, Acc: 0.999, Base Lr: 3.50e-05
2026-08-15 13:40:53,802 reid_baseline.train INFO: Soft Alignment Batch - Epoch: 69 Iteration: 40 soft_alignment_loss: 0.365421 valid_alignment_pair_count: 76 mean_soft_path_cost: 4.019629 alignment_temperature: 0.1
2026-08-15 13:40:56,577 reid_baseline.train INFO: Epoch[69] Iteration[60/186] loss_total: 1.235, loss_id: 1.079, loss_triplet: 0.038, loss_camera_triplet: 0.000, loss_cross_camera_positive: 0.273, loss_pcc: 0.365, cross_camera_positive_count: 62.5, Acc: 1.000, Base Lr: 3.50e-05
2026-08-15 13:40:56,577 reid_baseline.train INFO: Soft Alignment Batch - Epoch: 69 Iteration: 60 soft_alignment_loss: 0.344974 valid_alignment_pair_count: 64 mean_soft_path_cost: 3.794718 alignment_temperature: 0.1
2026-08-15 13:40:59,299 reid_baseline.train INFO: Epoch[69] Iteration[80/186] loss_total: 1.233, loss_id: 1.078, loss_triplet: 0.037, loss_camera_triplet: 0.000, loss_cross_camera_positive: 0.272, loss_pcc: 0.363, cross_camera_positive_count: 62.5, Acc: 0.999, Base Lr: 3.50e-05
2026-08-15 13:40:59,299 reid_baseline.train INFO: Soft Alignment Batch - Epoch: 69 Iteration: 80 soft_alignment_loss: 0.357019 valid_alignment_pair_count: 66 mean_soft_path_cost: 3.927206 alignment_temperature: 0.1
2026-08-15 13:41:02,010 reid_baseline.train INFO: Epoch[69] Iteration[100/186] loss_total: 1.233, loss_id: 1.077, loss_triplet: 0.039, loss_camera_triplet: 0.000, loss_cross_camera_positive: 0.270, loss_pcc: 0.361, cross_camera_positive_count: 62.8, Acc: 0.999, Base Lr: 3.50e-05
2026-08-15 13:41:02,010 reid_baseline.train INFO: Soft Alignment Batch - Epoch: 69 Iteration: 100 soft_alignment_loss: 0.347514 valid_alignment_pair_count: 82 mean_soft_path_cost: 3.822650 alignment_temperature: 0.1
2026-08-15 13:41:04,739 reid_baseline.train INFO: Epoch[69] Iteration[120/186] loss_total: 1.229, loss_id: 1.075, loss_triplet: 0.038, loss_camera_triplet: 0.000, loss_cross_camera_positive: 0.266, loss_pcc: 0.356, cross_camera_positive_count: 62.6, Acc: 0.999, Base Lr: 3.50e-05
2026-08-15 13:41:04,739 reid_baseline.train INFO: Soft Alignment Batch - Epoch: 69 Iteration: 120 soft_alignment_loss: 0.347498 valid_alignment_pair_count: 81 mean_soft_path_cost: 3.822475 alignment_temperature: 0.1
2026-08-15 13:41:07,492 reid_baseline.train INFO: Epoch[69] Iteration[140/186] loss_total: 1.222, loss_id: 1.072, loss_triplet: 0.037, loss_camera_triplet: 0.000, loss_cross_camera_positive: 0.262, loss_pcc: 0.351, cross_camera_positive_count: 62.8, Acc: 0.999, Base Lr: 3.50e-05
2026-08-15 13:41:07,492 reid_baseline.train INFO: Soft Alignment Batch - Epoch: 69 Iteration: 140 soft_alignment_loss: 0.340060 valid_alignment_pair_count: 67 mean_soft_path_cost: 3.740659 alignment_temperature: 0.1
2026-08-15 13:41:10,204 reid_baseline.train INFO: Epoch[69] Iteration[160/186] loss_total: 1.215, loss_id: 1.067, loss_triplet: 0.035, loss_camera_triplet: 0.000, loss_cross_camera_positive: 0.257, loss_pcc: 0.347, cross_camera_positive_count: 62.6, Acc: 1.000, Base Lr: 3.50e-05
2026-08-15 13:41:10,205 reid_baseline.train INFO: Soft Alignment Batch - Epoch: 69 Iteration: 160 soft_alignment_loss: 0.347993 valid_alignment_pair_count: 71 mean_soft_path_cost: 3.827927 alignment_temperature: 0.1
2026-08-15 13:41:12,909 reid_baseline.train INFO: Epoch[69] Iteration[180/186] loss_total: 1.210, loss_id: 1.066, loss_triplet: 0.033, loss_camera_triplet: 0.000, loss_cross_camera_positive: 0.256, loss_pcc: 0.345, cross_camera_positive_count: 62.5, Acc: 0.999, Base Lr: 3.50e-05
2026-08-15 13:41:12,909 reid_baseline.train INFO: Soft Alignment Batch - Epoch: 69 Iteration: 180 soft_alignment_loss: 0.327609 valid_alignment_pair_count: 77 mean_soft_path_cost: 3.603700 alignment_temperature: 0.1
2026-08-15 13:41:14,338 reid_baseline.train INFO: EPOCH_EVIDENCE epoch=69 global_iteration=12834 epoch_length=186
2026-08-15 13:41:14,338 reid_baseline.train INFO: Soft Alignment Epoch Summary - Epoch: 69 soft_alignment_loss: 0.354883 valid_alignment_pair_count: 13814 mean_soft_path_cost: 3.903708 alignment_temperature: 0.1
2026-08-15 13:41:14,338 reid_baseline.train INFO: Epoch 69 done. Time per batch: 24.288[s] Speed: 490.1[samples/s]
2026-08-15 13:41:14,339 reid_baseline.train INFO: ----------
2026-08-15 13:41:17,050 reid_baseline.train INFO: Epoch[70] Iteration[20/186] loss_total: 1.224, loss_id: 1.076, loss_triplet: 0.037, loss_camera_triplet: 0.000, loss_cross_camera_positive: 0.253, loss_pcc: 0.342, cross_camera_positive_count: 62.8, Acc: 0.999, Base Lr: 3.50e-06
2026-08-15 13:41:17,050 reid_baseline.train INFO: Soft Alignment Batch - Epoch: 70 Iteration: 20 soft_alignment_loss: 0.362579 valid_alignment_pair_count: 80 mean_soft_path_cost: 3.988373 alignment_temperature: 0.1
2026-08-15 13:41:19,777 reid_baseline.train INFO: Epoch[70] Iteration[40/186] loss_total: 1.228, loss_id: 1.080, loss_triplet: 0.038, loss_camera_triplet: 0.000, loss_cross_camera_positive: 0.254, loss_pcc: 0.344, cross_camera_positive_count: 62.4, Acc: 0.999, Base Lr: 3.50e-06
2026-08-15 13:41:19,777 reid_baseline.train INFO: Soft Alignment Batch - Epoch: 70 Iteration: 40 soft_alignment_loss: 0.333314 valid_alignment_pair_count: 70 mean_soft_path_cost: 3.666452 alignment_temperature: 0.1
2026-08-15 13:41:22,494 reid_baseline.train INFO: Epoch[70] Iteration[60/186] loss_total: 1.235, loss_id: 1.082, loss_triplet: 0.041, loss_camera_triplet: 0.000, loss_cross_camera_positive: 0.257, loss_pcc: 0.348, cross_camera_positive_count: 62.7, Acc: 0.999, Base Lr: 3.50e-06
2026-08-15 13:41:22,494 reid_baseline.train INFO: Soft Alignment Batch - Epoch: 70 Iteration: 60 soft_alignment_loss: 0.360709 valid_alignment_pair_count: 77 mean_soft_path_cost: 3.967796 alignment_temperature: 0.1
2026-08-15 13:41:25,218 reid_baseline.train INFO: Epoch[70] Iteration[80/186] loss_total: 1.228, loss_id: 1.077, loss_triplet: 0.038, loss_camera_triplet: 0.000, loss_cross_camera_positive: 0.259, loss_pcc: 0.351, cross_camera_positive_count: 62.9, Acc: 0.999, Base Lr: 3.50e-06
2026-08-15 13:41:25,219 reid_baseline.train INFO: Soft Alignment Batch - Epoch: 70 Iteration: 80 soft_alignment_loss: 0.347260 valid_alignment_pair_count: 69 mean_soft_path_cost: 3.819860 alignment_temperature: 0.1
2026-08-15 13:41:27,917 reid_baseline.train INFO: Epoch[70] Iteration[100/186] loss_total: 1.230, loss_id: 1.077, loss_triplet: 0.039, loss_camera_triplet: 0.000, loss_cross_camera_positive: 0.260, loss_pcc: 0.352, cross_camera_positive_count: 62.6, Acc: 0.999, Base Lr: 3.50e-06
2026-08-15 13:41:27,917 reid_baseline.train INFO: Soft Alignment Batch - Epoch: 70 Iteration: 100 soft_alignment_loss: 0.355253 valid_alignment_pair_count: 81 mean_soft_path_cost: 3.907787 alignment_temperature: 0.1
2026-08-15 13:41:30,662 reid_baseline.train INFO: Epoch[70] Iteration[120/186] loss_total: 1.226, loss_id: 1.075, loss_triplet: 0.038, loss_camera_triplet: 0.000, loss_cross_camera_positive: 0.260, loss_pcc: 0.352, cross_camera_positive_count: 62.6, Acc: 0.999, Base Lr: 3.50e-06
2026-08-15 13:41:30,662 reid_baseline.train INFO: Soft Alignment Batch - Epoch: 70 Iteration: 120 soft_alignment_loss: 0.359205 valid_alignment_pair_count: 73 mean_soft_path_cost: 3.951251 alignment_temperature: 0.1
2026-08-15 13:41:33,371 reid_baseline.train INFO: Epoch[70] Iteration[140/186] loss_total: 1.219, loss_id: 1.072, loss_triplet: 0.035, loss_camera_triplet: 0.000, loss_cross_camera_positive: 0.258, loss_pcc: 0.350, cross_camera_positive_count: 62.6, Acc: 0.999, Base Lr: 3.50e-06
2026-08-15 13:41:33,371 reid_baseline.train INFO: Soft Alignment Batch - Epoch: 70 Iteration: 140 soft_alignment_loss: 0.341647 valid_alignment_pair_count: 66 mean_soft_path_cost: 3.758113 alignment_temperature: 0.1
2026-08-15 13:41:36,086 reid_baseline.train INFO: Epoch[70] Iteration[160/186] loss_total: 1.217, loss_id: 1.068, loss_triplet: 0.037, loss_camera_triplet: 0.000, loss_cross_camera_positive: 0.258, loss_pcc: 0.347, cross_camera_positive_count: 62.5, Acc: 0.999, Base Lr: 3.50e-06
2026-08-15 13:41:36,086 reid_baseline.train INFO: Soft Alignment Batch - Epoch: 70 Iteration: 160 soft_alignment_loss: 0.334283 valid_alignment_pair_count: 79 mean_soft_path_cost: 3.677117 alignment_temperature: 0.1
2026-08-15 13:41:39,218 reid_baseline.train INFO: Epoch[70] Iteration[180/186] loss_total: 1.208, loss_id: 1.064, loss_triplet: 0.034, loss_camera_triplet: 0.000, loss_cross_camera_positive: 0.253, loss_pcc: 0.343, cross_camera_positive_count: 62.5, Acc: 0.999, Base Lr: 3.50e-06
2026-08-15 13:41:39,219 reid_baseline.train INFO: Soft Alignment Batch - Epoch: 70 Iteration: 180 soft_alignment_loss: 0.327168 valid_alignment_pair_count: 78 mean_soft_path_cost: 3.598849 alignment_temperature: 0.1
2026-08-15 13:41:40,022 reid_baseline.train INFO: EPOCH_EVIDENCE epoch=70 global_iteration=13020 epoch_length=186
2026-08-15 13:41:40,023 reid_baseline.train INFO: Soft Alignment Epoch Summary - Epoch: 70 soft_alignment_loss: 0.347329 valid_alignment_pair_count: 13737 mean_soft_path_cost: 3.820619 alignment_temperature: 0.1
2026-08-15 13:41:40,023 reid_baseline.train INFO: Epoch 70 done. Time per batch: 24.188[s] Speed: 492.1[samples/s]
2026-08-15 13:41:40,023 reid_baseline.train INFO: ----------
2026-08-15 13:41:42,699 reid_baseline.train INFO: Epoch[71] Iteration[20/186] loss_total: 1.221, loss_id: 1.073, loss_triplet: 0.038, loss_camera_triplet: 0.000, loss_cross_camera_positive: 0.253, loss_pcc: 0.340, cross_camera_positive_count: 62.4, Acc: 0.999, Base Lr: 3.50e-06
2026-08-15 13:41:42,699 reid_baseline.train INFO: Soft Alignment Batch - Epoch: 71 Iteration: 20 soft_alignment_loss: 0.337555 valid_alignment_pair_count: 82 mean_soft_path_cost: 3.713100 alignment_temperature: 0.1
2026-08-15 13:41:45,389 reid_baseline.train INFO: Epoch[71] Iteration[40/186] loss_total: 1.224, loss_id: 1.075, loss_triplet: 0.038, loss_camera_triplet: 0.000, loss_cross_camera_positive: 0.254, loss_pcc: 0.343, cross_camera_positive_count: 62.5, Acc: 0.999, Base Lr: 3.50e-06
2026-08-15 13:41:45,389 reid_baseline.train INFO: Soft Alignment Batch - Epoch: 71 Iteration: 40 soft_alignment_loss: 0.337403 valid_alignment_pair_count: 79 mean_soft_path_cost: 3.711437 alignment_temperature: 0.1
2026-08-15 13:41:48,087 reid_baseline.train INFO: Epoch[71] Iteration[60/186] loss_total: 1.225, loss_id: 1.074, loss_triplet: 0.039, loss_camera_triplet: 0.000, loss_cross_camera_positive: 0.256, loss_pcc: 0.345, cross_camera_positive_count: 62.6, Acc: 0.999, Base Lr: 3.50e-06
2026-08-15 13:41:48,088 reid_baseline.train INFO: Soft Alignment Batch - Epoch: 71 Iteration: 60 soft_alignment_loss: 0.349123 valid_alignment_pair_count: 66 mean_soft_path_cost: 3.840354 alignment_temperature: 0.1
2026-08-15 13:41:50,782 reid_baseline.train INFO: Epoch[71] Iteration[80/186] loss_total: 1.224, loss_id: 1.073, loss_triplet: 0.039, loss_camera_triplet: 0.000, loss_cross_camera_positive: 0.257, loss_pcc: 0.347, cross_camera_positive_count: 62.4, Acc: 0.999, Base Lr: 3.50e-06
2026-08-15 13:41:50,782 reid_baseline.train INFO: Soft Alignment Batch - Epoch: 71 Iteration: 80 soft_alignment_loss: 0.340730 valid_alignment_pair_count: 78 mean_soft_path_cost: 3.748034 alignment_temperature: 0.1
2026-08-15 13:41:53,487 reid_baseline.train INFO: Epoch[71] Iteration[100/186] loss_total: 1.222, loss_id: 1.072, loss_triplet: 0.038, loss_camera_triplet: 0.000, loss_cross_camera_positive: 0.259, loss_pcc: 0.348, cross_camera_positive_count: 62.7, Acc: 0.999, Base Lr: 3.50e-06
2026-08-15 13:41:53,488 reid_baseline.train INFO: Soft Alignment Batch - Epoch: 71 Iteration: 100 soft_alignment_loss: 0.342281 valid_alignment_pair_count: 81 mean_soft_path_cost: 3.765095 alignment_temperature: 0.1
2026-08-15 13:41:56,161 reid_baseline.train INFO: Epoch[71] Iteration[120/186] loss_total: 1.216, loss_id: 1.068, loss_triplet: 0.036, loss_camera_triplet: 0.000, loss_cross_camera_positive: 0.258, loss_pcc: 0.349, cross_camera_positive_count: 62.3, Acc: 0.999, Base Lr: 3.50e-06
2026-08-15 13:41:56,161 reid_baseline.train INFO: Soft Alignment Batch - Epoch: 71 Iteration: 120 soft_alignment_loss: 0.346708 valid_alignment_pair_count: 72 mean_soft_path_cost: 3.813788 alignment_temperature: 0.1
2026-08-15 13:41:58,842 reid_baseline.train INFO: Epoch[71] Iteration[140/186] loss_total: 1.215, loss_id: 1.067, loss_triplet: 0.037, loss_camera_triplet: 0.000, loss_cross_camera_positive: 0.256, loss_pcc: 0.348, cross_camera_positive_count: 62.4, Acc: 0.999, Base Lr: 3.50e-06
2026-08-15 13:41:58,842 reid_baseline.train INFO: Soft Alignment Batch - Epoch: 71 Iteration: 140 soft_alignment_loss: 0.346763 valid_alignment_pair_count: 75 mean_soft_path_cost: 3.814395 alignment_temperature: 0.1
2026-08-15 13:42:01,547 reid_baseline.train INFO: Epoch[71] Iteration[160/186] loss_total: 1.205, loss_id: 1.063, loss_triplet: 0.033, loss_camera_triplet: 0.000, loss_cross_camera_positive: 0.251, loss_pcc: 0.344, cross_camera_positive_count: 62.7, Acc: 0.999, Base Lr: 3.50e-06
2026-08-15 13:42:01,547 reid_baseline.train INFO: Soft Alignment Batch - Epoch: 71 Iteration: 160 soft_alignment_loss: 0.349155 valid_alignment_pair_count: 72 mean_soft_path_cost: 3.840703 alignment_temperature: 0.1
2026-08-15 13:42:04,856 reid_baseline.train INFO: Epoch[71] Iteration[180/186] loss_total: 1.206, loss_id: 1.066, loss_triplet: 0.032, loss_camera_triplet: 0.000, loss_cross_camera_positive: 0.248, loss_pcc: 0.339, cross_camera_positive_count: 62.4, Acc: 0.999, Base Lr: 3.50e-06
2026-08-15 13:42:04,856 reid_baseline.train INFO: Soft Alignment Batch - Epoch: 71 Iteration: 180 soft_alignment_loss: 0.322901 valid_alignment_pair_count: 68 mean_soft_path_cost: 3.551909 alignment_temperature: 0.1
2026-08-15 13:42:05,680 reid_baseline.train INFO: EPOCH_EVIDENCE epoch=71 global_iteration=13206 epoch_length=186
2026-08-15 13:42:05,681 reid_baseline.train INFO: Soft Alignment Epoch Summary - Epoch: 71 soft_alignment_loss: 0.343929 valid_alignment_pair_count: 13818 mean_soft_path_cost: 3.783219 alignment_temperature: 0.1
2026-08-15 13:42:05,681 reid_baseline.train INFO: Epoch 71 done. Time per batch: 24.051[s] Speed: 494.9[samples/s]
2026-08-15 13:42:05,681 reid_baseline.train INFO: ----------
2026-08-15 13:42:08,422 reid_baseline.train INFO: Epoch[72] Iteration[20/186] loss_total: 1.225, loss_id: 1.077, loss_triplet: 0.039, loss_camera_triplet: 0.000, loss_cross_camera_positive: 0.251, loss_pcc: 0.338, cross_camera_positive_count: 62.2, Acc: 0.998, Base Lr: 3.50e-06
2026-08-15 13:42:08,422 reid_baseline.train INFO: Soft Alignment Batch - Epoch: 72 Iteration: 20 soft_alignment_loss: 0.352512 valid_alignment_pair_count: 72 mean_soft_path_cost: 3.877631 alignment_temperature: 0.1
2026-08-15 13:42:11,153 reid_baseline.train INFO: Epoch[72] Iteration[40/186] loss_total: 1.231, loss_id: 1.080, loss_triplet: 0.041, loss_camera_triplet: 0.000, loss_cross_camera_positive: 0.253, loss_pcc: 0.341, cross_camera_positive_count: 62.1, Acc: 0.999, Base Lr: 3.50e-06
2026-08-15 13:42:11,153 reid_baseline.train INFO: Soft Alignment Batch - Epoch: 72 Iteration: 40 soft_alignment_loss: 0.358335 valid_alignment_pair_count: 67 mean_soft_path_cost: 3.941688 alignment_temperature: 0.1
2026-08-15 13:42:13,898 reid_baseline.train INFO: Epoch[72] Iteration[60/186] loss_total: 1.230, loss_id: 1.080, loss_triplet: 0.040, loss_camera_triplet: 0.000, loss_cross_camera_positive: 0.256, loss_pcc: 0.344, cross_camera_positive_count: 62.3, Acc: 0.998, Base Lr: 3.50e-06
2026-08-15 13:42:13,898 reid_baseline.train INFO: Soft Alignment Batch - Epoch: 72 Iteration: 60 soft_alignment_loss: 0.354146 valid_alignment_pair_count: 75 mean_soft_path_cost: 3.895604 alignment_temperature: 0.1
2026-08-15 13:42:16,631 reid_baseline.train INFO: Epoch[72] Iteration[80/186] loss_total: 1.224, loss_id: 1.075, loss_triplet: 0.038, loss_camera_triplet: 0.000, loss_cross_camera_positive: 0.257, loss_pcc: 0.346, cross_camera_positive_count: 62.5, Acc: 0.999, Base Lr: 3.50e-06
2026-08-15 13:42:16,631 reid_baseline.train INFO: Soft Alignment Batch - Epoch: 72 Iteration: 80 soft_alignment_loss: 0.351841 valid_alignment_pair_count: 79 mean_soft_path_cost: 3.870246 alignment_temperature: 0.1
2026-08-15 13:42:19,349 reid_baseline.train INFO: Epoch[72] Iteration[100/186] loss_total: 1.222, loss_id: 1.072, loss_triplet: 0.038, loss_camera_triplet: 0.000, loss_cross_camera_positive: 0.257, loss_pcc: 0.347, cross_camera_positive_count: 62.5, Acc: 0.999, Base Lr: 3.50e-06
2026-08-15 13:42:19,349 reid_baseline.train INFO: Soft Alignment Batch - Epoch: 72 Iteration: 100 soft_alignment_loss: 0.353602 valid_alignment_pair_count: 73 mean_soft_path_cost: 3.889625 alignment_temperature: 0.1
2026-08-15 13:42:22,087 reid_baseline.train INFO: Epoch[72] Iteration[120/186] loss_total: 1.212, loss_id: 1.067, loss_triplet: 0.035, loss_camera_triplet: 0.000, loss_cross_camera_positive: 0.254, loss_pcc: 0.345, cross_camera_positive_count: 62.8, Acc: 0.999, Base Lr: 3.50e-06
2026-08-15 13:42:22,087 reid_baseline.train INFO: Soft Alignment Batch - Epoch: 72 Iteration: 120 soft_alignment_loss: 0.341395 valid_alignment_pair_count: 78 mean_soft_path_cost: 3.755348 alignment_temperature: 0.1
2026-08-15 13:42:24,797 reid_baseline.train INFO: Epoch[72] Iteration[140/186] loss_total: 1.209, loss_id: 1.065, loss_triplet: 0.034, loss_camera_triplet: 0.000, loss_cross_camera_positive: 0.254, loss_pcc: 0.344, cross_camera_positive_count: 62.6, Acc: 0.999, Base Lr: 3.50e-06
2026-08-15 13:42:24,797 reid_baseline.train INFO: Soft Alignment Batch - Epoch: 72 Iteration: 140 soft_alignment_loss: 0.328330 valid_alignment_pair_count: 71 mean_soft_path_cost: 3.611625 alignment_temperature: 0.1
2026-08-15 13:42:27,512 reid_baseline.train INFO: Epoch[72] Iteration[160/186] loss_total: 1.202, loss_id: 1.060, loss_triplet: 0.032, loss_camera_triplet: 0.000, loss_cross_camera_positive: 0.252, loss_pcc: 0.342, cross_camera_positive_count: 62.6, Acc: 0.999, Base Lr: 3.50e-06
2026-08-15 13:42:27,512 reid_baseline.train INFO: Soft Alignment Batch - Epoch: 72 Iteration: 160 soft_alignment_loss: 0.337455 valid_alignment_pair_count: 76 mean_soft_path_cost: 3.712008 alignment_temperature: 0.1
2026-08-15 13:42:30,676 reid_baseline.train INFO: Epoch[72] Iteration[180/186] loss_total: 1.207, loss_id: 1.064, loss_triplet: 0.034, loss_camera_triplet: 0.000, loss_cross_camera_positive: 0.250, loss_pcc: 0.339, cross_camera_positive_count: 62.2, Acc: 0.999, Base Lr: 3.50e-06
2026-08-15 13:42:30,676 reid_baseline.train INFO: Soft Alignment Batch - Epoch: 72 Iteration: 180 soft_alignment_loss: 0.329896 valid_alignment_pair_count: 63 mean_soft_path_cost: 3.628858 alignment_temperature: 0.1
2026-08-15 13:42:31,487 reid_baseline.train INFO: EPOCH_EVIDENCE epoch=72 global_iteration=13392 epoch_length=186
2026-08-15 13:42:31,487 reid_baseline.train INFO: Soft Alignment Epoch Summary - Epoch: 72 soft_alignment_loss: 0.342882 valid_alignment_pair_count: 13791 mean_soft_path_cost: 3.771703 alignment_temperature: 0.1
2026-08-15 13:42:31,487 reid_baseline.train INFO: Epoch 72 done. Time per batch: 24.267[s] Speed: 490.5[samples/s]
2026-08-15 13:42:31,487 reid_baseline.train INFO: ----------
2026-08-15 13:42:34,193 reid_baseline.train INFO: Epoch[73] Iteration[20/186] loss_total: 1.218, loss_id: 1.071, loss_triplet: 0.038, loss_camera_triplet: 0.000, loss_cross_camera_positive: 0.251, loss_pcc: 0.340, cross_camera_positive_count: 62.5, Acc: 1.000, Base Lr: 3.50e-06
2026-08-15 13:42:34,193 reid_baseline.train INFO: Soft Alignment Batch - Epoch: 73 Iteration: 20 soft_alignment_loss: 0.349427 valid_alignment_pair_count: 72 mean_soft_path_cost: 3.843693 alignment_temperature: 0.1
2026-08-15 13:42:36,911 reid_baseline.train INFO: Epoch[73] Iteration[40/186] loss_total: 1.219, loss_id: 1.072, loss_triplet: 0.037, loss_camera_triplet: 0.000, loss_cross_camera_positive: 0.252, loss_pcc: 0.343, cross_camera_positive_count: 62.7, Acc: 0.999, Base Lr: 3.50e-06
2026-08-15 13:42:36,911 reid_baseline.train INFO: Soft Alignment Batch - Epoch: 73 Iteration: 40 soft_alignment_loss: 0.352671 valid_alignment_pair_count: 78 mean_soft_path_cost: 3.879379 alignment_temperature: 0.1
2026-08-15 13:42:39,628 reid_baseline.train INFO: Epoch[73] Iteration[60/186] loss_total: 1.218, loss_id: 1.072, loss_triplet: 0.036, loss_camera_triplet: 0.000, loss_cross_camera_positive: 0.254, loss_pcc: 0.345, cross_camera_positive_count: 62.7, Acc: 0.999, Base Lr: 3.50e-06
2026-08-15 13:42:39,629 reid_baseline.train INFO: Soft Alignment Batch - Epoch: 73 Iteration: 60 soft_alignment_loss: 0.356625 valid_alignment_pair_count: 67 mean_soft_path_cost: 3.922871 alignment_temperature: 0.1
2026-08-15 13:42:42,339 reid_baseline.train INFO: Epoch[73] Iteration[80/186] loss_total: 1.222, loss_id: 1.073, loss_triplet: 0.038, loss_camera_triplet: 0.000, loss_cross_camera_positive: 0.256, loss_pcc: 0.346, cross_camera_positive_count: 63.0, Acc: 0.999, Base Lr: 3.50e-06
2026-08-15 13:42:42,339 reid_baseline.train INFO: Soft Alignment Batch - Epoch: 73 Iteration: 80 soft_alignment_loss: 0.328457 valid_alignment_pair_count: 74 mean_soft_path_cost: 3.613029 alignment_temperature: 0.1
2026-08-15 13:42:45,065 reid_baseline.train INFO: Epoch[73] Iteration[100/186] loss_total: 1.220, loss_id: 1.071, loss_triplet: 0.037, loss_camera_triplet: 0.000, loss_cross_camera_positive: 0.256, loss_pcc: 0.346, cross_camera_positive_count: 62.9, Acc: 0.999, Base Lr: 3.50e-06
2026-08-15 13:42:45,066 reid_baseline.train INFO: Soft Alignment Batch - Epoch: 73 Iteration: 100 soft_alignment_loss: 0.356870 valid_alignment_pair_count: 77 mean_soft_path_cost: 3.925570 alignment_temperature: 0.1
2026-08-15 13:42:47,780 reid_baseline.train INFO: Epoch[73] Iteration[120/186] loss_total: 1.212, loss_id: 1.067, loss_triplet: 0.034, loss_camera_triplet: 0.000, loss_cross_camera_positive: 0.254, loss_pcc: 0.345, cross_camera_positive_count: 62.9, Acc: 0.999, Base Lr: 3.50e-06
2026-08-15 13:42:47,781 reid_baseline.train INFO: Soft Alignment Batch - Epoch: 73 Iteration: 120 soft_alignment_loss: 0.333280 valid_alignment_pair_count: 76 mean_soft_path_cost: 3.666079 alignment_temperature: 0.1
2026-08-15 13:42:50,517 reid_baseline.train INFO: Epoch[73] Iteration[140/186] loss_total: 1.205, loss_id: 1.062, loss_triplet: 0.033, loss_camera_triplet: 0.000, loss_cross_camera_positive: 0.252, loss_pcc: 0.343, cross_camera_positive_count: 62.8, Acc: 0.999, Base Lr: 3.50e-06
2026-08-15 13:42:50,517 reid_baseline.train INFO: Soft Alignment Batch - Epoch: 73 Iteration: 140 soft_alignment_loss: 0.341275 valid_alignment_pair_count: 77 mean_soft_path_cost: 3.754024 alignment_temperature: 0.1
2026-08-15 13:42:53,216 reid_baseline.train INFO: Epoch[73] Iteration[160/186] loss_total: 1.199, loss_id: 1.059, loss_triplet: 0.031, loss_camera_triplet: 0.000, loss_cross_camera_positive: 0.248, loss_pcc: 0.340, cross_camera_positive_count: 63.0, Acc: 0.999, Base Lr: 3.50e-06
2026-08-15 13:42:53,216 reid_baseline.train INFO: Soft Alignment Batch - Epoch: 73 Iteration: 160 soft_alignment_loss: 0.323943 valid_alignment_pair_count: 74 mean_soft_path_cost: 3.563371 alignment_temperature: 0.1
2026-08-15 13:42:56,455 reid_baseline.train INFO: Epoch[73] Iteration[180/186] loss_total: 1.208, loss_id: 1.065, loss_triplet: 0.035, loss_camera_triplet: 0.000, loss_cross_camera_positive: 0.246, loss_pcc: 0.336, cross_camera_positive_count: 62.5, Acc: 0.999, Base Lr: 3.50e-06
2026-08-15 13:42:56,456 reid_baseline.train INFO: Soft Alignment Batch - Epoch: 73 Iteration: 180 soft_alignment_loss: 0.328663 valid_alignment_pair_count: 61 mean_soft_path_cost: 3.615294 alignment_temperature: 0.1
2026-08-15 13:42:57,264 reid_baseline.train INFO: EPOCH_EVIDENCE epoch=73 global_iteration=13578 epoch_length=186
2026-08-15 13:42:57,264 reid_baseline.train INFO: Soft Alignment Epoch Summary - Epoch: 73 soft_alignment_loss: 0.342001 valid_alignment_pair_count: 13774 mean_soft_path_cost: 3.762010 alignment_temperature: 0.1
2026-08-15 13:42:57,264 reid_baseline.train INFO: Epoch 73 done. Time per batch: 24.242[s] Speed: 491.0[samples/s]
2026-08-15 13:42:57,264 reid_baseline.train INFO: ----------
2026-08-15 13:42:59,998 reid_baseline.train INFO: Epoch[74] Iteration[20/186] loss_total: 1.216, loss_id: 1.071, loss_triplet: 0.037, loss_camera_triplet: 0.000, loss_cross_camera_positive: 0.250, loss_pcc: 0.338, cross_camera_positive_count: 62.5, Acc: 0.999, Base Lr: 3.50e-06
2026-08-15 13:42:59,998 reid_baseline.train INFO: Soft Alignment Batch - Epoch: 74 Iteration: 20 soft_alignment_loss: 0.339160 valid_alignment_pair_count: 79 mean_soft_path_cost: 3.730757 alignment_temperature: 0.1
2026-08-15 13:43:02,725 reid_baseline.train INFO: Epoch[74] Iteration[40/186] loss_total: 1.217, loss_id: 1.070, loss_triplet: 0.036, loss_camera_triplet: 0.000, loss_cross_camera_positive: 0.253, loss_pcc: 0.341, cross_camera_positive_count: 62.1, Acc: 0.999, Base Lr: 3.50e-06
2026-08-15 13:43:02,725 reid_baseline.train INFO: Soft Alignment Batch - Epoch: 74 Iteration: 40 soft_alignment_loss: 0.340433 valid_alignment_pair_count: 73 mean_soft_path_cost: 3.744759 alignment_temperature: 0.1
2026-08-15 13:43:05,496 reid_baseline.train INFO: Epoch[74] Iteration[60/186] loss_total: 1.217, loss_id: 1.071, loss_triplet: 0.035, loss_camera_triplet: 0.000, loss_cross_camera_positive: 0.256, loss_pcc: 0.345, cross_camera_positive_count: 62.4, Acc: 0.999, Base Lr: 3.50e-06
2026-08-15 13:43:05,496 reid_baseline.train INFO: Soft Alignment Batch - Epoch: 74 Iteration: 60 soft_alignment_loss: 0.356158 valid_alignment_pair_count: 82 mean_soft_path_cost: 3.917734 alignment_temperature: 0.1
2026-08-15 13:43:08,221 reid_baseline.train INFO: Epoch[74] Iteration[80/186] loss_total: 1.217, loss_id: 1.071, loss_triplet: 0.034, loss_camera_triplet: 0.000, loss_cross_camera_positive: 0.255, loss_pcc: 0.346, cross_camera_positive_count: 62.3, Acc: 0.999, Base Lr: 3.50e-06
2026-08-15 13:43:08,221 reid_baseline.train INFO: Soft Alignment Batch - Epoch: 74 Iteration: 80 soft_alignment_loss: 0.357050 valid_alignment_pair_count: 75 mean_soft_path_cost: 3.927554 alignment_temperature: 0.1
2026-08-15 13:43:11,022 reid_baseline.train INFO: Epoch[74] Iteration[100/186] loss_total: 1.217, loss_id: 1.069, loss_triplet: 0.035, loss_camera_triplet: 0.000, loss_cross_camera_positive: 0.257, loss_pcc: 0.349, cross_camera_positive_count: 62.6, Acc: 0.999, Base Lr: 3.50e-06
2026-08-15 13:43:11,022 reid_baseline.train INFO: Soft Alignment Batch - Epoch: 74 Iteration: 100 soft_alignment_loss: 0.351442 valid_alignment_pair_count: 67 mean_soft_path_cost: 3.865862 alignment_temperature: 0.1
2026-08-15 13:43:13,739 reid_baseline.train INFO: Epoch[74] Iteration[120/186] loss_total: 1.209, loss_id: 1.066, loss_triplet: 0.032, loss_camera_triplet: 0.000, loss_cross_camera_positive: 0.255, loss_pcc: 0.347, cross_camera_positive_count: 62.4, Acc: 0.999, Base Lr: 3.50e-06
2026-08-15 13:43:13,739 reid_baseline.train INFO: Soft Alignment Batch - Epoch: 74 Iteration: 120 soft_alignment_loss: 0.330709 valid_alignment_pair_count: 75 mean_soft_path_cost: 3.637797 alignment_temperature: 0.1
2026-08-15 13:43:16,505 reid_baseline.train INFO: Epoch[74] Iteration[140/186] loss_total: 1.207, loss_id: 1.065, loss_triplet: 0.032, loss_camera_triplet: 0.000, loss_cross_camera_positive: 0.253, loss_pcc: 0.344, cross_camera_positive_count: 62.7, Acc: 0.999, Base Lr: 3.50e-06
2026-08-15 13:43:16,505 reid_baseline.train INFO: Soft Alignment Batch - Epoch: 74 Iteration: 140 soft_alignment_loss: 0.326599 valid_alignment_pair_count: 63 mean_soft_path_cost: 3.592593 alignment_temperature: 0.1
2026-08-15 13:43:19,219 reid_baseline.train INFO: Epoch[74] Iteration[160/186] loss_total: 1.203, loss_id: 1.063, loss_triplet: 0.031, loss_camera_triplet: 0.000, loss_cross_camera_positive: 0.252, loss_pcc: 0.343, cross_camera_positive_count: 62.6, Acc: 0.999, Base Lr: 3.50e-06
2026-08-15 13:43:19,219 reid_baseline.train INFO: Soft Alignment Batch - Epoch: 74 Iteration: 160 soft_alignment_loss: 0.352154 valid_alignment_pair_count: 73 mean_soft_path_cost: 3.873695 alignment_temperature: 0.1
2026-08-15 13:43:22,393 reid_baseline.train INFO: Epoch[74] Iteration[180/186] loss_total: 1.212, loss_id: 1.068, loss_triplet: 0.034, loss_camera_triplet: 0.000, loss_cross_camera_positive: 0.251, loss_pcc: 0.339, cross_camera_positive_count: 62.7, Acc: 0.999, Base Lr: 3.50e-06
2026-08-15 13:43:22,393 reid_baseline.train INFO: Soft Alignment Batch - Epoch: 74 Iteration: 180 soft_alignment_loss: 0.330701 valid_alignment_pair_count: 74 mean_soft_path_cost: 3.637712 alignment_temperature: 0.1
2026-08-15 13:43:23,199 reid_baseline.train INFO: EPOCH_EVIDENCE epoch=74 global_iteration=13764 epoch_length=186
2026-08-15 13:43:23,200 reid_baseline.train INFO: Soft Alignment Epoch Summary - Epoch: 74 soft_alignment_loss: 0.343941 valid_alignment_pair_count: 13772 mean_soft_path_cost: 3.783351 alignment_temperature: 0.1
2026-08-15 13:43:23,200 reid_baseline.train INFO: Epoch 74 done. Time per batch: 24.392[s] Speed: 488.0[samples/s]
2026-08-15 13:43:23,200 reid_baseline.train INFO: ----------
2026-08-15 13:43:25,941 reid_baseline.train INFO: Epoch[75] Iteration[20/186] loss_total: 1.214, loss_id: 1.070, loss_triplet: 0.035, loss_camera_triplet: 0.000, loss_cross_camera_positive: 0.251, loss_pcc: 0.340, cross_camera_positive_count: 62.7, Acc: 1.000, Base Lr: 3.50e-06
2026-08-15 13:43:25,941 reid_baseline.train INFO: Soft Alignment Batch - Epoch: 75 Iteration: 20 soft_alignment_loss: 0.342252 valid_alignment_pair_count: 76 mean_soft_path_cost: 3.764770 alignment_temperature: 0.1
2026-08-15 13:43:28,679 reid_baseline.train INFO: Epoch[75] Iteration[40/186] loss_total: 1.213, loss_id: 1.069, loss_triplet: 0.034, loss_camera_triplet: 0.000, loss_cross_camera_positive: 0.253, loss_pcc: 0.343, cross_camera_positive_count: 62.7, Acc: 0.999, Base Lr: 3.50e-06
2026-08-15 13:43:28,680 reid_baseline.train INFO: Soft Alignment Batch - Epoch: 75 Iteration: 40 soft_alignment_loss: 0.353095 valid_alignment_pair_count: 70 mean_soft_path_cost: 3.884044 alignment_temperature: 0.1
2026-08-15 13:43:31,403 reid_baseline.train INFO: Epoch[75] Iteration[60/186] loss_total: 1.214, loss_id: 1.069, loss_triplet: 0.034, loss_camera_triplet: 0.000, loss_cross_camera_positive: 0.253, loss_pcc: 0.345, cross_camera_positive_count: 62.5, Acc: 0.999, Base Lr: 3.50e-06
2026-08-15 13:43:31,403 reid_baseline.train INFO: Soft Alignment Batch - Epoch: 75 Iteration: 60 soft_alignment_loss: 0.357159 valid_alignment_pair_count: 71 mean_soft_path_cost: 3.928749 alignment_temperature: 0.1
2026-08-15 13:43:34,136 reid_baseline.train INFO: Epoch[75] Iteration[80/186] loss_total: 1.215, loss_id: 1.069, loss_triplet: 0.035, loss_camera_triplet: 0.000, loss_cross_camera_positive: 0.255, loss_pcc: 0.346, cross_camera_positive_count: 62.6, Acc: 0.999, Base Lr: 3.50e-06
2026-08-15 13:43:34,136 reid_baseline.train INFO: Soft Alignment Batch - Epoch: 75 Iteration: 80 soft_alignment_loss: 0.350548 valid_alignment_pair_count: 80 mean_soft_path_cost: 3.856030 alignment_temperature: 0.1
2026-08-15 13:43:36,887 reid_baseline.train INFO: Epoch[75] Iteration[100/186] loss_total: 1.211, loss_id: 1.067, loss_triplet: 0.032, loss_camera_triplet: 0.000, loss_cross_camera_positive: 0.256, loss_pcc: 0.347, cross_camera_positive_count: 62.6, Acc: 0.999, Base Lr: 3.50e-06
2026-08-15 13:43:36,888 reid_baseline.train INFO: Soft Alignment Batch - Epoch: 75 Iteration: 100 soft_alignment_loss: 0.349809 valid_alignment_pair_count: 75 mean_soft_path_cost: 3.847903 alignment_temperature: 0.1
2026-08-15 13:43:39,613 reid_baseline.train INFO: Epoch[75] Iteration[120/186] loss_total: 1.206, loss_id: 1.065, loss_triplet: 0.031, loss_camera_triplet: 0.000, loss_cross_camera_positive: 0.253, loss_pcc: 0.344, cross_camera_positive_count: 62.6, Acc: 0.999, Base Lr: 3.50e-06
2026-08-15 13:43:39,613 reid_baseline.train INFO: Soft Alignment Batch - Epoch: 75 Iteration: 120 soft_alignment_loss: 0.338276 valid_alignment_pair_count: 67 mean_soft_path_cost: 3.721034 alignment_temperature: 0.1
2026-08-15 13:43:42,329 reid_baseline.train INFO: Epoch[75] Iteration[140/186] loss_total: 1.198, loss_id: 1.060, loss_triplet: 0.028, loss_camera_triplet: 0.000, loss_cross_camera_positive: 0.251, loss_pcc: 0.341, cross_camera_positive_count: 62.4, Acc: 0.999, Base Lr: 3.50e-06
2026-08-15 13:43:42,329 reid_baseline.train INFO: Soft Alignment Batch - Epoch: 75 Iteration: 140 soft_alignment_loss: 0.341718 valid_alignment_pair_count: 74 mean_soft_path_cost: 3.758895 alignment_temperature: 0.1
2026-08-15 13:43:45,035 reid_baseline.train INFO: Epoch[75] Iteration[160/186] loss_total: 1.192, loss_id: 1.058, loss_triplet: 0.026, loss_camera_triplet: 0.000, loss_cross_camera_positive: 0.248, loss_pcc: 0.337, cross_camera_positive_count: 62.4, Acc: 0.999, Base Lr: 3.50e-06
2026-08-15 13:43:45,035 reid_baseline.train INFO: Soft Alignment Batch - Epoch: 75 Iteration: 160 soft_alignment_loss: 0.325014 valid_alignment_pair_count: 75 mean_soft_path_cost: 3.575160 alignment_temperature: 0.1
2026-08-15 13:43:48,164 reid_baseline.train INFO: Epoch[75] Iteration[180/186] loss_total: 1.203, loss_id: 1.063, loss_triplet: 0.032, loss_camera_triplet: 0.000, loss_cross_camera_positive: 0.246, loss_pcc: 0.335, cross_camera_positive_count: 62.5, Acc: 0.999, Base Lr: 3.50e-06
2026-08-15 13:43:48,164 reid_baseline.train INFO: Soft Alignment Batch - Epoch: 75 Iteration: 180 soft_alignment_loss: 0.326460 valid_alignment_pair_count: 73 mean_soft_path_cost: 3.591062 alignment_temperature: 0.1
2026-08-15 13:43:48,984 reid_baseline.train INFO: EPOCH_EVIDENCE epoch=75 global_iteration=13950 epoch_length=186
2026-08-15 13:43:48,984 reid_baseline.train INFO: Soft Alignment Epoch Summary - Epoch: 75 soft_alignment_loss: 0.340611 valid_alignment_pair_count: 13787 mean_soft_path_cost: 3.746725 alignment_temperature: 0.1
2026-08-15 13:43:48,984 reid_baseline.train INFO: Epoch 75 done. Time per batch: 24.354[s] Speed: 488.8[samples/s]
2026-08-15 13:43:48,984 reid_baseline.train INFO: ----------
2026-08-15 13:43:51,728 reid_baseline.train INFO: Epoch[76] Iteration[20/186] loss_total: 1.217, loss_id: 1.070, loss_triplet: 0.039, loss_camera_triplet: 0.000, loss_cross_camera_positive: 0.249, loss_pcc: 0.337, cross_camera_positive_count: 62.6, Acc: 0.999, Base Lr: 3.50e-06
2026-08-15 13:43:51,728 reid_baseline.train INFO: Soft Alignment Batch - Epoch: 76 Iteration: 20 soft_alignment_loss: 0.350840 valid_alignment_pair_count: 78 mean_soft_path_cost: 3.859235 alignment_temperature: 0.1
2026-08-15 13:43:54,462 reid_baseline.train INFO: Epoch[76] Iteration[40/186] loss_total: 1.217, loss_id: 1.071, loss_triplet: 0.037, loss_camera_triplet: 0.000, loss_cross_camera_positive: 0.251, loss_pcc: 0.341, cross_camera_positive_count: 62.5, Acc: 0.999, Base Lr: 3.50e-06
2026-08-15 13:43:54,462 reid_baseline.train INFO: Soft Alignment Batch - Epoch: 76 Iteration: 40 soft_alignment_loss: 0.367813 valid_alignment_pair_count: 63 mean_soft_path_cost: 4.045943 alignment_temperature: 0.1
2026-08-15 13:43:57,171 reid_baseline.train INFO: Epoch[76] Iteration[60/186] loss_total: 1.214, loss_id: 1.069, loss_triplet: 0.035, loss_camera_triplet: 0.000, loss_cross_camera_positive: 0.254, loss_pcc: 0.344, cross_camera_positive_count: 63.0, Acc: 0.999, Base Lr: 3.50e-06
2026-08-15 13:43:57,171 reid_baseline.train INFO: Soft Alignment Batch - Epoch: 76 Iteration: 60 soft_alignment_loss: 0.355320 valid_alignment_pair_count: 72 mean_soft_path_cost: 3.908517 alignment_temperature: 0.1
2026-08-15 13:43:59,881 reid_baseline.train INFO: Epoch[76] Iteration[80/186] loss_total: 1.214, loss_id: 1.068, loss_triplet: 0.034, loss_camera_triplet: 0.000, loss_cross_camera_positive: 0.257, loss_pcc: 0.347, cross_camera_positive_count: 62.9, Acc: 1.000, Base Lr: 3.50e-06
2026-08-15 13:43:59,881 reid_baseline.train INFO: Soft Alignment Batch - Epoch: 76 Iteration: 80 soft_alignment_loss: 0.354031 valid_alignment_pair_count: 72 mean_soft_path_cost: 3.894341 alignment_temperature: 0.1
2026-08-15 13:44:02,589 reid_baseline.train INFO: Epoch[76] Iteration[100/186] loss_total: 1.211, loss_id: 1.065, loss_triplet: 0.034, loss_camera_triplet: 0.000, loss_cross_camera_positive: 0.256, loss_pcc: 0.347, cross_camera_positive_count: 62.8, Acc: 1.000, Base Lr: 3.50e-06
2026-08-15 13:44:02,590 reid_baseline.train INFO: Soft Alignment Batch - Epoch: 76 Iteration: 100 soft_alignment_loss: 0.346840 valid_alignment_pair_count: 75 mean_soft_path_cost: 3.815241 alignment_temperature: 0.1
2026-08-15 13:44:05,297 reid_baseline.train INFO: Epoch[76] Iteration[120/186] loss_total: 1.206, loss_id: 1.063, loss_triplet: 0.032, loss_camera_triplet: 0.000, loss_cross_camera_positive: 0.254, loss_pcc: 0.346, cross_camera_positive_count: 62.7, Acc: 0.999, Base Lr: 3.50e-06
2026-08-15 13:44:05,297 reid_baseline.train INFO: Soft Alignment Batch - Epoch: 76 Iteration: 120 soft_alignment_loss: 0.336606 valid_alignment_pair_count: 69 mean_soft_path_cost: 3.702669 alignment_temperature: 0.1
2026-08-15 13:44:08,000 reid_baseline.train INFO: Epoch[76] Iteration[140/186] loss_total: 1.202, loss_id: 1.061, loss_triplet: 0.031, loss_camera_triplet: 0.000, loss_cross_camera_positive: 0.252, loss_pcc: 0.343, cross_camera_positive_count: 62.3, Acc: 0.999, Base Lr: 3.50e-06
2026-08-15 13:44:08,000 reid_baseline.train INFO: Soft Alignment Batch - Epoch: 76 Iteration: 140 soft_alignment_loss: 0.342263 valid_alignment_pair_count: 72 mean_soft_path_cost: 3.764890 alignment_temperature: 0.1
2026-08-15 13:44:10,707 reid_baseline.train INFO: Epoch[76] Iteration[160/186] loss_total: 1.193, loss_id: 1.056, loss_triplet: 0.028, loss_camera_triplet: 0.000, loss_cross_camera_positive: 0.248, loss_pcc: 0.339, cross_camera_positive_count: 62.4, Acc: 0.999, Base Lr: 3.50e-06
2026-08-15 13:44:10,707 reid_baseline.train INFO: Soft Alignment Batch - Epoch: 76 Iteration: 160 soft_alignment_loss: 0.330304 valid_alignment_pair_count: 62 mean_soft_path_cost: 3.633344 alignment_temperature: 0.1
2026-08-15 13:44:13,857 reid_baseline.train INFO: Epoch[76] Iteration[180/186] loss_total: 1.208, loss_id: 1.066, loss_triplet: 0.035, loss_camera_triplet: 0.000, loss_cross_camera_positive: 0.247, loss_pcc: 0.336, cross_camera_positive_count: 62.4, Acc: 0.999, Base Lr: 3.50e-06
2026-08-15 13:44:13,857 reid_baseline.train INFO: Soft Alignment Batch - Epoch: 76 Iteration: 180 soft_alignment_loss: 0.331899 valid_alignment_pair_count: 71 mean_soft_path_cost: 3.650893 alignment_temperature: 0.1
2026-08-15 13:44:14,666 reid_baseline.train INFO: EPOCH_EVIDENCE epoch=76 global_iteration=14136 epoch_length=186
2026-08-15 13:44:14,667 reid_baseline.train INFO: Soft Alignment Epoch Summary - Epoch: 76 soft_alignment_loss: 0.342326 valid_alignment_pair_count: 13716 mean_soft_path_cost: 3.765591 alignment_temperature: 0.1
2026-08-15 13:44:14,667 reid_baseline.train INFO: Epoch 76 done. Time per batch: 24.144[s] Speed: 493.0[samples/s]
2026-08-15 13:44:14,667 reid_baseline.train INFO: ----------
2026-08-15 13:44:17,376 reid_baseline.train INFO: Epoch[77] Iteration[20/186] loss_total: 1.213, loss_id: 1.070, loss_triplet: 0.035, loss_camera_triplet: 0.000, loss_cross_camera_positive: 0.249, loss_pcc: 0.338, cross_camera_positive_count: 62.8, Acc: 1.000, Base Lr: 3.50e-06
2026-08-15 13:44:17,377 reid_baseline.train INFO: Soft Alignment Batch - Epoch: 77 Iteration: 20 soft_alignment_loss: 0.350599 valid_alignment_pair_count: 81 mean_soft_path_cost: 3.856591 alignment_temperature: 0.1
2026-08-15 13:44:20,070 reid_baseline.train INFO: Epoch[77] Iteration[40/186] loss_total: 1.209, loss_id: 1.068, loss_triplet: 0.031, loss_camera_triplet: 0.000, loss_cross_camera_positive: 0.250, loss_pcc: 0.341, cross_camera_positive_count: 63.0, Acc: 1.000, Base Lr: 3.50e-06
2026-08-15 13:44:20,070 reid_baseline.train INFO: Soft Alignment Batch - Epoch: 77 Iteration: 40 soft_alignment_loss: 0.358802 valid_alignment_pair_count: 71 mean_soft_path_cost: 3.946826 alignment_temperature: 0.1
2026-08-15 13:44:22,776 reid_baseline.train INFO: Epoch[77] Iteration[60/186] loss_total: 1.214, loss_id: 1.069, loss_triplet: 0.035, loss_camera_triplet: 0.000, loss_cross_camera_positive: 0.251, loss_pcc: 0.343, cross_camera_positive_count: 63.1, Acc: 1.000, Base Lr: 3.50e-06
2026-08-15 13:44:22,777 reid_baseline.train INFO: Soft Alignment Batch - Epoch: 77 Iteration: 60 soft_alignment_loss: 0.341503 valid_alignment_pair_count: 78 mean_soft_path_cost: 3.756534 alignment_temperature: 0.1
2026-08-15 13:44:25,473 reid_baseline.train INFO: Epoch[77] Iteration[80/186] loss_total: 1.208, loss_id: 1.067, loss_triplet: 0.032, loss_camera_triplet: 0.000, loss_cross_camera_positive: 0.251, loss_pcc: 0.343, cross_camera_positive_count: 62.5, Acc: 0.999, Base Lr: 3.50e-06
2026-08-15 13:44:25,474 reid_baseline.train INFO: Soft Alignment Batch - Epoch: 77 Iteration: 80 soft_alignment_loss: 0.342724 valid_alignment_pair_count: 71 mean_soft_path_cost: 3.769963 alignment_temperature: 0.1
2026-08-15 13:44:28,173 reid_baseline.train INFO: Epoch[77] Iteration[100/186] loss_total: 1.206, loss_id: 1.065, loss_triplet: 0.032, loss_camera_triplet: 0.000, loss_cross_camera_positive: 0.251, loss_pcc: 0.343, cross_camera_positive_count: 62.2, Acc: 0.999, Base Lr: 3.50e-06
2026-08-15 13:44:28,174 reid_baseline.train INFO: Soft Alignment Batch - Epoch: 77 Iteration: 100 soft_alignment_loss: 0.349365 valid_alignment_pair_count: 68 mean_soft_path_cost: 3.843020 alignment_temperature: 0.1
2026-08-15 13:44:30,865 reid_baseline.train INFO: Epoch[77] Iteration[120/186] loss_total: 1.206, loss_id: 1.064, loss_triplet: 0.032, loss_camera_triplet: 0.000, loss_cross_camera_positive: 0.253, loss_pcc: 0.343, cross_camera_positive_count: 62.3, Acc: 1.000, Base Lr: 3.50e-06
2026-08-15 13:44:30,866 reid_baseline.train INFO: Soft Alignment Batch - Epoch: 77 Iteration: 120 soft_alignment_loss: 0.341158 valid_alignment_pair_count: 76 mean_soft_path_cost: 3.752734 alignment_temperature: 0.1
2026-08-15 13:44:33,574 reid_baseline.train INFO: Epoch[77] Iteration[140/186] loss_total: 1.200, loss_id: 1.061, loss_triplet: 0.030, loss_camera_triplet: 0.000, loss_cross_camera_positive: 0.249, loss_pcc: 0.341, cross_camera_positive_count: 62.4, Acc: 0.999, Base Lr: 3.50e-06
2026-08-15 13:44:33,574 reid_baseline.train INFO: Soft Alignment Batch - Epoch: 77 Iteration: 140 soft_alignment_loss: 0.328398 valid_alignment_pair_count: 72 mean_soft_path_cost: 3.612376 alignment_temperature: 0.1
2026-08-15 13:44:36,257 reid_baseline.train INFO: Epoch[77] Iteration[160/186] loss_total: 1.190, loss_id: 1.057, loss_triplet: 0.026, loss_camera_triplet: 0.000, loss_cross_camera_positive: 0.246, loss_pcc: 0.337, cross_camera_positive_count: 62.4, Acc: 0.999, Base Lr: 3.50e-06
2026-08-15 13:44:36,257 reid_baseline.train INFO: Soft Alignment Batch - Epoch: 77 Iteration: 160 soft_alignment_loss: 0.325639 valid_alignment_pair_count: 74 mean_soft_path_cost: 3.582030 alignment_temperature: 0.1
2026-08-15 13:44:39,726 reid_baseline.train INFO: Epoch[77] Iteration[180/186] loss_total: 1.202, loss_id: 1.065, loss_triplet: 0.030, loss_camera_triplet: 0.000, loss_cross_camera_positive: 0.245, loss_pcc: 0.335, cross_camera_positive_count: 62.4, Acc: 1.000, Base Lr: 3.50e-06
2026-08-15 13:44:39,726 reid_baseline.train INFO: Soft Alignment Batch - Epoch: 77 Iteration: 180 soft_alignment_loss: 0.342691 valid_alignment_pair_count: 71 mean_soft_path_cost: 3.769597 alignment_temperature: 0.1
2026-08-15 13:44:40,534 reid_baseline.train INFO: EPOCH_EVIDENCE epoch=77 global_iteration=14322 epoch_length=186
2026-08-15 13:44:40,534 reid_baseline.train INFO: Soft Alignment Epoch Summary - Epoch: 77 soft_alignment_loss: 0.339874 valid_alignment_pair_count: 13679 mean_soft_path_cost: 3.738611 alignment_temperature: 0.1
2026-08-15 13:44:40,534 reid_baseline.train INFO: Epoch 77 done. Time per batch: 24.087[s] Speed: 494.2[samples/s]
2026-08-15 13:44:40,534 reid_baseline.train INFO: ----------
2026-08-15 13:44:43,245 reid_baseline.train INFO: Epoch[78] Iteration[20/186] loss_total: 1.208, loss_id: 1.070, loss_triplet: 0.030, loss_camera_triplet: 0.000, loss_cross_camera_positive: 0.247, loss_pcc: 0.338, cross_camera_positive_count: 62.4, Acc: 1.000, Base Lr: 3.50e-06
2026-08-15 13:44:43,245 reid_baseline.train INFO: Soft Alignment Batch - Epoch: 78 Iteration: 20 soft_alignment_loss: 0.338036 valid_alignment_pair_count: 67 mean_soft_path_cost: 3.718396 alignment_temperature: 0.1
2026-08-15 13:44:45,951 reid_baseline.train INFO: Epoch[78] Iteration[40/186] loss_total: 1.210, loss_id: 1.070, loss_triplet: 0.031, loss_camera_triplet: 0.000, loss_cross_camera_positive: 0.250, loss_pcc: 0.341, cross_camera_positive_count: 62.4, Acc: 0.999, Base Lr: 3.50e-06
2026-08-15 13:44:45,951 reid_baseline.train INFO: Soft Alignment Batch - Epoch: 78 Iteration: 40 soft_alignment_loss: 0.339589 valid_alignment_pair_count: 74 mean_soft_path_cost: 3.735484 alignment_temperature: 0.1
2026-08-15 13:44:48,657 reid_baseline.train INFO: Epoch[78] Iteration[60/186] loss_total: 1.206, loss_id: 1.068, loss_triplet: 0.029, loss_camera_triplet: 0.000, loss_cross_camera_positive: 0.252, loss_pcc: 0.344, cross_camera_positive_count: 62.0, Acc: 1.000, Base Lr: 3.50e-06
2026-08-15 13:44:48,657 reid_baseline.train INFO: Soft Alignment Batch - Epoch: 78 Iteration: 60 soft_alignment_loss: 0.350345 valid_alignment_pair_count: 82 mean_soft_path_cost: 3.853797 alignment_temperature: 0.1
2026-08-15 13:44:51,365 reid_baseline.train INFO: Epoch[78] Iteration[80/186] loss_total: 1.207, loss_id: 1.066, loss_triplet: 0.031, loss_camera_triplet: 0.000, loss_cross_camera_positive: 0.252, loss_pcc: 0.345, cross_camera_positive_count: 62.6, Acc: 0.999, Base Lr: 3.50e-06
2026-08-15 13:44:51,365 reid_baseline.train INFO: Soft Alignment Batch - Epoch: 78 Iteration: 80 soft_alignment_loss: 0.341624 valid_alignment_pair_count: 75 mean_soft_path_cost: 3.757865 alignment_temperature: 0.1
2026-08-15 13:44:54,057 reid_baseline.train INFO: Epoch[78] Iteration[100/186] loss_total: 1.209, loss_id: 1.068, loss_triplet: 0.031, loss_camera_triplet: 0.000, loss_cross_camera_positive: 0.253, loss_pcc: 0.345, cross_camera_positive_count: 62.4, Acc: 0.999, Base Lr: 3.50e-06
2026-08-15 13:44:54,057 reid_baseline.train INFO: Soft Alignment Batch - Epoch: 78 Iteration: 100 soft_alignment_loss: 0.340394 valid_alignment_pair_count: 75 mean_soft_path_cost: 3.744330 alignment_temperature: 0.1
2026-08-15 13:44:56,753 reid_baseline.train INFO: Epoch[78] Iteration[120/186] loss_total: 1.205, loss_id: 1.065, loss_triplet: 0.029, loss_camera_triplet: 0.000, loss_cross_camera_positive: 0.253, loss_pcc: 0.344, cross_camera_positive_count: 62.4, Acc: 0.999, Base Lr: 3.50e-06
2026-08-15 13:44:56,754 reid_baseline.train INFO: Soft Alignment Batch - Epoch: 78 Iteration: 120 soft_alignment_loss: 0.330748 valid_alignment_pair_count: 80 mean_soft_path_cost: 3.638229 alignment_temperature: 0.1
2026-08-15 13:44:59,449 reid_baseline.train INFO: Epoch[78] Iteration[140/186] loss_total: 1.201, loss_id: 1.062, loss_triplet: 0.030, loss_camera_triplet: 0.000, loss_cross_camera_positive: 0.251, loss_pcc: 0.340, cross_camera_positive_count: 62.5, Acc: 0.999, Base Lr: 3.50e-06
2026-08-15 13:44:59,449 reid_baseline.train INFO: Soft Alignment Batch - Epoch: 78 Iteration: 140 soft_alignment_loss: 0.338478 valid_alignment_pair_count: 71 mean_soft_path_cost: 3.723262 alignment_temperature: 0.1
2026-08-15 13:45:02,665 reid_baseline.train INFO: Epoch[78] Iteration[160/186] loss_total: 1.196, loss_id: 1.059, loss_triplet: 0.029, loss_camera_triplet: 0.000, loss_cross_camera_positive: 0.247, loss_pcc: 0.336, cross_camera_positive_count: 62.8, Acc: 0.999, Base Lr: 3.50e-06
2026-08-15 13:45:02,665 reid_baseline.train INFO: Soft Alignment Batch - Epoch: 78 Iteration: 160 soft_alignment_loss: 0.330279 valid_alignment_pair_count: 70 mean_soft_path_cost: 3.633069 alignment_temperature: 0.1
2026-08-15 13:45:05,357 reid_baseline.train INFO: Epoch[78] Iteration[180/186] loss_total: 1.205, loss_id: 1.066, loss_triplet: 0.031, loss_camera_triplet: 0.000, loss_cross_camera_positive: 0.246, loss_pcc: 0.334, cross_camera_positive_count: 62.5, Acc: 0.999, Base Lr: 3.50e-06
2026-08-15 13:45:05,357 reid_baseline.train INFO: Soft Alignment Batch - Epoch: 78 Iteration: 180 soft_alignment_loss: 0.327640 valid_alignment_pair_count: 71 mean_soft_path_cost: 3.604042 alignment_temperature: 0.1
2026-08-15 13:45:06,210 reid_baseline.train INFO: EPOCH_EVIDENCE epoch=78 global_iteration=14508 epoch_length=186
2026-08-15 13:45:06,210 reid_baseline.train INFO: Soft Alignment Epoch Summary - Epoch: 78 soft_alignment_loss: 0.340559 valid_alignment_pair_count: 13673 mean_soft_path_cost: 3.746144 alignment_temperature: 0.1
2026-08-15 13:45:06,210 reid_baseline.train INFO: Epoch 78 done. Time per batch: 24.142[s] Speed: 493.1[samples/s]
2026-08-15 13:45:06,210 reid_baseline.train INFO: ----------
2026-08-15 13:45:08,941 reid_baseline.train INFO: Epoch[79] Iteration[20/186] loss_total: 1.214, loss_id: 1.069, loss_triplet: 0.035, loss_camera_triplet: 0.000, loss_cross_camera_positive: 0.251, loss_pcc: 0.339, cross_camera_positive_count: 62.8, Acc: 0.999, Base Lr: 3.50e-06
2026-08-15 13:45:08,941 reid_baseline.train INFO: Soft Alignment Batch - Epoch: 79 Iteration: 20 soft_alignment_loss: 0.361431 valid_alignment_pair_count: 68 mean_soft_path_cost: 3.975743 alignment_temperature: 0.1
2026-08-15 13:45:11,655 reid_baseline.train INFO: Epoch[79] Iteration[40/186] loss_total: 1.213, loss_id: 1.069, loss_triplet: 0.034, loss_camera_triplet: 0.000, loss_cross_camera_positive: 0.252, loss_pcc: 0.341, cross_camera_positive_count: 62.8, Acc: 0.999, Base Lr: 3.50e-06
2026-08-15 13:45:11,656 reid_baseline.train INFO: Soft Alignment Batch - Epoch: 79 Iteration: 40 soft_alignment_loss: 0.340466 valid_alignment_pair_count: 72 mean_soft_path_cost: 3.745125 alignment_temperature: 0.1
2026-08-15 13:45:14,373 reid_baseline.train INFO: Epoch[79] Iteration[60/186] loss_total: 1.211, loss_id: 1.068, loss_triplet: 0.033, loss_camera_triplet: 0.000, loss_cross_camera_positive: 0.253, loss_pcc: 0.343, cross_camera_positive_count: 62.8, Acc: 0.999, Base Lr: 3.50e-06
2026-08-15 13:45:14,373 reid_baseline.train INFO: Soft Alignment Batch - Epoch: 79 Iteration: 60 soft_alignment_loss: 0.350297 valid_alignment_pair_count: 71 mean_soft_path_cost: 3.853271 alignment_temperature: 0.1
2026-08-15 13:45:17,126 reid_baseline.train INFO: Epoch[79] Iteration[80/186] loss_total: 1.206, loss_id: 1.065, loss_triplet: 0.032, loss_camera_triplet: 0.000, loss_cross_camera_positive: 0.250, loss_pcc: 0.342, cross_camera_positive_count: 62.8, Acc: 0.999, Base Lr: 3.50e-06
2026-08-15 13:45:17,126 reid_baseline.train INFO: Soft Alignment Batch - Epoch: 79 Iteration: 80 soft_alignment_loss: 0.336908 valid_alignment_pair_count: 65 mean_soft_path_cost: 3.705983 alignment_temperature: 0.1
2026-08-15 13:45:19,851 reid_baseline.train INFO: Epoch[79] Iteration[100/186] loss_total: 1.207, loss_id: 1.065, loss_triplet: 0.032, loss_camera_triplet: 0.000, loss_cross_camera_positive: 0.253, loss_pcc: 0.342, cross_camera_positive_count: 62.7, Acc: 1.000, Base Lr: 3.50e-06
2026-08-15 13:45:19,851 reid_baseline.train INFO: Soft Alignment Batch - Epoch: 79 Iteration: 100 soft_alignment_loss: 0.344740 valid_alignment_pair_count: 73 mean_soft_path_cost: 3.792134 alignment_temperature: 0.1
2026-08-15 13:45:22,607 reid_baseline.train INFO: Epoch[79] Iteration[120/186] loss_total: 1.202, loss_id: 1.062, loss_triplet: 0.030, loss_camera_triplet: 0.000, loss_cross_camera_positive: 0.251, loss_pcc: 0.341, cross_camera_positive_count: 62.6, Acc: 0.999, Base Lr: 3.50e-06
2026-08-15 13:45:22,608 reid_baseline.train INFO: Soft Alignment Batch - Epoch: 79 Iteration: 120 soft_alignment_loss: 0.342026 valid_alignment_pair_count: 79 mean_soft_path_cost: 3.762282 alignment_temperature: 0.1
2026-08-15 13:45:25,352 reid_baseline.train INFO: Epoch[79] Iteration[140/186] loss_total: 1.197, loss_id: 1.059, loss_triplet: 0.030, loss_camera_triplet: 0.000, loss_cross_camera_positive: 0.248, loss_pcc: 0.339, cross_camera_positive_count: 62.6, Acc: 1.000, Base Lr: 3.50e-06
2026-08-15 13:45:25,352 reid_baseline.train INFO: Soft Alignment Batch - Epoch: 79 Iteration: 140 soft_alignment_loss: 0.332519 valid_alignment_pair_count: 72 mean_soft_path_cost: 3.657705 alignment_temperature: 0.1
2026-08-15 13:45:28,497 reid_baseline.train INFO: Epoch[79] Iteration[160/186] loss_total: 1.198, loss_id: 1.060, loss_triplet: 0.030, loss_camera_triplet: 0.000, loss_cross_camera_positive: 0.247, loss_pcc: 0.336, cross_camera_positive_count: 62.5, Acc: 0.999, Base Lr: 3.50e-06
2026-08-15 13:45:28,497 reid_baseline.train INFO: Soft Alignment Batch - Epoch: 79 Iteration: 160 soft_alignment_loss: 0.321424 valid_alignment_pair_count: 73 mean_soft_path_cost: 3.535661 alignment_temperature: 0.1
2026-08-15 13:45:31,193 reid_baseline.train INFO: Epoch[79] Iteration[180/186] loss_total: 1.215, loss_id: 1.070, loss_triplet: 0.036, loss_camera_triplet: 0.000, loss_cross_camera_positive: 0.249, loss_pcc: 0.336, cross_camera_positive_count: 62.7, Acc: 0.999, Base Lr: 3.50e-06
2026-08-15 13:45:31,193 reid_baseline.train INFO: Soft Alignment Batch - Epoch: 79 Iteration: 180 soft_alignment_loss: 0.353438 valid_alignment_pair_count: 74 mean_soft_path_cost: 3.887821 alignment_temperature: 0.1
2026-08-15 13:45:32,028 reid_baseline.train INFO: EPOCH_EVIDENCE epoch=79 global_iteration=14694 epoch_length=186
2026-08-15 13:45:32,029 reid_baseline.train INFO: Soft Alignment Epoch Summary - Epoch: 79 soft_alignment_loss: 0.340644 valid_alignment_pair_count: 13842 mean_soft_path_cost: 3.747083 alignment_temperature: 0.1
2026-08-15 13:45:32,029 reid_baseline.train INFO: Epoch 79 done. Time per batch: 24.322[s] Speed: 489.4[samples/s]
2026-08-15 13:45:32,029 reid_baseline.train INFO: ----------
2026-08-15 13:45:34,743 reid_baseline.train INFO: Epoch[80] Iteration[20/186] loss_total: 1.219, loss_id: 1.071, loss_triplet: 0.038, loss_camera_triplet: 0.000, loss_cross_camera_positive: 0.252, loss_pcc: 0.341, cross_camera_positive_count: 62.6, Acc: 0.999, Base Lr: 3.50e-06
2026-08-15 13:45:34,743 reid_baseline.train INFO: Soft Alignment Batch - Epoch: 80 Iteration: 20 soft_alignment_loss: 0.352574 valid_alignment_pair_count: 69 mean_soft_path_cost: 3.878313 alignment_temperature: 0.1
2026-08-15 13:45:37,460 reid_baseline.train INFO: Epoch[80] Iteration[40/186] loss_total: 1.217, loss_id: 1.070, loss_triplet: 0.037, loss_camera_triplet: 0.000, loss_cross_camera_positive: 0.254, loss_pcc: 0.343, cross_camera_positive_count: 62.6, Acc: 0.999, Base Lr: 3.50e-06
2026-08-15 13:45:37,460 reid_baseline.train INFO: Soft Alignment Batch - Epoch: 80 Iteration: 40 soft_alignment_loss: 0.342704 valid_alignment_pair_count: 76 mean_soft_path_cost: 3.769739 alignment_temperature: 0.1
2026-08-15 13:45:40,183 reid_baseline.train INFO: Epoch[80] Iteration[60/186] loss_total: 1.216, loss_id: 1.068, loss_triplet: 0.036, loss_camera_triplet: 0.000, loss_cross_camera_positive: 0.256, loss_pcc: 0.346, cross_camera_positive_count: 62.3, Acc: 1.000, Base Lr: 3.50e-06
2026-08-15 13:45:40,183 reid_baseline.train INFO: Soft Alignment Batch - Epoch: 80 Iteration: 60 soft_alignment_loss: 0.347413 valid_alignment_pair_count: 74 mean_soft_path_cost: 3.821542 alignment_temperature: 0.1
2026-08-15 13:45:42,904 reid_baseline.train INFO: Epoch[80] Iteration[80/186] loss_total: 1.209, loss_id: 1.064, loss_triplet: 0.034, loss_camera_triplet: 0.000, loss_cross_camera_positive: 0.254, loss_pcc: 0.345, cross_camera_positive_count: 62.5, Acc: 1.000, Base Lr: 3.50e-06
2026-08-15 13:45:42,904 reid_baseline.train INFO: Soft Alignment Batch - Epoch: 80 Iteration: 80 soft_alignment_loss: 0.330338 valid_alignment_pair_count: 78 mean_soft_path_cost: 3.633715 alignment_temperature: 0.1
2026-08-15 13:45:45,610 reid_baseline.train INFO: Epoch[80] Iteration[100/186] loss_total: 1.205, loss_id: 1.062, loss_triplet: 0.033, loss_camera_triplet: 0.000, loss_cross_camera_positive: 0.252, loss_pcc: 0.345, cross_camera_positive_count: 62.4, Acc: 1.000, Base Lr: 3.50e-06
2026-08-15 13:45:45,610 reid_baseline.train INFO: Soft Alignment Batch - Epoch: 80 Iteration: 100 soft_alignment_loss: 0.339579 valid_alignment_pair_count: 72 mean_soft_path_cost: 3.735363 alignment_temperature: 0.1
2026-08-15 13:45:48,303 reid_baseline.train INFO: Epoch[80] Iteration[120/186] loss_total: 1.202, loss_id: 1.060, loss_triplet: 0.033, loss_camera_triplet: 0.000, loss_cross_camera_positive: 0.251, loss_pcc: 0.342, cross_camera_positive_count: 62.6, Acc: 1.000, Base Lr: 3.50e-06
2026-08-15 13:45:48,303 reid_baseline.train INFO: Soft Alignment Batch - Epoch: 80 Iteration: 120 soft_alignment_loss: 0.329044 valid_alignment_pair_count: 82 mean_soft_path_cost: 3.619481 alignment_temperature: 0.1
2026-08-15 13:45:50,994 reid_baseline.train INFO: Epoch[80] Iteration[140/186] loss_total: 1.196, loss_id: 1.057, loss_triplet: 0.031, loss_camera_triplet: 0.000, loss_cross_camera_positive: 0.247, loss_pcc: 0.338, cross_camera_positive_count: 62.6, Acc: 0.999, Base Lr: 3.50e-06
2026-08-15 13:45:50,994 reid_baseline.train INFO: Soft Alignment Batch - Epoch: 80 Iteration: 140 soft_alignment_loss: 0.312407 valid_alignment_pair_count: 73 mean_soft_path_cost: 3.436482 alignment_temperature: 0.1
2026-08-15 13:45:54,060 reid_baseline.train INFO: Epoch[80] Iteration[160/186] loss_total: 1.198, loss_id: 1.061, loss_triplet: 0.030, loss_camera_triplet: 0.000, loss_cross_camera_positive: 0.244, loss_pcc: 0.333, cross_camera_positive_count: 62.3, Acc: 0.999, Base Lr: 3.50e-06
2026-08-15 13:45:54,060 reid_baseline.train INFO: Soft Alignment Batch - Epoch: 80 Iteration: 160 soft_alignment_loss: 0.320610 valid_alignment_pair_count: 70 mean_soft_path_cost: 3.526715 alignment_temperature: 0.1
2026-08-15 13:45:56,749 reid_baseline.train INFO: Epoch[80] Iteration[180/186] loss_total: 1.206, loss_id: 1.067, loss_triplet: 0.032, loss_camera_triplet: 0.000, loss_cross_camera_positive: 0.245, loss_pcc: 0.333, cross_camera_positive_count: 62.7, Acc: 0.999, Base Lr: 3.50e-06
2026-08-15 13:45:56,749 reid_baseline.train INFO: Soft Alignment Batch - Epoch: 80 Iteration: 180 soft_alignment_loss: 0.336637 valid_alignment_pair_count: 75 mean_soft_path_cost: 3.703003 alignment_temperature: 0.1
2026-08-15 13:45:57,821 reid_baseline.train INFO: EPOCH_EVIDENCE epoch=80 global_iteration=14880 epoch_length=186
2026-08-15 13:45:57,821 reid_baseline.train INFO: Soft Alignment Epoch Summary - Epoch: 80 soft_alignment_loss: 0.339852 valid_alignment_pair_count: 13674 mean_soft_path_cost: 3.738371 alignment_temperature: 0.1
2026-08-15 13:45:57,821 reid_baseline.train INFO: Epoch 80 done. Time per batch: 24.186[s] Speed: 492.2[samples/s]
2026-08-15 13:45:57,821 reid_baseline.train INFO: ----------
The test feature is normalized
2026-08-15 13:47:21,529 reid_baseline.train INFO: Validation Results - Epoch: 80
2026-08-15 13:47:21,530 reid_baseline.train INFO: mAP: 87.0%
2026-08-15 13:47:21,530 reid_baseline.train INFO: CMC curve, Rank-1  :94.5%
2026-08-15 13:47:21,530 reid_baseline.train INFO: CMC curve, Rank-5  :98.2%
2026-08-15 13:47:21,530 reid_baseline.train INFO: CMC curve, Rank-10 :98.8%
2026-08-15 13:47:24,241 reid_baseline.train INFO: Epoch[81] Iteration[20/186] loss_total: 1.212, loss_id: 1.069, loss_triplet: 0.035, loss_camera_triplet: 0.000, loss_cross_camera_positive: 0.248, loss_pcc: 0.337, cross_camera_positive_count: 62.7, Acc: 1.000, Base Lr: 3.50e-06
2026-08-15 13:47:24,241 reid_baseline.train INFO: Soft Alignment Batch - Epoch: 81 Iteration: 20 soft_alignment_loss: 0.352325 valid_alignment_pair_count: 71 mean_soft_path_cost: 3.875575 alignment_temperature: 0.1
2026-08-15 13:47:26,929 reid_baseline.train INFO: Epoch[81] Iteration[40/186] loss_total: 1.210, loss_id: 1.067, loss_triplet: 0.034, loss_camera_triplet: 0.000, loss_cross_camera_positive: 0.250, loss_pcc: 0.341, cross_camera_positive_count: 62.5, Acc: 0.999, Base Lr: 3.50e-06
2026-08-15 13:47:26,929 reid_baseline.train INFO: Soft Alignment Batch - Epoch: 81 Iteration: 40 soft_alignment_loss: 0.356841 valid_alignment_pair_count: 74 mean_soft_path_cost: 3.925246 alignment_temperature: 0.1
2026-08-15 13:47:29,646 reid_baseline.train INFO: Epoch[81] Iteration[60/186] loss_total: 1.211, loss_id: 1.067, loss_triplet: 0.033, loss_camera_triplet: 0.000, loss_cross_camera_positive: 0.252, loss_pcc: 0.343, cross_camera_positive_count: 62.6, Acc: 0.999, Base Lr: 3.50e-06
2026-08-15 13:47:29,647 reid_baseline.train INFO: Soft Alignment Batch - Epoch: 81 Iteration: 60 soft_alignment_loss: 0.351171 valid_alignment_pair_count: 75 mean_soft_path_cost: 3.862876 alignment_temperature: 0.1
2026-08-15 13:47:32,368 reid_baseline.train INFO: Epoch[81] Iteration[80/186] loss_total: 1.209, loss_id: 1.065, loss_triplet: 0.032, loss_camera_triplet: 0.000, loss_cross_camera_positive: 0.254, loss_pcc: 0.345, cross_camera_positive_count: 62.9, Acc: 0.999, Base Lr: 3.50e-06
2026-08-15 13:47:32,368 reid_baseline.train INFO: Soft Alignment Batch - Epoch: 81 Iteration: 80 soft_alignment_loss: 0.358796 valid_alignment_pair_count: 75 mean_soft_path_cost: 3.946759 alignment_temperature: 0.1
2026-08-15 13:47:35,086 reid_baseline.train INFO: Epoch[81] Iteration[100/186] loss_total: 1.204, loss_id: 1.063, loss_triplet: 0.031, loss_camera_triplet: 0.000, loss_cross_camera_positive: 0.253, loss_pcc: 0.344, cross_camera_positive_count: 63.0, Acc: 0.999, Base Lr: 3.50e-06
2026-08-15 13:47:35,086 reid_baseline.train INFO: Soft Alignment Batch - Epoch: 81 Iteration: 100 soft_alignment_loss: 0.335591 valid_alignment_pair_count: 71 mean_soft_path_cost: 3.691497 alignment_temperature: 0.1
2026-08-15 13:47:37,805 reid_baseline.train INFO: Epoch[81] Iteration[120/186] loss_total: 1.202, loss_id: 1.063, loss_triplet: 0.030, loss_camera_triplet: 0.000, loss_cross_camera_positive: 0.250, loss_pcc: 0.340, cross_camera_positive_count: 63.1, Acc: 0.999, Base Lr: 3.50e-06
2026-08-15 13:47:37,805 reid_baseline.train INFO: Soft Alignment Batch - Epoch: 81 Iteration: 120 soft_alignment_loss: 0.337316 valid_alignment_pair_count: 70 mean_soft_path_cost: 3.710474 alignment_temperature: 0.1
2026-08-15 13:47:40,505 reid_baseline.train INFO: Epoch[81] Iteration[140/186] loss_total: 1.197, loss_id: 1.059, loss_triplet: 0.030, loss_camera_triplet: 0.000, loss_cross_camera_positive: 0.247, loss_pcc: 0.337, cross_camera_positive_count: 62.8, Acc: 0.999, Base Lr: 3.50e-06
2026-08-15 13:47:40,506 reid_baseline.train INFO: Soft Alignment Batch - Epoch: 81 Iteration: 140 soft_alignment_loss: 0.314003 valid_alignment_pair_count: 77 mean_soft_path_cost: 3.454032 alignment_temperature: 0.1
2026-08-15 13:47:43,882 reid_baseline.train INFO: Epoch[81] Iteration[160/186] loss_total: 1.201, loss_id: 1.063, loss_triplet: 0.031, loss_camera_triplet: 0.000, loss_cross_camera_positive: 0.244, loss_pcc: 0.333, cross_camera_positive_count: 62.4, Acc: 0.999, Base Lr: 3.50e-06
2026-08-15 13:47:43,883 reid_baseline.train INFO: Soft Alignment Batch - Epoch: 81 Iteration: 160 soft_alignment_loss: 0.331843 valid_alignment_pair_count: 75 mean_soft_path_cost: 3.650278 alignment_temperature: 0.1
2026-08-15 13:47:46,566 reid_baseline.train INFO: Epoch[81] Iteration[180/186] loss_total: 1.212, loss_id: 1.070, loss_triplet: 0.034, loss_camera_triplet: 0.000, loss_cross_camera_positive: 0.246, loss_pcc: 0.334, cross_camera_positive_count: 62.5, Acc: 0.999, Base Lr: 3.50e-06
2026-08-15 13:47:46,566 reid_baseline.train INFO: Soft Alignment Batch - Epoch: 81 Iteration: 180 soft_alignment_loss: 0.334576 valid_alignment_pair_count: 72 mean_soft_path_cost: 3.680335 alignment_temperature: 0.1
2026-08-15 13:47:47,370 reid_baseline.train INFO: EPOCH_EVIDENCE epoch=81 global_iteration=15066 epoch_length=186
2026-08-15 13:47:47,370 reid_baseline.train INFO: Soft Alignment Epoch Summary - Epoch: 81 soft_alignment_loss: 0.339533 valid_alignment_pair_count: 13793 mean_soft_path_cost: 3.734866 alignment_temperature: 0.1
2026-08-15 13:47:47,370 reid_baseline.train INFO: Epoch 81 done. Time per batch: 24.105[s] Speed: 493.8[samples/s]
2026-08-15 13:47:47,370 reid_baseline.train INFO: ----------
2026-08-15 13:47:50,082 reid_baseline.train INFO: Epoch[82] Iteration[20/186] loss_total: 1.211, loss_id: 1.069, loss_triplet: 0.033, loss_camera_triplet: 0.000, loss_cross_camera_positive: 0.249, loss_pcc: 0.338, cross_camera_positive_count: 62.3, Acc: 0.999, Base Lr: 3.50e-06
2026-08-15 13:47:50,082 reid_baseline.train INFO: Soft Alignment Batch - Epoch: 82 Iteration: 20 soft_alignment_loss: 0.340154 valid_alignment_pair_count: 72 mean_soft_path_cost: 3.741693 alignment_temperature: 0.1
2026-08-15 13:47:52,792 reid_baseline.train INFO: Epoch[82] Iteration[40/186] loss_total: 1.208, loss_id: 1.067, loss_triplet: 0.031, loss_camera_triplet: 0.000, loss_cross_camera_positive: 0.250, loss_pcc: 0.340, cross_camera_positive_count: 62.4, Acc: 0.999, Base Lr: 3.50e-06
2026-08-15 13:47:52,792 reid_baseline.train INFO: Soft Alignment Batch - Epoch: 82 Iteration: 40 soft_alignment_loss: 0.346425 valid_alignment_pair_count: 76 mean_soft_path_cost: 3.810674 alignment_temperature: 0.1
2026-08-15 13:47:55,491 reid_baseline.train INFO: Epoch[82] Iteration[60/186] loss_total: 1.210, loss_id: 1.066, loss_triplet: 0.033, loss_camera_triplet: 0.000, loss_cross_camera_positive: 0.253, loss_pcc: 0.341, cross_camera_positive_count: 62.1, Acc: 0.999, Base Lr: 3.50e-06
2026-08-15 13:47:55,491 reid_baseline.train INFO: Soft Alignment Batch - Epoch: 82 Iteration: 60 soft_alignment_loss: 0.336022 valid_alignment_pair_count: 71 mean_soft_path_cost: 3.696245 alignment_temperature: 0.1
2026-08-15 13:47:58,208 reid_baseline.train INFO: Epoch[82] Iteration[80/186] loss_total: 1.204, loss_id: 1.063, loss_triplet: 0.032, loss_camera_triplet: 0.000, loss_cross_camera_positive: 0.250, loss_pcc: 0.340, cross_camera_positive_count: 62.3, Acc: 0.999, Base Lr: 3.50e-06
2026-08-15 13:47:58,209 reid_baseline.train INFO: Soft Alignment Batch - Epoch: 82 Iteration: 80 soft_alignment_loss: 0.331996 valid_alignment_pair_count: 67 mean_soft_path_cost: 3.651956 alignment_temperature: 0.1
2026-08-15 13:48:00,915 reid_baseline.train INFO: Epoch[82] Iteration[100/186] loss_total: 1.198, loss_id: 1.060, loss_triplet: 0.030, loss_camera_triplet: 0.000, loss_cross_camera_positive: 0.248, loss_pcc: 0.339, cross_camera_positive_count: 62.5, Acc: 0.999, Base Lr: 3.50e-06
2026-08-15 13:48:00,915 reid_baseline.train INFO: Soft Alignment Batch - Epoch: 82 Iteration: 100 soft_alignment_loss: 0.331593 valid_alignment_pair_count: 77 mean_soft_path_cost: 3.647525 alignment_temperature: 0.1
2026-08-15 13:48:03,624 reid_baseline.train INFO: Epoch[82] Iteration[120/186] loss_total: 1.194, loss_id: 1.058, loss_triplet: 0.028, loss_camera_triplet: 0.000, loss_cross_camera_positive: 0.247, loss_pcc: 0.338, cross_camera_positive_count: 62.4, Acc: 1.000, Base Lr: 3.50e-06
2026-08-15 13:48:03,624 reid_baseline.train INFO: Soft Alignment Batch - Epoch: 82 Iteration: 120 soft_alignment_loss: 0.330572 valid_alignment_pair_count: 73 mean_soft_path_cost: 3.636297 alignment_temperature: 0.1
2026-08-15 13:48:06,340 reid_baseline.train INFO: Epoch[82] Iteration[140/186] loss_total: 1.188, loss_id: 1.054, loss_triplet: 0.027, loss_camera_triplet: 0.000, loss_cross_camera_positive: 0.244, loss_pcc: 0.334, cross_camera_positive_count: 62.7, Acc: 1.000, Base Lr: 3.50e-06
2026-08-15 13:48:06,340 reid_baseline.train INFO: Soft Alignment Batch - Epoch: 82 Iteration: 140 soft_alignment_loss: 0.331846 valid_alignment_pair_count: 74 mean_soft_path_cost: 3.650306 alignment_temperature: 0.1
2026-08-15 13:48:09,639 reid_baseline.train INFO: Epoch[82] Iteration[160/186] loss_total: 1.194, loss_id: 1.059, loss_triplet: 0.029, loss_camera_triplet: 0.000, loss_cross_camera_positive: 0.243, loss_pcc: 0.332, cross_camera_positive_count: 62.6, Acc: 1.000, Base Lr: 3.50e-06
2026-08-15 13:48:09,640 reid_baseline.train INFO: Soft Alignment Batch - Epoch: 82 Iteration: 160 soft_alignment_loss: 0.318804 valid_alignment_pair_count: 72 mean_soft_path_cost: 3.506845 alignment_temperature: 0.1
2026-08-15 13:48:12,375 reid_baseline.train INFO: Epoch[82] Iteration[180/186] loss_total: 1.203, loss_id: 1.065, loss_triplet: 0.031, loss_camera_triplet: 0.000, loss_cross_camera_positive: 0.244, loss_pcc: 0.333, cross_camera_positive_count: 62.2, Acc: 1.000, Base Lr: 3.50e-06
2026-08-15 13:48:12,375 reid_baseline.train INFO: Soft Alignment Batch - Epoch: 82 Iteration: 180 soft_alignment_loss: 0.341159 valid_alignment_pair_count: 71 mean_soft_path_cost: 3.752746 alignment_temperature: 0.1
2026-08-15 13:48:13,186 reid_baseline.train INFO: EPOCH_EVIDENCE epoch=82 global_iteration=15252 epoch_length=186
2026-08-15 13:48:13,187 reid_baseline.train INFO: Soft Alignment Epoch Summary - Epoch: 82 soft_alignment_loss: 0.336982 valid_alignment_pair_count: 13695 mean_soft_path_cost: 3.706807 alignment_temperature: 0.1
2026-08-15 13:48:13,187 reid_baseline.train INFO: Epoch 82 done. Time per batch: 24.182[s] Speed: 492.3[samples/s]
2026-08-15 13:48:13,187 reid_baseline.train INFO: ----------
2026-08-15 13:48:15,906 reid_baseline.train INFO: Epoch[83] Iteration[20/186] loss_total: 1.208, loss_id: 1.067, loss_triplet: 0.033, loss_camera_triplet: 0.000, loss_cross_camera_positive: 0.248, loss_pcc: 0.337, cross_camera_positive_count: 62.4, Acc: 0.999, Base Lr: 3.50e-06
2026-08-15 13:48:15,906 reid_baseline.train INFO: Soft Alignment Batch - Epoch: 83 Iteration: 20 soft_alignment_loss: 0.349830 valid_alignment_pair_count: 76 mean_soft_path_cost: 3.848129 alignment_temperature: 0.1
2026-08-15 13:48:18,613 reid_baseline.train INFO: Epoch[83] Iteration[40/186] loss_total: 1.206, loss_id: 1.065, loss_triplet: 0.032, loss_camera_triplet: 0.000, loss_cross_camera_positive: 0.250, loss_pcc: 0.341, cross_camera_positive_count: 62.7, Acc: 1.000, Base Lr: 3.50e-06
2026-08-15 13:48:18,613 reid_baseline.train INFO: Soft Alignment Batch - Epoch: 83 Iteration: 40 soft_alignment_loss: 0.354234 valid_alignment_pair_count: 72 mean_soft_path_cost: 3.896576 alignment_temperature: 0.1
2026-08-15 13:48:21,325 reid_baseline.train INFO: Epoch[83] Iteration[60/186] loss_total: 1.210, loss_id: 1.065, loss_triplet: 0.035, loss_camera_triplet: 0.000, loss_cross_camera_positive: 0.251, loss_pcc: 0.342, cross_camera_positive_count: 62.8, Acc: 1.000, Base Lr: 3.50e-06
2026-08-15 13:48:21,326 reid_baseline.train INFO: Soft Alignment Batch - Epoch: 83 Iteration: 60 soft_alignment_loss: 0.350206 valid_alignment_pair_count: 74 mean_soft_path_cost: 3.852269 alignment_temperature: 0.1
2026-08-15 13:48:24,028 reid_baseline.train INFO: Epoch[83] Iteration[80/186] loss_total: 1.203, loss_id: 1.062, loss_triplet: 0.032, loss_camera_triplet: 0.000, loss_cross_camera_positive: 0.248, loss_pcc: 0.340, cross_camera_positive_count: 62.6, Acc: 1.000, Base Lr: 3.50e-06
2026-08-15 13:48:24,029 reid_baseline.train INFO: Soft Alignment Batch - Epoch: 83 Iteration: 80 soft_alignment_loss: 0.336279 valid_alignment_pair_count: 71 mean_soft_path_cost: 3.699068 alignment_temperature: 0.1
2026-08-15 13:48:26,712 reid_baseline.train INFO: Epoch[83] Iteration[100/186] loss_total: 1.199, loss_id: 1.060, loss_triplet: 0.031, loss_camera_triplet: 0.000, loss_cross_camera_positive: 0.248, loss_pcc: 0.339, cross_camera_positive_count: 62.8, Acc: 1.000, Base Lr: 3.50e-06
2026-08-15 13:48:26,712 reid_baseline.train INFO: Soft Alignment Batch - Epoch: 83 Iteration: 100 soft_alignment_loss: 0.337020 valid_alignment_pair_count: 72 mean_soft_path_cost: 3.707217 alignment_temperature: 0.1
2026-08-15 13:48:29,422 reid_baseline.train INFO: Epoch[83] Iteration[120/186] loss_total: 1.194, loss_id: 1.058, loss_triplet: 0.029, loss_camera_triplet: 0.000, loss_cross_camera_positive: 0.246, loss_pcc: 0.336, cross_camera_positive_count: 62.6, Acc: 1.000, Base Lr: 3.50e-06
2026-08-15 13:48:29,423 reid_baseline.train INFO: Soft Alignment Batch - Epoch: 83 Iteration: 120 soft_alignment_loss: 0.318238 valid_alignment_pair_count: 75 mean_soft_path_cost: 3.500623 alignment_temperature: 0.1
2026-08-15 13:48:32,119 reid_baseline.train INFO: Epoch[83] Iteration[140/186] loss_total: 1.189, loss_id: 1.055, loss_triplet: 0.027, loss_camera_triplet: 0.000, loss_cross_camera_positive: 0.244, loss_pcc: 0.333, cross_camera_positive_count: 62.2, Acc: 1.000, Base Lr: 3.50e-06
2026-08-15 13:48:32,119 reid_baseline.train INFO: Soft Alignment Batch - Epoch: 83 Iteration: 140 soft_alignment_loss: 0.331004 valid_alignment_pair_count: 67 mean_soft_path_cost: 3.641044 alignment_temperature: 0.1
2026-08-15 13:48:35,406 reid_baseline.train INFO: Epoch[83] Iteration[160/186] loss_total: 1.199, loss_id: 1.063, loss_triplet: 0.031, loss_camera_triplet: 0.000, loss_cross_camera_positive: 0.242, loss_pcc: 0.330, cross_camera_positive_count: 62.2, Acc: 1.000, Base Lr: 3.50e-06
2026-08-15 13:48:35,406 reid_baseline.train INFO: Soft Alignment Batch - Epoch: 83 Iteration: 160 soft_alignment_loss: 0.323743 valid_alignment_pair_count: 64 mean_soft_path_cost: 3.561175 alignment_temperature: 0.1
2026-08-15 13:48:38,058 reid_baseline.train INFO: Epoch[83] Iteration[180/186] loss_total: 1.203, loss_id: 1.066, loss_triplet: 0.031, loss_camera_triplet: 0.000, loss_cross_camera_positive: 0.242, loss_pcc: 0.331, cross_camera_positive_count: 62.4, Acc: 1.000, Base Lr: 3.50e-06
2026-08-15 13:48:38,058 reid_baseline.train INFO: Soft Alignment Batch - Epoch: 83 Iteration: 180 soft_alignment_loss: 0.337773 valid_alignment_pair_count: 73 mean_soft_path_cost: 3.715498 alignment_temperature: 0.1
2026-08-15 13:48:38,853 reid_baseline.train INFO: EPOCH_EVIDENCE epoch=83 global_iteration=15438 epoch_length=186
2026-08-15 13:48:38,853 reid_baseline.train INFO: Soft Alignment Epoch Summary - Epoch: 83 soft_alignment_loss: 0.336353 valid_alignment_pair_count: 13758 mean_soft_path_cost: 3.699880 alignment_temperature: 0.1
2026-08-15 13:48:38,853 reid_baseline.train INFO: Epoch 83 done. Time per batch: 24.030[s] Speed: 495.4[samples/s]
2026-08-15 13:48:38,853 reid_baseline.train INFO: ----------
2026-08-15 13:48:41,442 reid_baseline.train INFO: Epoch[84] Iteration[20/186] loss_total: 1.200, loss_id: 1.065, loss_triplet: 0.028, loss_camera_triplet: 0.000, loss_cross_camera_positive: 0.245, loss_pcc: 0.335, cross_camera_positive_count: 62.6, Acc: 0.999, Base Lr: 3.50e-06
2026-08-15 13:48:41,442 reid_baseline.train INFO: Soft Alignment Batch - Epoch: 84 Iteration: 20 soft_alignment_loss: 0.341326 valid_alignment_pair_count: 77 mean_soft_path_cost: 3.754587 alignment_temperature: 0.1
2026-08-15 13:48:44,085 reid_baseline.train INFO: Epoch[84] Iteration[40/186] loss_total: 1.203, loss_id: 1.065, loss_triplet: 0.030, loss_camera_triplet: 0.000, loss_cross_camera_positive: 0.247, loss_pcc: 0.337, cross_camera_positive_count: 62.5, Acc: 0.999, Base Lr: 3.50e-06
2026-08-15 13:48:44,085 reid_baseline.train INFO: Soft Alignment Batch - Epoch: 84 Iteration: 40 soft_alignment_loss: 0.349458 valid_alignment_pair_count: 82 mean_soft_path_cost: 3.844042 alignment_temperature: 0.1
2026-08-15 13:48:46,719 reid_baseline.train INFO: Epoch[84] Iteration[60/186] loss_total: 1.208, loss_id: 1.067, loss_triplet: 0.033, loss_camera_triplet: 0.000, loss_cross_camera_positive: 0.248, loss_pcc: 0.339, cross_camera_positive_count: 62.3, Acc: 0.999, Base Lr: 3.50e-06
2026-08-15 13:48:46,720 reid_baseline.train INFO: Soft Alignment Batch - Epoch: 84 Iteration: 60 soft_alignment_loss: 0.349624 valid_alignment_pair_count: 78 mean_soft_path_cost: 3.845859 alignment_temperature: 0.1
2026-08-15 13:48:49,366 reid_baseline.train INFO: Epoch[84] Iteration[80/186] loss_total: 1.204, loss_id: 1.064, loss_triplet: 0.031, loss_camera_triplet: 0.000, loss_cross_camera_positive: 0.248, loss_pcc: 0.339, cross_camera_positive_count: 62.7, Acc: 0.999, Base Lr: 3.50e-06
2026-08-15 13:48:49,366 reid_baseline.train INFO: Soft Alignment Batch - Epoch: 84 Iteration: 80 soft_alignment_loss: 0.350958 valid_alignment_pair_count: 71 mean_soft_path_cost: 3.860534 alignment_temperature: 0.1
2026-08-15 13:48:52,008 reid_baseline.train INFO: Epoch[84] Iteration[100/186] loss_total: 1.198, loss_id: 1.061, loss_triplet: 0.029, loss_camera_triplet: 0.000, loss_cross_camera_positive: 0.247, loss_pcc: 0.338, cross_camera_positive_count: 62.7, Acc: 1.000, Base Lr: 3.50e-06
2026-08-15 13:48:52,008 reid_baseline.train INFO: Soft Alignment Batch - Epoch: 84 Iteration: 100 soft_alignment_loss: 0.331774 valid_alignment_pair_count: 72 mean_soft_path_cost: 3.649512 alignment_temperature: 0.1
2026-08-15 13:48:54,648 reid_baseline.train INFO: Epoch[84] Iteration[120/186] loss_total: 1.194, loss_id: 1.058, loss_triplet: 0.029, loss_camera_triplet: 0.000, loss_cross_camera_positive: 0.245, loss_pcc: 0.335, cross_camera_positive_count: 62.8, Acc: 0.999, Base Lr: 3.50e-06
2026-08-15 13:48:54,648 reid_baseline.train INFO: Soft Alignment Batch - Epoch: 84 Iteration: 120 soft_alignment_loss: 0.324162 valid_alignment_pair_count: 68 mean_soft_path_cost: 3.565779 alignment_temperature: 0.1
2026-08-15 13:48:57,302 reid_baseline.train INFO: Epoch[84] Iteration[140/186] loss_total: 1.185, loss_id: 1.054, loss_triplet: 0.025, loss_camera_triplet: 0.000, loss_cross_camera_positive: 0.242, loss_pcc: 0.331, cross_camera_positive_count: 62.1, Acc: 1.000, Base Lr: 3.50e-06
2026-08-15 13:48:57,302 reid_baseline.train INFO: Soft Alignment Batch - Epoch: 84 Iteration: 140 soft_alignment_loss: 0.308384 valid_alignment_pair_count: 65 mean_soft_path_cost: 3.392220 alignment_temperature: 0.1
2026-08-15 13:49:00,537 reid_baseline.train INFO: Epoch[84] Iteration[160/186] loss_total: 1.199, loss_id: 1.063, loss_triplet: 0.030, loss_camera_triplet: 0.000, loss_cross_camera_positive: 0.242, loss_pcc: 0.328, cross_camera_positive_count: 62.3, Acc: 0.999, Base Lr: 3.50e-06
2026-08-15 13:49:00,538 reid_baseline.train INFO: Soft Alignment Batch - Epoch: 84 Iteration: 160 soft_alignment_loss: 0.325880 valid_alignment_pair_count: 79 mean_soft_path_cost: 3.584684 alignment_temperature: 0.1
2026-08-15 13:49:03,252 reid_baseline.train INFO: Epoch[84] Iteration[180/186] loss_total: 1.207, loss_id: 1.069, loss_triplet: 0.032, loss_camera_triplet: 0.000, loss_cross_camera_positive: 0.244, loss_pcc: 0.331, cross_camera_positive_count: 62.2, Acc: 0.999, Base Lr: 3.50e-06
2026-08-15 13:49:03,252 reid_baseline.train INFO: Soft Alignment Batch - Epoch: 84 Iteration: 180 soft_alignment_loss: 0.355720 valid_alignment_pair_count: 65 mean_soft_path_cost: 3.912920 alignment_temperature: 0.1
2026-08-15 13:49:04,091 reid_baseline.train INFO: EPOCH_EVIDENCE epoch=84 global_iteration=15624 epoch_length=186
2026-08-15 13:49:04,091 reid_baseline.train INFO: Soft Alignment Epoch Summary - Epoch: 84 soft_alignment_loss: 0.334841 valid_alignment_pair_count: 13719 mean_soft_path_cost: 3.683246 alignment_temperature: 0.1
2026-08-15 13:49:04,091 reid_baseline.train INFO: Epoch 84 done. Time per batch: 23.660[s] Speed: 503.1[samples/s]
2026-08-15 13:49:04,091 reid_baseline.train INFO: ----------
2026-08-15 13:49:06,777 reid_baseline.train INFO: Epoch[85] Iteration[20/186] loss_total: 1.209, loss_id: 1.068, loss_triplet: 0.032, loss_camera_triplet: 0.000, loss_cross_camera_positive: 0.249, loss_pcc: 0.337, cross_camera_positive_count: 62.3, Acc: 0.999, Base Lr: 3.50e-06
2026-08-15 13:49:06,777 reid_baseline.train INFO: Soft Alignment Batch - Epoch: 85 Iteration: 20 soft_alignment_loss: 0.348105 valid_alignment_pair_count: 76 mean_soft_path_cost: 3.829155 alignment_temperature: 0.1
2026-08-15 13:49:09,519 reid_baseline.train INFO: Epoch[85] Iteration[40/186] loss_total: 1.209, loss_id: 1.068, loss_triplet: 0.032, loss_camera_triplet: 0.000, loss_cross_camera_positive: 0.250, loss_pcc: 0.340, cross_camera_positive_count: 62.4, Acc: 0.999, Base Lr: 3.50e-06
2026-08-15 13:49:09,520 reid_baseline.train INFO: Soft Alignment Batch - Epoch: 85 Iteration: 40 soft_alignment_loss: 0.359376 valid_alignment_pair_count: 81 mean_soft_path_cost: 3.953135 alignment_temperature: 0.1
2026-08-15 13:49:12,231 reid_baseline.train INFO: Epoch[85] Iteration[60/186] loss_total: 1.207, loss_id: 1.066, loss_triplet: 0.032, loss_camera_triplet: 0.000, loss_cross_camera_positive: 0.251, loss_pcc: 0.340, cross_camera_positive_count: 62.5, Acc: 0.999, Base Lr: 3.50e-06
2026-08-15 13:49:12,231 reid_baseline.train INFO: Soft Alignment Batch - Epoch: 85 Iteration: 60 soft_alignment_loss: 0.351334 valid_alignment_pair_count: 74 mean_soft_path_cost: 3.864674 alignment_temperature: 0.1
2026-08-15 13:49:14,972 reid_baseline.train INFO: Epoch[85] Iteration[80/186] loss_total: 1.200, loss_id: 1.062, loss_triplet: 0.028, loss_camera_triplet: 0.000, loss_cross_camera_positive: 0.249, loss_pcc: 0.339, cross_camera_positive_count: 62.6, Acc: 0.999, Base Lr: 3.50e-06
2026-08-15 13:49:14,972 reid_baseline.train INFO: Soft Alignment Batch - Epoch: 85 Iteration: 80 soft_alignment_loss: 0.329084 valid_alignment_pair_count: 70 mean_soft_path_cost: 3.619920 alignment_temperature: 0.1
2026-08-15 13:49:17,754 reid_baseline.train INFO: Epoch[85] Iteration[100/186] loss_total: 1.192, loss_id: 1.059, loss_triplet: 0.026, loss_camera_triplet: 0.000, loss_cross_camera_positive: 0.245, loss_pcc: 0.337, cross_camera_positive_count: 62.5, Acc: 1.000, Base Lr: 3.50e-06
2026-08-15 13:49:17,755 reid_baseline.train INFO: Soft Alignment Batch - Epoch: 85 Iteration: 100 soft_alignment_loss: 0.335760 valid_alignment_pair_count: 80 mean_soft_path_cost: 3.693362 alignment_temperature: 0.1
2026-08-15 13:49:20,477 reid_baseline.train INFO: Epoch[85] Iteration[120/186] loss_total: 1.191, loss_id: 1.056, loss_triplet: 0.028, loss_camera_triplet: 0.000, loss_cross_camera_positive: 0.243, loss_pcc: 0.333, cross_camera_positive_count: 62.4, Acc: 1.000, Base Lr: 3.50e-06
2026-08-15 13:49:20,477 reid_baseline.train INFO: Soft Alignment Batch - Epoch: 85 Iteration: 120 soft_alignment_loss: 0.327248 valid_alignment_pair_count: 68 mean_soft_path_cost: 3.599727 alignment_temperature: 0.1
2026-08-15 13:49:23,746 reid_baseline.train INFO: Epoch[85] Iteration[140/186] loss_total: 1.183, loss_id: 1.054, loss_triplet: 0.025, loss_camera_triplet: 0.000, loss_cross_camera_positive: 0.240, loss_pcc: 0.329, cross_camera_positive_count: 62.3, Acc: 1.000, Base Lr: 3.50e-06
2026-08-15 13:49:23,746 reid_baseline.train INFO: Soft Alignment Batch - Epoch: 85 Iteration: 140 soft_alignment_loss: 0.304487 valid_alignment_pair_count: 77 mean_soft_path_cost: 3.349360 alignment_temperature: 0.1
2026-08-15 13:49:26,468 reid_baseline.train INFO: Epoch[85] Iteration[160/186] loss_total: 1.205, loss_id: 1.068, loss_triplet: 0.032, loss_camera_triplet: 0.000, loss_cross_camera_positive: 0.242, loss_pcc: 0.329, cross_camera_positive_count: 62.1, Acc: 1.000, Base Lr: 3.50e-06
2026-08-15 13:49:26,468 reid_baseline.train INFO: Soft Alignment Batch - Epoch: 85 Iteration: 160 soft_alignment_loss: 0.324253 valid_alignment_pair_count: 73 mean_soft_path_cost: 3.566781 alignment_temperature: 0.1
2026-08-15 13:49:29,212 reid_baseline.train INFO: Epoch[85] Iteration[180/186] loss_total: 1.205, loss_id: 1.068, loss_triplet: 0.031, loss_camera_triplet: 0.000, loss_cross_camera_positive: 0.243, loss_pcc: 0.332, cross_camera_positive_count: 62.5, Acc: 0.999, Base Lr: 3.50e-06
2026-08-15 13:49:29,212 reid_baseline.train INFO: Soft Alignment Batch - Epoch: 85 Iteration: 180 soft_alignment_loss: 0.341451 valid_alignment_pair_count: 72 mean_soft_path_cost: 3.755961 alignment_temperature: 0.1
2026-08-15 13:49:30,034 reid_baseline.train INFO: EPOCH_EVIDENCE epoch=85 global_iteration=15810 epoch_length=186
2026-08-15 13:49:30,035 reid_baseline.train INFO: Soft Alignment Epoch Summary - Epoch: 85 soft_alignment_loss: 0.335477 valid_alignment_pair_count: 13763 mean_soft_path_cost: 3.690246 alignment_temperature: 0.1
2026-08-15 13:49:30,035 reid_baseline.train INFO: Epoch 85 done. Time per batch: 24.339[s] Speed: 489.1[samples/s]
2026-08-15 13:49:30,035 reid_baseline.train INFO: ----------
2026-08-15 13:49:32,750 reid_baseline.train INFO: Epoch[86] Iteration[20/186] loss_total: 1.208, loss_id: 1.067, loss_triplet: 0.032, loss_camera_triplet: 0.000, loss_cross_camera_positive: 0.248, loss_pcc: 0.338, cross_camera_positive_count: 62.2, Acc: 0.999, Base Lr: 3.50e-06
2026-08-15 13:49:32,750 reid_baseline.train INFO: Soft Alignment Batch - Epoch: 86 Iteration: 20 soft_alignment_loss: 0.356947 valid_alignment_pair_count: 74 mean_soft_path_cost: 3.926414 alignment_temperature: 0.1
2026-08-15 13:49:35,474 reid_baseline.train INFO: Epoch[86] Iteration[40/186] loss_total: 1.207, loss_id: 1.066, loss_triplet: 0.033, loss_camera_triplet: 0.000, loss_cross_camera_positive: 0.249, loss_pcc: 0.340, cross_camera_positive_count: 62.7, Acc: 0.999, Base Lr: 3.50e-06
2026-08-15 13:49:35,474 reid_baseline.train INFO: Soft Alignment Batch - Epoch: 86 Iteration: 40 soft_alignment_loss: 0.345694 valid_alignment_pair_count: 76 mean_soft_path_cost: 3.802637 alignment_temperature: 0.1
2026-08-15 13:49:38,217 reid_baseline.train INFO: Epoch[86] Iteration[60/186] loss_total: 1.207, loss_id: 1.064, loss_triplet: 0.034, loss_camera_triplet: 0.000, loss_cross_camera_positive: 0.250, loss_pcc: 0.341, cross_camera_positive_count: 62.9, Acc: 0.999, Base Lr: 3.50e-06
2026-08-15 13:49:38,217 reid_baseline.train INFO: Soft Alignment Batch - Epoch: 86 Iteration: 60 soft_alignment_loss: 0.329043 valid_alignment_pair_count: 68 mean_soft_path_cost: 3.619468 alignment_temperature: 0.1
2026-08-15 13:49:40,963 reid_baseline.train INFO: Epoch[86] Iteration[80/186] loss_total: 1.204, loss_id: 1.063, loss_triplet: 0.033, loss_camera_triplet: 0.000, loss_cross_camera_positive: 0.250, loss_pcc: 0.340, cross_camera_positive_count: 62.5, Acc: 1.000, Base Lr: 3.50e-06
2026-08-15 13:49:40,963 reid_baseline.train INFO: Soft Alignment Batch - Epoch: 86 Iteration: 80 soft_alignment_loss: 0.335844 valid_alignment_pair_count: 73 mean_soft_path_cost: 3.694280 alignment_temperature: 0.1
2026-08-15 13:49:43,713 reid_baseline.train INFO: Epoch[86] Iteration[100/186] loss_total: 1.199, loss_id: 1.060, loss_triplet: 0.031, loss_camera_triplet: 0.000, loss_cross_camera_positive: 0.248, loss_pcc: 0.337, cross_camera_positive_count: 62.5, Acc: 1.000, Base Lr: 3.50e-06
2026-08-15 13:49:43,713 reid_baseline.train INFO: Soft Alignment Batch - Epoch: 86 Iteration: 100 soft_alignment_loss: 0.338401 valid_alignment_pair_count: 84 mean_soft_path_cost: 3.722411 alignment_temperature: 0.1
2026-08-15 13:49:46,453 reid_baseline.train INFO: Epoch[86] Iteration[120/186] loss_total: 1.193, loss_id: 1.058, loss_triplet: 0.028, loss_camera_triplet: 0.000, loss_cross_camera_positive: 0.246, loss_pcc: 0.336, cross_camera_positive_count: 62.6, Acc: 0.999, Base Lr: 3.50e-06
2026-08-15 13:49:46,453 reid_baseline.train INFO: Soft Alignment Batch - Epoch: 86 Iteration: 120 soft_alignment_loss: 0.334282 valid_alignment_pair_count: 71 mean_soft_path_cost: 3.677098 alignment_temperature: 0.1
2026-08-15 13:49:49,639 reid_baseline.train INFO: Epoch[86] Iteration[140/186] loss_total: 1.192, loss_id: 1.059, loss_triplet: 0.027, loss_camera_triplet: 0.000, loss_cross_camera_positive: 0.243, loss_pcc: 0.332, cross_camera_positive_count: 62.5, Acc: 0.999, Base Lr: 3.50e-06
2026-08-15 13:49:49,639 reid_baseline.train INFO: Soft Alignment Batch - Epoch: 86 Iteration: 140 soft_alignment_loss: 0.314969 valid_alignment_pair_count: 76 mean_soft_path_cost: 3.464658 alignment_temperature: 0.1
2026-08-15 13:49:52,378 reid_baseline.train INFO: Epoch[86] Iteration[160/186] loss_total: 1.206, loss_id: 1.068, loss_triplet: 0.031, loss_camera_triplet: 0.000, loss_cross_camera_positive: 0.246, loss_pcc: 0.333, cross_camera_positive_count: 62.7, Acc: 1.000, Base Lr: 3.50e-06
2026-08-15 13:49:52,378 reid_baseline.train INFO: Soft Alignment Batch - Epoch: 86 Iteration: 160 soft_alignment_loss: 0.357446 valid_alignment_pair_count: 67 mean_soft_path_cost: 3.931911 alignment_temperature: 0.1
2026-08-15 13:49:55,096 reid_baseline.train INFO: Epoch[86] Iteration[180/186] loss_total: 1.207, loss_id: 1.068, loss_triplet: 0.032, loss_camera_triplet: 0.000, loss_cross_camera_positive: 0.248, loss_pcc: 0.338, cross_camera_positive_count: 62.8, Acc: 0.999, Base Lr: 3.50e-06
2026-08-15 13:49:55,096 reid_baseline.train INFO: Soft Alignment Batch - Epoch: 86 Iteration: 180 soft_alignment_loss: 0.341689 valid_alignment_pair_count: 80 mean_soft_path_cost: 3.758575 alignment_temperature: 0.1
2026-08-15 13:49:55,914 reid_baseline.train INFO: EPOCH_EVIDENCE epoch=86 global_iteration=15996 epoch_length=186
2026-08-15 13:49:55,915 reid_baseline.train INFO: Soft Alignment Epoch Summary - Epoch: 86 soft_alignment_loss: 0.338329 valid_alignment_pair_count: 13756 mean_soft_path_cost: 3.721617 alignment_temperature: 0.1
2026-08-15 13:49:55,915 reid_baseline.train INFO: Epoch 86 done. Time per batch: 24.363[s] Speed: 488.6[samples/s]
2026-08-15 13:49:55,915 reid_baseline.train INFO: ----------
2026-08-15 13:49:58,641 reid_baseline.train INFO: Epoch[87] Iteration[20/186] loss_total: 1.207, loss_id: 1.065, loss_triplet: 0.032, loss_camera_triplet: 0.000, loss_cross_camera_positive: 0.251, loss_pcc: 0.342, cross_camera_positive_count: 62.3, Acc: 0.999, Base Lr: 3.50e-06
2026-08-15 13:49:58,642 reid_baseline.train INFO: Soft Alignment Batch - Epoch: 87 Iteration: 20 soft_alignment_loss: 0.333851 valid_alignment_pair_count: 73 mean_soft_path_cost: 3.672361 alignment_temperature: 0.1
2026-08-15 13:50:01,371 reid_baseline.train INFO: Epoch[87] Iteration[40/186] loss_total: 1.203, loss_id: 1.063, loss_triplet: 0.031, loss_camera_triplet: 0.000, loss_cross_camera_positive: 0.251, loss_pcc: 0.343, cross_camera_positive_count: 62.5, Acc: 1.000, Base Lr: 3.50e-06
2026-08-15 13:50:01,371 reid_baseline.train INFO: Soft Alignment Batch - Epoch: 87 Iteration: 40 soft_alignment_loss: 0.348785 valid_alignment_pair_count: 72 mean_soft_path_cost: 3.836636 alignment_temperature: 0.1
2026-08-15 13:50:04,109 reid_baseline.train INFO: Epoch[87] Iteration[60/186] loss_total: 1.201, loss_id: 1.062, loss_triplet: 0.031, loss_camera_triplet: 0.000, loss_cross_camera_positive: 0.250, loss_pcc: 0.342, cross_camera_positive_count: 62.7, Acc: 1.000, Base Lr: 3.50e-06
2026-08-15 13:50:04,109 reid_baseline.train INFO: Soft Alignment Batch - Epoch: 87 Iteration: 60 soft_alignment_loss: 0.339107 valid_alignment_pair_count: 74 mean_soft_path_cost: 3.730180 alignment_temperature: 0.1
2026-08-15 13:50:06,856 reid_baseline.train INFO: Epoch[87] Iteration[80/186] loss_total: 1.202, loss_id: 1.061, loss_triplet: 0.033, loss_camera_triplet: 0.000, loss_cross_camera_positive: 0.250, loss_pcc: 0.340, cross_camera_positive_count: 62.6, Acc: 1.000, Base Lr: 3.50e-06
2026-08-15 13:50:06,856 reid_baseline.train INFO: Soft Alignment Batch - Epoch: 87 Iteration: 80 soft_alignment_loss: 0.331620 valid_alignment_pair_count: 75 mean_soft_path_cost: 3.647824 alignment_temperature: 0.1
2026-08-15 13:50:09,599 reid_baseline.train INFO: Epoch[87] Iteration[100/186] loss_total: 1.201, loss_id: 1.060, loss_triplet: 0.033, loss_camera_triplet: 0.000, loss_cross_camera_positive: 0.249, loss_pcc: 0.339, cross_camera_positive_count: 62.7, Acc: 1.000, Base Lr: 3.50e-06
2026-08-15 13:50:09,599 reid_baseline.train INFO: Soft Alignment Batch - Epoch: 87 Iteration: 100 soft_alignment_loss: 0.332823 valid_alignment_pair_count: 76 mean_soft_path_cost: 3.661053 alignment_temperature: 0.1
2026-08-15 13:50:12,341 reid_baseline.train INFO: Epoch[87] Iteration[120/186] loss_total: 1.194, loss_id: 1.057, loss_triplet: 0.029, loss_camera_triplet: 0.000, loss_cross_camera_positive: 0.246, loss_pcc: 0.336, cross_camera_positive_count: 62.5, Acc: 1.000, Base Lr: 3.50e-06
2026-08-15 13:50:12,341 reid_baseline.train INFO: Soft Alignment Batch - Epoch: 87 Iteration: 120 soft_alignment_loss: 0.321654 valid_alignment_pair_count: 79 mean_soft_path_cost: 3.538193 alignment_temperature: 0.1
2026-08-15 13:50:15,700 reid_baseline.train INFO: Epoch[87] Iteration[140/186] loss_total: 1.198, loss_id: 1.061, loss_triplet: 0.031, loss_camera_triplet: 0.000, loss_cross_camera_positive: 0.244, loss_pcc: 0.332, cross_camera_positive_count: 62.8, Acc: 1.000, Base Lr: 3.50e-06
2026-08-15 13:50:15,700 reid_baseline.train INFO: Soft Alignment Batch - Epoch: 87 Iteration: 140 soft_alignment_loss: 0.326571 valid_alignment_pair_count: 86 mean_soft_path_cost: 3.592279 alignment_temperature: 0.1
2026-08-15 13:50:18,457 reid_baseline.train INFO: Epoch[87] Iteration[160/186] loss_total: 1.205, loss_id: 1.066, loss_triplet: 0.033, loss_camera_triplet: 0.000, loss_cross_camera_positive: 0.244, loss_pcc: 0.332, cross_camera_positive_count: 62.5, Acc: 1.000, Base Lr: 3.50e-06
2026-08-15 13:50:18,457 reid_baseline.train INFO: Soft Alignment Batch - Epoch: 87 Iteration: 160 soft_alignment_loss: 0.333108 valid_alignment_pair_count: 84 mean_soft_path_cost: 3.664188 alignment_temperature: 0.1
2026-08-15 13:50:21,201 reid_baseline.train INFO: Epoch[87] Iteration[180/186] loss_total: 1.204, loss_id: 1.066, loss_triplet: 0.032, loss_camera_triplet: 0.000, loss_cross_camera_positive: 0.245, loss_pcc: 0.334, cross_camera_positive_count: 62.7, Acc: 0.999, Base Lr: 3.50e-06
2026-08-15 13:50:21,201 reid_baseline.train INFO: Soft Alignment Batch - Epoch: 87 Iteration: 180 soft_alignment_loss: 0.345345 valid_alignment_pair_count: 76 mean_soft_path_cost: 3.798798 alignment_temperature: 0.1
2026-08-15 13:50:22,019 reid_baseline.train INFO: EPOCH_EVIDENCE epoch=87 global_iteration=16182 epoch_length=186
2026-08-15 13:50:22,020 reid_baseline.train INFO: Soft Alignment Epoch Summary - Epoch: 87 soft_alignment_loss: 0.337212 valid_alignment_pair_count: 13683 mean_soft_path_cost: 3.709333 alignment_temperature: 0.1
2026-08-15 13:50:22,020 reid_baseline.train INFO: Epoch 87 done. Time per batch: 24.412[s] Speed: 487.6[samples/s]
2026-08-15 13:50:22,020 reid_baseline.train INFO: ----------
2026-08-15 13:50:24,759 reid_baseline.train INFO: Epoch[88] Iteration[20/186] loss_total: 1.207, loss_id: 1.066, loss_triplet: 0.032, loss_camera_triplet: 0.000, loss_cross_camera_positive: 0.248, loss_pcc: 0.338, cross_camera_positive_count: 62.8, Acc: 0.999, Base Lr: 3.50e-06
2026-08-15 13:50:24,759 reid_baseline.train INFO: Soft Alignment Batch - Epoch: 88 Iteration: 20 soft_alignment_loss: 0.338267 valid_alignment_pair_count: 79 mean_soft_path_cost: 3.720942 alignment_temperature: 0.1
2026-08-15 13:50:27,493 reid_baseline.train INFO: Epoch[88] Iteration[40/186] loss_total: 1.205, loss_id: 1.064, loss_triplet: 0.032, loss_camera_triplet: 0.000, loss_cross_camera_positive: 0.250, loss_pcc: 0.340, cross_camera_positive_count: 63.0, Acc: 0.999, Base Lr: 3.50e-06
2026-08-15 13:50:27,493 reid_baseline.train INFO: Soft Alignment Batch - Epoch: 88 Iteration: 40 soft_alignment_loss: 0.344155 valid_alignment_pair_count: 77 mean_soft_path_cost: 3.785706 alignment_temperature: 0.1
2026-08-15 13:50:30,233 reid_baseline.train INFO: Epoch[88] Iteration[60/186] loss_total: 1.202, loss_id: 1.062, loss_triplet: 0.031, loss_camera_triplet: 0.000, loss_cross_camera_positive: 0.249, loss_pcc: 0.340, cross_camera_positive_count: 62.9, Acc: 0.999, Base Lr: 3.50e-06
2026-08-15 13:50:30,233 reid_baseline.train INFO: Soft Alignment Batch - Epoch: 88 Iteration: 60 soft_alignment_loss: 0.327194 valid_alignment_pair_count: 72 mean_soft_path_cost: 3.599139 alignment_temperature: 0.1
2026-08-15 13:50:32,947 reid_baseline.train INFO: Epoch[88] Iteration[80/186] loss_total: 1.197, loss_id: 1.059, loss_triplet: 0.030, loss_camera_triplet: 0.000, loss_cross_camera_positive: 0.247, loss_pcc: 0.338, cross_camera_positive_count: 62.7, Acc: 0.999, Base Lr: 3.50e-06
2026-08-15 13:50:32,948 reid_baseline.train INFO: Soft Alignment Batch - Epoch: 88 Iteration: 80 soft_alignment_loss: 0.332501 valid_alignment_pair_count: 74 mean_soft_path_cost: 3.657513 alignment_temperature: 0.1
2026-08-15 13:50:35,683 reid_baseline.train INFO: Epoch[88] Iteration[100/186] loss_total: 1.192, loss_id: 1.057, loss_triplet: 0.028, loss_camera_triplet: 0.000, loss_cross_camera_positive: 0.245, loss_pcc: 0.336, cross_camera_positive_count: 62.6, Acc: 1.000, Base Lr: 3.50e-06
2026-08-15 13:50:35,683 reid_baseline.train INFO: Soft Alignment Batch - Epoch: 88 Iteration: 100 soft_alignment_loss: 0.328860 valid_alignment_pair_count: 78 mean_soft_path_cost: 3.617461 alignment_temperature: 0.1
2026-08-15 13:50:38,431 reid_baseline.train INFO: Epoch[88] Iteration[120/186] loss_total: 1.186, loss_id: 1.055, loss_triplet: 0.025, loss_camera_triplet: 0.000, loss_cross_camera_positive: 0.242, loss_pcc: 0.332, cross_camera_positive_count: 62.6, Acc: 1.000, Base Lr: 3.50e-06
2026-08-15 13:50:38,431 reid_baseline.train INFO: Soft Alignment Batch - Epoch: 88 Iteration: 120 soft_alignment_loss: 0.322347 valid_alignment_pair_count: 79 mean_soft_path_cost: 3.545811 alignment_temperature: 0.1
2026-08-15 13:50:41,674 reid_baseline.train INFO: Epoch[88] Iteration[140/186] loss_total: 1.193, loss_id: 1.060, loss_triplet: 0.028, loss_camera_triplet: 0.000, loss_cross_camera_positive: 0.240, loss_pcc: 0.328, cross_camera_positive_count: 62.5, Acc: 0.999, Base Lr: 3.50e-06
2026-08-15 13:50:41,674 reid_baseline.train INFO: Soft Alignment Batch - Epoch: 88 Iteration: 140 soft_alignment_loss: 0.323663 valid_alignment_pair_count: 71 mean_soft_path_cost: 3.560289 alignment_temperature: 0.1
2026-08-15 13:50:44,392 reid_baseline.train INFO: Epoch[88] Iteration[160/186] loss_total: 1.202, loss_id: 1.066, loss_triplet: 0.030, loss_camera_triplet: 0.000, loss_cross_camera_positive: 0.242, loss_pcc: 0.330, cross_camera_positive_count: 62.3, Acc: 0.999, Base Lr: 3.50e-06
2026-08-15 13:50:44,393 reid_baseline.train INFO: Soft Alignment Batch - Epoch: 88 Iteration: 160 soft_alignment_loss: 0.345531 valid_alignment_pair_count: 79 mean_soft_path_cost: 3.800841 alignment_temperature: 0.1
2026-08-15 13:50:47,108 reid_baseline.train INFO: Epoch[88] Iteration[180/186] loss_total: 1.205, loss_id: 1.067, loss_triplet: 0.031, loss_camera_triplet: 0.000, loss_cross_camera_positive: 0.244, loss_pcc: 0.333, cross_camera_positive_count: 62.5, Acc: 0.999, Base Lr: 3.50e-06
2026-08-15 13:50:47,108 reid_baseline.train INFO: Soft Alignment Batch - Epoch: 88 Iteration: 180 soft_alignment_loss: 0.346337 valid_alignment_pair_count: 72 mean_soft_path_cost: 3.809705 alignment_temperature: 0.1
2026-08-15 13:50:47,925 reid_baseline.train INFO: EPOCH_EVIDENCE epoch=88 global_iteration=16368 epoch_length=186
2026-08-15 13:50:47,925 reid_baseline.train INFO: Soft Alignment Epoch Summary - Epoch: 88 soft_alignment_loss: 0.335092 valid_alignment_pair_count: 13840 mean_soft_path_cost: 3.686012 alignment_temperature: 0.1
2026-08-15 13:50:47,925 reid_baseline.train INFO: Epoch 88 done. Time per batch: 24.301[s] Speed: 489.9[samples/s]
2026-08-15 13:50:47,925 reid_baseline.train INFO: ----------
2026-08-15 13:50:50,660 reid_baseline.train INFO: Epoch[89] Iteration[20/186] loss_total: 1.205, loss_id: 1.066, loss_triplet: 0.031, loss_camera_triplet: 0.000, loss_cross_camera_positive: 0.248, loss_pcc: 0.339, cross_camera_positive_count: 62.5, Acc: 1.000, Base Lr: 3.50e-06
2026-08-15 13:50:50,660 reid_baseline.train INFO: Soft Alignment Batch - Epoch: 89 Iteration: 20 soft_alignment_loss: 0.342088 valid_alignment_pair_count: 69 mean_soft_path_cost: 3.762967 alignment_temperature: 0.1
2026-08-15 13:50:53,404 reid_baseline.train INFO: Epoch[89] Iteration[40/186] loss_total: 1.207, loss_id: 1.067, loss_triplet: 0.032, loss_camera_triplet: 0.000, loss_cross_camera_positive: 0.249, loss_pcc: 0.339, cross_camera_positive_count: 62.7, Acc: 0.999, Base Lr: 3.50e-06
2026-08-15 13:50:53,404 reid_baseline.train INFO: Soft Alignment Batch - Epoch: 89 Iteration: 40 soft_alignment_loss: 0.337112 valid_alignment_pair_count: 78 mean_soft_path_cost: 3.708228 alignment_temperature: 0.1
2026-08-15 13:50:56,111 reid_baseline.train INFO: Epoch[89] Iteration[60/186] loss_total: 1.207, loss_id: 1.065, loss_triplet: 0.032, loss_camera_triplet: 0.000, loss_cross_camera_positive: 0.251, loss_pcc: 0.340, cross_camera_positive_count: 63.0, Acc: 0.999, Base Lr: 3.50e-06
2026-08-15 13:50:56,111 reid_baseline.train INFO: Soft Alignment Batch - Epoch: 89 Iteration: 60 soft_alignment_loss: 0.356024 valid_alignment_pair_count: 73 mean_soft_path_cost: 3.916265 alignment_temperature: 0.1
2026-08-15 13:50:58,824 reid_baseline.train INFO: Epoch[89] Iteration[80/186] loss_total: 1.202, loss_id: 1.062, loss_triplet: 0.031, loss_camera_triplet: 0.000, loss_cross_camera_positive: 0.249, loss_pcc: 0.339, cross_camera_positive_count: 62.8, Acc: 1.000, Base Lr: 3.50e-06
2026-08-15 13:50:58,824 reid_baseline.train INFO: Soft Alignment Batch - Epoch: 89 Iteration: 80 soft_alignment_loss: 0.340849 valid_alignment_pair_count: 83 mean_soft_path_cost: 3.749344 alignment_temperature: 0.1
2026-08-15 13:51:01,539 reid_baseline.train INFO: Epoch[89] Iteration[100/186] loss_total: 1.196, loss_id: 1.059, loss_triplet: 0.029, loss_camera_triplet: 0.000, loss_cross_camera_positive: 0.246, loss_pcc: 0.336, cross_camera_positive_count: 63.0, Acc: 1.000, Base Lr: 3.50e-06
2026-08-15 13:51:01,539 reid_baseline.train INFO: Soft Alignment Batch - Epoch: 89 Iteration: 100 soft_alignment_loss: 0.318335 valid_alignment_pair_count: 78 mean_soft_path_cost: 3.501686 alignment_temperature: 0.1
2026-08-15 13:51:04,251 reid_baseline.train INFO: Epoch[89] Iteration[120/186] loss_total: 1.189, loss_id: 1.056, loss_triplet: 0.028, loss_camera_triplet: 0.000, loss_cross_camera_positive: 0.243, loss_pcc: 0.333, cross_camera_positive_count: 62.7, Acc: 1.000, Base Lr: 3.50e-06
2026-08-15 13:51:04,251 reid_baseline.train INFO: Soft Alignment Batch - Epoch: 89 Iteration: 120 soft_alignment_loss: 0.328783 valid_alignment_pair_count: 75 mean_soft_path_cost: 3.616611 alignment_temperature: 0.1
2026-08-15 13:51:07,554 reid_baseline.train INFO: Epoch[89] Iteration[140/186] loss_total: 1.199, loss_id: 1.065, loss_triplet: 0.029, loss_camera_triplet: 0.000, loss_cross_camera_positive: 0.242, loss_pcc: 0.329, cross_camera_positive_count: 62.5, Acc: 0.999, Base Lr: 3.50e-06
2026-08-15 13:51:07,554 reid_baseline.train INFO: Soft Alignment Batch - Epoch: 89 Iteration: 140 soft_alignment_loss: 0.333250 valid_alignment_pair_count: 62 mean_soft_path_cost: 3.665752 alignment_temperature: 0.1
2026-08-15 13:51:10,271 reid_baseline.train INFO: Epoch[89] Iteration[160/186] loss_total: 1.210, loss_id: 1.070, loss_triplet: 0.034, loss_camera_triplet: 0.000, loss_cross_camera_positive: 0.244, loss_pcc: 0.331, cross_camera_positive_count: 62.7, Acc: 0.999, Base Lr: 3.50e-06
2026-08-15 13:51:10,271 reid_baseline.train INFO: Soft Alignment Batch - Epoch: 89 Iteration: 160 soft_alignment_loss: 0.342041 valid_alignment_pair_count: 73 mean_soft_path_cost: 3.762454 alignment_temperature: 0.1
2026-08-15 13:51:12,984 reid_baseline.train INFO: Epoch[89] Iteration[180/186] loss_total: 1.210, loss_id: 1.070, loss_triplet: 0.032, loss_camera_triplet: 0.000, loss_cross_camera_positive: 0.246, loss_pcc: 0.335, cross_camera_positive_count: 62.6, Acc: 0.999, Base Lr: 3.50e-06
2026-08-15 13:51:12,984 reid_baseline.train INFO: Soft Alignment Batch - Epoch: 89 Iteration: 180 soft_alignment_loss: 0.351802 valid_alignment_pair_count: 59 mean_soft_path_cost: 3.869819 alignment_temperature: 0.1
2026-08-15 13:51:13,797 reid_baseline.train INFO: EPOCH_EVIDENCE epoch=89 global_iteration=16554 epoch_length=186
2026-08-15 13:51:13,798 reid_baseline.train INFO: Soft Alignment Epoch Summary - Epoch: 89 soft_alignment_loss: 0.336061 valid_alignment_pair_count: 13868 mean_soft_path_cost: 3.696671 alignment_temperature: 0.1
2026-08-15 13:51:13,798 reid_baseline.train INFO: Epoch 89 done. Time per batch: 24.286[s] Speed: 490.2[samples/s]
2026-08-15 13:51:13,798 reid_baseline.train INFO: ----------
2026-08-15 13:51:16,531 reid_baseline.train INFO: Epoch[90] Iteration[20/186] loss_total: 1.212, loss_id: 1.071, loss_triplet: 0.032, loss_camera_triplet: 0.000, loss_cross_camera_positive: 0.250, loss_pcc: 0.340, cross_camera_positive_count: 62.9, Acc: 0.999, Base Lr: 3.50e-06
2026-08-15 13:51:16,531 reid_baseline.train INFO: Soft Alignment Batch - Epoch: 90 Iteration: 20 soft_alignment_loss: 0.340981 valid_alignment_pair_count: 79 mean_soft_path_cost: 3.750790 alignment_temperature: 0.1
2026-08-15 13:51:19,253 reid_baseline.train INFO: Epoch[90] Iteration[40/186] loss_total: 1.206, loss_id: 1.067, loss_triplet: 0.031, loss_camera_triplet: 0.000, loss_cross_camera_positive: 0.250, loss_pcc: 0.341, cross_camera_positive_count: 62.9, Acc: 0.999, Base Lr: 3.50e-06
2026-08-15 13:51:19,253 reid_baseline.train INFO: Soft Alignment Batch - Epoch: 90 Iteration: 40 soft_alignment_loss: 0.341637 valid_alignment_pair_count: 74 mean_soft_path_cost: 3.758008 alignment_temperature: 0.1
2026-08-15 13:51:21,969 reid_baseline.train INFO: Epoch[90] Iteration[60/186] loss_total: 1.204, loss_id: 1.064, loss_triplet: 0.031, loss_camera_triplet: 0.000, loss_cross_camera_positive: 0.250, loss_pcc: 0.340, cross_camera_positive_count: 62.7, Acc: 0.999, Base Lr: 3.50e-06
2026-08-15 13:51:21,969 reid_baseline.train INFO: Soft Alignment Batch - Epoch: 90 Iteration: 60 soft_alignment_loss: 0.333446 valid_alignment_pair_count: 78 mean_soft_path_cost: 3.667904 alignment_temperature: 0.1
2026-08-15 13:51:24,682 reid_baseline.train INFO: Epoch[90] Iteration[80/186] loss_total: 1.196, loss_id: 1.060, loss_triplet: 0.028, loss_camera_triplet: 0.000, loss_cross_camera_positive: 0.247, loss_pcc: 0.337, cross_camera_positive_count: 62.4, Acc: 0.999, Base Lr: 3.50e-06
2026-08-15 13:51:24,682 reid_baseline.train INFO: Soft Alignment Batch - Epoch: 90 Iteration: 80 soft_alignment_loss: 0.321776 valid_alignment_pair_count: 77 mean_soft_path_cost: 3.539534 alignment_temperature: 0.1
2026-08-15 13:51:27,411 reid_baseline.train INFO: Epoch[90] Iteration[100/186] loss_total: 1.191, loss_id: 1.058, loss_triplet: 0.026, loss_camera_triplet: 0.000, loss_cross_camera_positive: 0.243, loss_pcc: 0.333, cross_camera_positive_count: 62.5, Acc: 0.999, Base Lr: 3.50e-06
2026-08-15 13:51:27,411 reid_baseline.train INFO: Soft Alignment Batch - Epoch: 90 Iteration: 100 soft_alignment_loss: 0.314758 valid_alignment_pair_count: 76 mean_soft_path_cost: 3.462333 alignment_temperature: 0.1
2026-08-15 13:51:30,126 reid_baseline.train INFO: Epoch[90] Iteration[120/186] loss_total: 1.184, loss_id: 1.054, loss_triplet: 0.025, loss_camera_triplet: 0.000, loss_cross_camera_positive: 0.240, loss_pcc: 0.329, cross_camera_positive_count: 62.4, Acc: 0.999, Base Lr: 3.50e-06
2026-08-15 13:51:30,127 reid_baseline.train INFO: Soft Alignment Batch - Epoch: 90 Iteration: 120 soft_alignment_loss: 0.322694 valid_alignment_pair_count: 79 mean_soft_path_cost: 3.549638 alignment_temperature: 0.1
2026-08-15 13:51:33,481 reid_baseline.train INFO: Epoch[90] Iteration[140/186] loss_total: 1.196, loss_id: 1.062, loss_triplet: 0.030, loss_camera_triplet: 0.000, loss_cross_camera_positive: 0.239, loss_pcc: 0.326, cross_camera_positive_count: 62.3, Acc: 0.999, Base Lr: 3.50e-06
2026-08-15 13:51:33,481 reid_baseline.train INFO: Soft Alignment Batch - Epoch: 90 Iteration: 140 soft_alignment_loss: 0.334398 valid_alignment_pair_count: 76 mean_soft_path_cost: 3.678380 alignment_temperature: 0.1
2026-08-15 13:51:36,240 reid_baseline.train INFO: Epoch[90] Iteration[160/186] loss_total: 1.205, loss_id: 1.067, loss_triplet: 0.032, loss_camera_triplet: 0.000, loss_cross_camera_positive: 0.243, loss_pcc: 0.330, cross_camera_positive_count: 62.3, Acc: 0.999, Base Lr: 3.50e-06
2026-08-15 13:51:36,240 reid_baseline.train INFO: Soft Alignment Batch - Epoch: 90 Iteration: 160 soft_alignment_loss: 0.335250 valid_alignment_pair_count: 70 mean_soft_path_cost: 3.687748 alignment_temperature: 0.1
2026-08-15 13:51:38,998 reid_baseline.train INFO: Epoch[90] Iteration[180/186] loss_total: 1.210, loss_id: 1.068, loss_triplet: 0.033, loss_camera_triplet: 0.000, loss_cross_camera_positive: 0.249, loss_pcc: 0.336, cross_camera_positive_count: 62.3, Acc: 0.999, Base Lr: 3.50e-06
2026-08-15 13:51:38,999 reid_baseline.train INFO: Soft Alignment Batch - Epoch: 90 Iteration: 180 soft_alignment_loss: 0.353301 valid_alignment_pair_count: 70 mean_soft_path_cost: 3.886312 alignment_temperature: 0.1
2026-08-15 13:51:39,819 reid_baseline.train INFO: EPOCH_EVIDENCE epoch=90 global_iteration=16740 epoch_length=186
2026-08-15 13:51:39,819 reid_baseline.train INFO: Soft Alignment Epoch Summary - Epoch: 90 soft_alignment_loss: 0.335304 valid_alignment_pair_count: 13724 mean_soft_path_cost: 3.688348 alignment_temperature: 0.1
2026-08-15 13:51:39,819 reid_baseline.train INFO: Epoch 90 done. Time per batch: 24.376[s] Speed: 488.4[samples/s]
2026-08-15 13:51:39,819 reid_baseline.train INFO: ----------
2026-08-15 13:51:42,568 reid_baseline.train INFO: Epoch[91] Iteration[20/186] loss_total: 1.207, loss_id: 1.066, loss_triplet: 0.031, loss_camera_triplet: 0.000, loss_cross_camera_positive: 0.252, loss_pcc: 0.340, cross_camera_positive_count: 62.3, Acc: 0.999, Base Lr: 3.50e-06
2026-08-15 13:51:42,568 reid_baseline.train INFO: Soft Alignment Batch - Epoch: 91 Iteration: 20 soft_alignment_loss: 0.348193 valid_alignment_pair_count: 73 mean_soft_path_cost: 3.830121 alignment_temperature: 0.1
2026-08-15 13:51:45,307 reid_baseline.train INFO: Epoch[91] Iteration[40/186] loss_total: 1.200, loss_id: 1.064, loss_triplet: 0.028, loss_camera_triplet: 0.000, loss_cross_camera_positive: 0.249, loss_pcc: 0.341, cross_camera_positive_count: 62.2, Acc: 0.999, Base Lr: 3.50e-06
2026-08-15 13:51:45,307 reid_baseline.train INFO: Soft Alignment Batch - Epoch: 91 Iteration: 40 soft_alignment_loss: 0.341982 valid_alignment_pair_count: 82 mean_soft_path_cost: 3.761797 alignment_temperature: 0.1
2026-08-15 13:51:48,054 reid_baseline.train INFO: Epoch[91] Iteration[60/186] loss_total: 1.199, loss_id: 1.062, loss_triplet: 0.029, loss_camera_triplet: 0.000, loss_cross_camera_positive: 0.249, loss_pcc: 0.340, cross_camera_positive_count: 62.4, Acc: 1.000, Base Lr: 3.50e-06
2026-08-15 13:51:48,054 reid_baseline.train INFO: Soft Alignment Batch - Epoch: 91 Iteration: 60 soft_alignment_loss: 0.345861 valid_alignment_pair_count: 74 mean_soft_path_cost: 3.804469 alignment_temperature: 0.1
2026-08-15 13:51:50,818 reid_baseline.train INFO: Epoch[91] Iteration[80/186] loss_total: 1.195, loss_id: 1.059, loss_triplet: 0.028, loss_camera_triplet: 0.000, loss_cross_camera_positive: 0.247, loss_pcc: 0.338, cross_camera_positive_count: 62.6, Acc: 1.000, Base Lr: 3.50e-06
2026-08-15 13:51:50,819 reid_baseline.train INFO: Soft Alignment Batch - Epoch: 91 Iteration: 80 soft_alignment_loss: 0.339411 valid_alignment_pair_count: 73 mean_soft_path_cost: 3.733521 alignment_temperature: 0.1
2026-08-15 13:51:53,542 reid_baseline.train INFO: Epoch[91] Iteration[100/186] loss_total: 1.193, loss_id: 1.058, loss_triplet: 0.028, loss_camera_triplet: 0.000, loss_cross_camera_positive: 0.244, loss_pcc: 0.335, cross_camera_positive_count: 62.6, Acc: 0.999, Base Lr: 3.50e-06
2026-08-15 13:51:53,542 reid_baseline.train INFO: Soft Alignment Batch - Epoch: 91 Iteration: 100 soft_alignment_loss: 0.314093 valid_alignment_pair_count: 74 mean_soft_path_cost: 3.455020 alignment_temperature: 0.1
2026-08-15 13:51:56,276 reid_baseline.train INFO: Epoch[91] Iteration[120/186] loss_total: 1.186, loss_id: 1.054, loss_triplet: 0.027, loss_camera_triplet: 0.000, loss_cross_camera_positive: 0.241, loss_pcc: 0.331, cross_camera_positive_count: 62.4, Acc: 0.999, Base Lr: 3.50e-06
2026-08-15 13:51:56,276 reid_baseline.train INFO: Soft Alignment Batch - Epoch: 91 Iteration: 120 soft_alignment_loss: 0.333278 valid_alignment_pair_count: 79 mean_soft_path_cost: 3.666063 alignment_temperature: 0.1
2026-08-15 13:51:59,634 reid_baseline.train INFO: Epoch[91] Iteration[140/186] loss_total: 1.200, loss_id: 1.063, loss_triplet: 0.032, loss_camera_triplet: 0.000, loss_cross_camera_positive: 0.241, loss_pcc: 0.330, cross_camera_positive_count: 62.5, Acc: 0.999, Base Lr: 3.50e-06
2026-08-15 13:51:59,635 reid_baseline.train INFO: Soft Alignment Batch - Epoch: 91 Iteration: 140 soft_alignment_loss: 0.324391 valid_alignment_pair_count: 68 mean_soft_path_cost: 3.568298 alignment_temperature: 0.1
2026-08-15 13:52:02,346 reid_baseline.train INFO: Epoch[91] Iteration[160/186] loss_total: 1.202, loss_id: 1.066, loss_triplet: 0.030, loss_camera_triplet: 0.000, loss_cross_camera_positive: 0.242, loss_pcc: 0.332, cross_camera_positive_count: 62.4, Acc: 1.000, Base Lr: 3.50e-06
2026-08-15 13:52:02,346 reid_baseline.train INFO: Soft Alignment Batch - Epoch: 91 Iteration: 160 soft_alignment_loss: 0.342959 valid_alignment_pair_count: 73 mean_soft_path_cost: 3.772550 alignment_temperature: 0.1
2026-08-15 13:52:05,095 reid_baseline.train INFO: Epoch[91] Iteration[180/186] loss_total: 1.203, loss_id: 1.066, loss_triplet: 0.030, loss_camera_triplet: 0.000, loss_cross_camera_positive: 0.245, loss_pcc: 0.335, cross_camera_positive_count: 62.5, Acc: 1.000, Base Lr: 3.50e-06
2026-08-15 13:52:05,095 reid_baseline.train INFO: Soft Alignment Batch - Epoch: 91 Iteration: 180 soft_alignment_loss: 0.346828 valid_alignment_pair_count: 77 mean_soft_path_cost: 3.815104 alignment_temperature: 0.1
2026-08-15 13:52:05,922 reid_baseline.train INFO: EPOCH_EVIDENCE epoch=91 global_iteration=16926 epoch_length=186
2026-08-15 13:52:05,923 reid_baseline.train INFO: Soft Alignment Epoch Summary - Epoch: 91 soft_alignment_loss: 0.335030 valid_alignment_pair_count: 13750 mean_soft_path_cost: 3.685325 alignment_temperature: 0.1
2026-08-15 13:52:05,923 reid_baseline.train INFO: Epoch 91 done. Time per batch: 24.377[s] Speed: 488.3[samples/s]
2026-08-15 13:52:05,923 reid_baseline.train INFO: ----------
2026-08-15 13:52:08,676 reid_baseline.train INFO: Epoch[92] Iteration[20/186] loss_total: 1.202, loss_id: 1.065, loss_triplet: 0.029, loss_camera_triplet: 0.000, loss_cross_camera_positive: 0.247, loss_pcc: 0.337, cross_camera_positive_count: 62.5, Acc: 1.000, Base Lr: 3.50e-06
2026-08-15 13:52:08,676 reid_baseline.train INFO: Soft Alignment Batch - Epoch: 92 Iteration: 20 soft_alignment_loss: 0.339379 valid_alignment_pair_count: 71 mean_soft_path_cost: 3.733167 alignment_temperature: 0.1
2026-08-15 13:52:11,414 reid_baseline.train INFO: Epoch[92] Iteration[40/186] loss_total: 1.204, loss_id: 1.066, loss_triplet: 0.030, loss_camera_triplet: 0.000, loss_cross_camera_positive: 0.248, loss_pcc: 0.339, cross_camera_positive_count: 62.8, Acc: 0.999, Base Lr: 3.50e-06
2026-08-15 13:52:11,415 reid_baseline.train INFO: Soft Alignment Batch - Epoch: 92 Iteration: 40 soft_alignment_loss: 0.350517 valid_alignment_pair_count: 78 mean_soft_path_cost: 3.855683 alignment_temperature: 0.1
2026-08-15 13:52:14,173 reid_baseline.train INFO: Epoch[92] Iteration[60/186] loss_total: 1.202, loss_id: 1.063, loss_triplet: 0.030, loss_camera_triplet: 0.000, loss_cross_camera_positive: 0.249, loss_pcc: 0.340, cross_camera_positive_count: 62.6, Acc: 0.999, Base Lr: 3.50e-06
2026-08-15 13:52:14,173 reid_baseline.train INFO: Soft Alignment Batch - Epoch: 92 Iteration: 60 soft_alignment_loss: 0.344776 valid_alignment_pair_count: 73 mean_soft_path_cost: 3.792534 alignment_temperature: 0.1
2026-08-15 13:52:16,906 reid_baseline.train INFO: Epoch[92] Iteration[80/186] loss_total: 1.197, loss_id: 1.060, loss_triplet: 0.029, loss_camera_triplet: 0.000, loss_cross_camera_positive: 0.247, loss_pcc: 0.337, cross_camera_positive_count: 62.6, Acc: 0.999, Base Lr: 3.50e-06
2026-08-15 13:52:16,906 reid_baseline.train INFO: Soft Alignment Batch - Epoch: 92 Iteration: 80 soft_alignment_loss: 0.333767 valid_alignment_pair_count: 72 mean_soft_path_cost: 3.671438 alignment_temperature: 0.1
2026-08-15 13:52:19,652 reid_baseline.train INFO: Epoch[92] Iteration[100/186] loss_total: 1.192, loss_id: 1.058, loss_triplet: 0.028, loss_camera_triplet: 0.000, loss_cross_camera_positive: 0.245, loss_pcc: 0.334, cross_camera_positive_count: 62.7, Acc: 1.000, Base Lr: 3.50e-06
2026-08-15 13:52:19,652 reid_baseline.train INFO: Soft Alignment Batch - Epoch: 92 Iteration: 100 soft_alignment_loss: 0.337265 valid_alignment_pair_count: 76 mean_soft_path_cost: 3.709911 alignment_temperature: 0.1
2026-08-15 13:52:23,053 reid_baseline.train INFO: Epoch[92] Iteration[120/186] loss_total: 1.190, loss_id: 1.055, loss_triplet: 0.029, loss_camera_triplet: 0.000, loss_cross_camera_positive: 0.243, loss_pcc: 0.331, cross_camera_positive_count: 62.6, Acc: 1.000, Base Lr: 3.50e-06
2026-08-15 13:52:23,053 reid_baseline.train INFO: Soft Alignment Batch - Epoch: 92 Iteration: 120 soft_alignment_loss: 0.326599 valid_alignment_pair_count: 67 mean_soft_path_cost: 3.592590 alignment_temperature: 0.1
2026-08-15 13:52:25,831 reid_baseline.train INFO: Epoch[92] Iteration[140/186] loss_total: 1.203, loss_id: 1.064, loss_triplet: 0.033, loss_camera_triplet: 0.000, loss_cross_camera_positive: 0.243, loss_pcc: 0.328, cross_camera_positive_count: 62.6, Acc: 1.000, Base Lr: 3.50e-06
2026-08-15 13:52:25,831 reid_baseline.train INFO: Soft Alignment Batch - Epoch: 92 Iteration: 140 soft_alignment_loss: 0.315751 valid_alignment_pair_count: 77 mean_soft_path_cost: 3.473263 alignment_temperature: 0.1
2026-08-15 13:52:28,577 reid_baseline.train INFO: Epoch[92] Iteration[160/186] loss_total: 1.210, loss_id: 1.068, loss_triplet: 0.035, loss_camera_triplet: 0.000, loss_cross_camera_positive: 0.245, loss_pcc: 0.332, cross_camera_positive_count: 62.8, Acc: 0.999, Base Lr: 3.50e-06
2026-08-15 13:52:28,577 reid_baseline.train INFO: Soft Alignment Batch - Epoch: 92 Iteration: 160 soft_alignment_loss: 0.355333 valid_alignment_pair_count: 77 mean_soft_path_cost: 3.908659 alignment_temperature: 0.1
2026-08-15 13:52:31,295 reid_baseline.train INFO: Epoch[92] Iteration[180/186] loss_total: 1.208, loss_id: 1.067, loss_triplet: 0.033, loss_camera_triplet: 0.000, loss_cross_camera_positive: 0.248, loss_pcc: 0.336, cross_camera_positive_count: 62.5, Acc: 0.999, Base Lr: 3.50e-06
2026-08-15 13:52:31,295 reid_baseline.train INFO: Soft Alignment Batch - Epoch: 92 Iteration: 180 soft_alignment_loss: 0.349656 valid_alignment_pair_count: 66 mean_soft_path_cost: 3.846220 alignment_temperature: 0.1
2026-08-15 13:52:32,115 reid_baseline.train INFO: EPOCH_EVIDENCE epoch=92 global_iteration=17112 epoch_length=186
2026-08-15 13:52:32,115 reid_baseline.train INFO: Soft Alignment Epoch Summary - Epoch: 92 soft_alignment_loss: 0.335383 valid_alignment_pair_count: 13769 mean_soft_path_cost: 3.689209 alignment_temperature: 0.1
2026-08-15 13:52:32,115 reid_baseline.train INFO: Epoch 92 done. Time per batch: 24.445[s] Speed: 487.0[samples/s]
2026-08-15 13:52:32,115 reid_baseline.train INFO: ----------
2026-08-15 13:52:34,837 reid_baseline.train INFO: Epoch[93] Iteration[20/186] loss_total: 1.205, loss_id: 1.066, loss_triplet: 0.031, loss_camera_triplet: 0.000, loss_cross_camera_positive: 0.249, loss_pcc: 0.339, cross_camera_positive_count: 62.8, Acc: 0.999, Base Lr: 3.50e-06
2026-08-15 13:52:34,838 reid_baseline.train INFO: Soft Alignment Batch - Epoch: 93 Iteration: 20 soft_alignment_loss: 0.349859 valid_alignment_pair_count: 64 mean_soft_path_cost: 3.848448 alignment_temperature: 0.1
2026-08-15 13:52:37,567 reid_baseline.train INFO: Epoch[93] Iteration[40/186] loss_total: 1.206, loss_id: 1.065, loss_triplet: 0.032, loss_camera_triplet: 0.000, loss_cross_camera_positive: 0.249, loss_pcc: 0.339, cross_camera_positive_count: 62.7, Acc: 0.999, Base Lr: 3.50e-06
2026-08-15 13:52:37,567 reid_baseline.train INFO: Soft Alignment Batch - Epoch: 93 Iteration: 40 soft_alignment_loss: 0.353877 valid_alignment_pair_count: 73 mean_soft_path_cost: 3.892649 alignment_temperature: 0.1
2026-08-15 13:52:40,292 reid_baseline.train INFO: Epoch[93] Iteration[60/186] loss_total: 1.202, loss_id: 1.063, loss_triplet: 0.031, loss_camera_triplet: 0.000, loss_cross_camera_positive: 0.249, loss_pcc: 0.339, cross_camera_positive_count: 62.6, Acc: 0.999, Base Lr: 3.50e-06
2026-08-15 13:52:40,292 reid_baseline.train INFO: Soft Alignment Batch - Epoch: 93 Iteration: 60 soft_alignment_loss: 0.340663 valid_alignment_pair_count: 76 mean_soft_path_cost: 3.747294 alignment_temperature: 0.1
2026-08-15 13:52:43,063 reid_baseline.train INFO: Epoch[93] Iteration[80/186] loss_total: 1.196, loss_id: 1.060, loss_triplet: 0.027, loss_camera_triplet: 0.000, loss_cross_camera_positive: 0.247, loss_pcc: 0.337, cross_camera_positive_count: 62.7, Acc: 0.999, Base Lr: 3.50e-06
2026-08-15 13:52:43,063 reid_baseline.train INFO: Soft Alignment Batch - Epoch: 93 Iteration: 80 soft_alignment_loss: 0.332749 valid_alignment_pair_count: 79 mean_soft_path_cost: 3.660236 alignment_temperature: 0.1
2026-08-15 13:52:45,783 reid_baseline.train INFO: Epoch[93] Iteration[100/186] loss_total: 1.192, loss_id: 1.058, loss_triplet: 0.027, loss_camera_triplet: 0.000, loss_cross_camera_positive: 0.246, loss_pcc: 0.335, cross_camera_positive_count: 62.6, Acc: 1.000, Base Lr: 3.50e-06
2026-08-15 13:52:45,783 reid_baseline.train INFO: Soft Alignment Batch - Epoch: 93 Iteration: 100 soft_alignment_loss: 0.329930 valid_alignment_pair_count: 75 mean_soft_path_cost: 3.629233 alignment_temperature: 0.1
2026-08-15 13:52:49,244 reid_baseline.train INFO: Epoch[93] Iteration[120/186] loss_total: 1.192, loss_id: 1.058, loss_triplet: 0.028, loss_camera_triplet: 0.000, loss_cross_camera_positive: 0.244, loss_pcc: 0.331, cross_camera_positive_count: 62.3, Acc: 0.999, Base Lr: 3.50e-06
2026-08-15 13:52:49,245 reid_baseline.train INFO: Soft Alignment Batch - Epoch: 93 Iteration: 120 soft_alignment_loss: 0.318934 valid_alignment_pair_count: 76 mean_soft_path_cost: 3.508272 alignment_temperature: 0.1
2026-08-15 13:52:51,968 reid_baseline.train INFO: Epoch[93] Iteration[140/186] loss_total: 1.200, loss_id: 1.064, loss_triplet: 0.030, loss_camera_triplet: 0.000, loss_cross_camera_positive: 0.242, loss_pcc: 0.328, cross_camera_positive_count: 62.5, Acc: 1.000, Base Lr: 3.50e-06
2026-08-15 13:52:51,968 reid_baseline.train INFO: Soft Alignment Batch - Epoch: 93 Iteration: 140 soft_alignment_loss: 0.327346 valid_alignment_pair_count: 77 mean_soft_path_cost: 3.600810 alignment_temperature: 0.1
2026-08-15 13:52:54,708 reid_baseline.train INFO: Epoch[93] Iteration[160/186] loss_total: 1.201, loss_id: 1.065, loss_triplet: 0.030, loss_camera_triplet: 0.000, loss_cross_camera_positive: 0.244, loss_pcc: 0.330, cross_camera_positive_count: 62.8, Acc: 1.000, Base Lr: 3.50e-06
2026-08-15 13:52:54,708 reid_baseline.train INFO: Soft Alignment Batch - Epoch: 93 Iteration: 160 soft_alignment_loss: 0.331791 valid_alignment_pair_count: 81 mean_soft_path_cost: 3.649704 alignment_temperature: 0.1
2026-08-15 13:52:57,433 reid_baseline.train INFO: Epoch[93] Iteration[180/186] loss_total: 1.204, loss_id: 1.066, loss_triplet: 0.031, loss_camera_triplet: 0.000, loss_cross_camera_positive: 0.246, loss_pcc: 0.334, cross_camera_positive_count: 62.8, Acc: 1.000, Base Lr: 3.50e-06
2026-08-15 13:52:57,433 reid_baseline.train INFO: Soft Alignment Batch - Epoch: 93 Iteration: 180 soft_alignment_loss: 0.346247 valid_alignment_pair_count: 73 mean_soft_path_cost: 3.808720 alignment_temperature: 0.1
2026-08-15 13:52:58,248 reid_baseline.train INFO: EPOCH_EVIDENCE epoch=93 global_iteration=17298 epoch_length=186
2026-08-15 13:52:58,248 reid_baseline.train INFO: Soft Alignment Epoch Summary - Epoch: 93 soft_alignment_loss: 0.334223 valid_alignment_pair_count: 13788 mean_soft_path_cost: 3.676452 alignment_temperature: 0.1
2026-08-15 13:52:58,248 reid_baseline.train INFO: Epoch 93 done. Time per batch: 24.353[s] Speed: 488.8[samples/s]
2026-08-15 13:52:58,248 reid_baseline.train INFO: ----------
2026-08-15 13:53:00,968 reid_baseline.train INFO: Epoch[94] Iteration[20/186] loss_total: 1.204, loss_id: 1.066, loss_triplet: 0.031, loss_camera_triplet: 0.000, loss_cross_camera_positive: 0.247, loss_pcc: 0.336, cross_camera_positive_count: 62.6, Acc: 0.999, Base Lr: 3.50e-06
2026-08-15 13:53:00,968 reid_baseline.train INFO: Soft Alignment Batch - Epoch: 94 Iteration: 20 soft_alignment_loss: 0.337994 valid_alignment_pair_count: 73 mean_soft_path_cost: 3.717933 alignment_temperature: 0.1
2026-08-15 13:53:03,688 reid_baseline.train INFO: Epoch[94] Iteration[40/186] loss_total: 1.205, loss_id: 1.066, loss_triplet: 0.032, loss_camera_triplet: 0.000, loss_cross_camera_positive: 0.247, loss_pcc: 0.336, cross_camera_positive_count: 62.5, Acc: 0.999, Base Lr: 3.50e-06
2026-08-15 13:53:03,689 reid_baseline.train INFO: Soft Alignment Batch - Epoch: 94 Iteration: 40 soft_alignment_loss: 0.351194 valid_alignment_pair_count: 66 mean_soft_path_cost: 3.863134 alignment_temperature: 0.1
2026-08-15 13:53:06,376 reid_baseline.train INFO: Epoch[94] Iteration[60/186] loss_total: 1.203, loss_id: 1.064, loss_triplet: 0.032, loss_camera_triplet: 0.000, loss_cross_camera_positive: 0.248, loss_pcc: 0.337, cross_camera_positive_count: 62.5, Acc: 0.999, Base Lr: 3.50e-06
2026-08-15 13:53:06,376 reid_baseline.train INFO: Soft Alignment Batch - Epoch: 94 Iteration: 60 soft_alignment_loss: 0.338886 valid_alignment_pair_count: 62 mean_soft_path_cost: 3.727744 alignment_temperature: 0.1
2026-08-15 13:53:09,093 reid_baseline.train INFO: Epoch[94] Iteration[80/186] loss_total: 1.198, loss_id: 1.061, loss_triplet: 0.030, loss_camera_triplet: 0.000, loss_cross_camera_positive: 0.245, loss_pcc: 0.334, cross_camera_positive_count: 62.5, Acc: 0.999, Base Lr: 3.50e-06
2026-08-15 13:53:09,093 reid_baseline.train INFO: Soft Alignment Batch - Epoch: 94 Iteration: 80 soft_alignment_loss: 0.332796 valid_alignment_pair_count: 74 mean_soft_path_cost: 3.660761 alignment_temperature: 0.1
2026-08-15 13:53:11,823 reid_baseline.train INFO: Epoch[94] Iteration[100/186] loss_total: 1.191, loss_id: 1.058, loss_triplet: 0.027, loss_camera_triplet: 0.000, loss_cross_camera_positive: 0.243, loss_pcc: 0.332, cross_camera_positive_count: 62.6, Acc: 0.999, Base Lr: 3.50e-06
2026-08-15 13:53:11,823 reid_baseline.train INFO: Soft Alignment Batch - Epoch: 94 Iteration: 100 soft_alignment_loss: 0.321968 valid_alignment_pair_count: 72 mean_soft_path_cost: 3.541653 alignment_temperature: 0.1
2026-08-15 13:53:15,119 reid_baseline.train INFO: Epoch[94] Iteration[120/186] loss_total: 1.191, loss_id: 1.059, loss_triplet: 0.027, loss_camera_triplet: 0.000, loss_cross_camera_positive: 0.241, loss_pcc: 0.329, cross_camera_positive_count: 62.4, Acc: 0.999, Base Lr: 3.50e-06
2026-08-15 13:53:15,119 reid_baseline.train INFO: Soft Alignment Batch - Epoch: 94 Iteration: 120 soft_alignment_loss: 0.324882 valid_alignment_pair_count: 73 mean_soft_path_cost: 3.573698 alignment_temperature: 0.1
2026-08-15 13:53:17,835 reid_baseline.train INFO: Epoch[94] Iteration[140/186] loss_total: 1.201, loss_id: 1.065, loss_triplet: 0.030, loss_camera_triplet: 0.000, loss_cross_camera_positive: 0.241, loss_pcc: 0.328, cross_camera_positive_count: 62.4, Acc: 0.998, Base Lr: 3.50e-06
2026-08-15 13:53:17,835 reid_baseline.train INFO: Soft Alignment Batch - Epoch: 94 Iteration: 140 soft_alignment_loss: 0.327954 valid_alignment_pair_count: 57 mean_soft_path_cost: 3.607490 alignment_temperature: 0.1
2026-08-15 13:53:20,581 reid_baseline.train INFO: Epoch[94] Iteration[160/186] loss_total: 1.202, loss_id: 1.066, loss_triplet: 0.031, loss_camera_triplet: 0.000, loss_cross_camera_positive: 0.243, loss_pcc: 0.331, cross_camera_positive_count: 62.6, Acc: 0.999, Base Lr: 3.50e-06
2026-08-15 13:53:20,581 reid_baseline.train INFO: Soft Alignment Batch - Epoch: 94 Iteration: 160 soft_alignment_loss: 0.335543 valid_alignment_pair_count: 81 mean_soft_path_cost: 3.690973 alignment_temperature: 0.1
2026-08-15 13:53:23,325 reid_baseline.train INFO: Epoch[94] Iteration[180/186] loss_total: 1.206, loss_id: 1.067, loss_triplet: 0.033, loss_camera_triplet: 0.000, loss_cross_camera_positive: 0.245, loss_pcc: 0.333, cross_camera_positive_count: 62.9, Acc: 0.999, Base Lr: 3.50e-06
2026-08-15 13:53:23,325 reid_baseline.train INFO: Soft Alignment Batch - Epoch: 94 Iteration: 180 soft_alignment_loss: 0.344348 valid_alignment_pair_count: 69 mean_soft_path_cost: 3.787828 alignment_temperature: 0.1
2026-08-15 13:53:24,145 reid_baseline.train INFO: EPOCH_EVIDENCE epoch=94 global_iteration=17484 epoch_length=186
2026-08-15 13:53:24,146 reid_baseline.train INFO: Soft Alignment Epoch Summary - Epoch: 94 soft_alignment_loss: 0.332923 valid_alignment_pair_count: 13727 mean_soft_path_cost: 3.662153 alignment_temperature: 0.1
2026-08-15 13:53:24,146 reid_baseline.train INFO: Epoch 94 done. Time per batch: 24.299[s] Speed: 489.9[samples/s]
2026-08-15 13:53:24,146 reid_baseline.train INFO: ----------
2026-08-15 13:53:26,896 reid_baseline.train INFO: Epoch[95] Iteration[20/186] loss_total: 1.208, loss_id: 1.066, loss_triplet: 0.035, loss_camera_triplet: 0.000, loss_cross_camera_positive: 0.247, loss_pcc: 0.336, cross_camera_positive_count: 62.9, Acc: 0.999, Base Lr: 3.50e-06
2026-08-15 13:53:26,896 reid_baseline.train INFO: Soft Alignment Batch - Epoch: 95 Iteration: 20 soft_alignment_loss: 0.340166 valid_alignment_pair_count: 77 mean_soft_path_cost: 3.741821 alignment_temperature: 0.1
2026-08-15 13:53:29,641 reid_baseline.train INFO: Epoch[95] Iteration[40/186] loss_total: 1.203, loss_id: 1.063, loss_triplet: 0.033, loss_camera_triplet: 0.000, loss_cross_camera_positive: 0.246, loss_pcc: 0.336, cross_camera_positive_count: 62.9, Acc: 0.999, Base Lr: 3.50e-06
2026-08-15 13:53:29,642 reid_baseline.train INFO: Soft Alignment Batch - Epoch: 95 Iteration: 40 soft_alignment_loss: 0.321298 valid_alignment_pair_count: 78 mean_soft_path_cost: 3.534278 alignment_temperature: 0.1
2026-08-15 13:53:32,406 reid_baseline.train INFO: Epoch[95] Iteration[60/186] loss_total: 1.196, loss_id: 1.059, loss_triplet: 0.030, loss_camera_triplet: 0.000, loss_cross_camera_positive: 0.245, loss_pcc: 0.336, cross_camera_positive_count: 63.0, Acc: 0.999, Base Lr: 3.50e-06
2026-08-15 13:53:32,406 reid_baseline.train INFO: Soft Alignment Batch - Epoch: 95 Iteration: 60 soft_alignment_loss: 0.355744 valid_alignment_pair_count: 69 mean_soft_path_cost: 3.913185 alignment_temperature: 0.1
2026-08-15 13:53:35,207 reid_baseline.train INFO: Epoch[95] Iteration[80/186] loss_total: 1.195, loss_id: 1.058, loss_triplet: 0.030, loss_camera_triplet: 0.000, loss_cross_camera_positive: 0.244, loss_pcc: 0.334, cross_camera_positive_count: 63.1, Acc: 0.999, Base Lr: 3.50e-06
2026-08-15 13:53:35,207 reid_baseline.train INFO: Soft Alignment Batch - Epoch: 95 Iteration: 80 soft_alignment_loss: 0.320820 valid_alignment_pair_count: 72 mean_soft_path_cost: 3.529024 alignment_temperature: 0.1
2026-08-15 13:53:37,945 reid_baseline.train INFO: Epoch[95] Iteration[100/186] loss_total: 1.188, loss_id: 1.054, loss_triplet: 0.029, loss_camera_triplet: 0.000, loss_cross_camera_positive: 0.241, loss_pcc: 0.330, cross_camera_positive_count: 62.9, Acc: 1.000, Base Lr: 3.50e-06
2026-08-15 13:53:37,945 reid_baseline.train INFO: Soft Alignment Batch - Epoch: 95 Iteration: 100 soft_alignment_loss: 0.327911 valid_alignment_pair_count: 77 mean_soft_path_cost: 3.607018 alignment_temperature: 0.1
2026-08-15 13:53:41,358 reid_baseline.train INFO: Epoch[95] Iteration[120/186] loss_total: 1.194, loss_id: 1.060, loss_triplet: 0.030, loss_camera_triplet: 0.000, loss_cross_camera_positive: 0.239, loss_pcc: 0.326, cross_camera_positive_count: 62.5, Acc: 0.999, Base Lr: 3.50e-06
2026-08-15 13:53:41,358 reid_baseline.train INFO: Soft Alignment Batch - Epoch: 95 Iteration: 120 soft_alignment_loss: 0.316745 valid_alignment_pair_count: 80 mean_soft_path_cost: 3.484196 alignment_temperature: 0.1
2026-08-15 13:53:44,121 reid_baseline.train INFO: Epoch[95] Iteration[140/186] loss_total: 1.200, loss_id: 1.065, loss_triplet: 0.030, loss_camera_triplet: 0.000, loss_cross_camera_positive: 0.240, loss_pcc: 0.327, cross_camera_positive_count: 62.6, Acc: 0.999, Base Lr: 3.50e-06
2026-08-15 13:53:44,121 reid_baseline.train INFO: Soft Alignment Batch - Epoch: 95 Iteration: 140 soft_alignment_loss: 0.338355 valid_alignment_pair_count: 79 mean_soft_path_cost: 3.721905 alignment_temperature: 0.1
2026-08-15 13:53:46,868 reid_baseline.train INFO: Epoch[95] Iteration[160/186] loss_total: 1.197, loss_id: 1.063, loss_triplet: 0.029, loss_camera_triplet: 0.000, loss_cross_camera_positive: 0.240, loss_pcc: 0.330, cross_camera_positive_count: 62.2, Acc: 1.000, Base Lr: 3.50e-06
2026-08-15 13:53:46,868 reid_baseline.train INFO: Soft Alignment Batch - Epoch: 95 Iteration: 160 soft_alignment_loss: 0.326810 valid_alignment_pair_count: 55 mean_soft_path_cost: 3.594905 alignment_temperature: 0.1
2026-08-15 13:53:49,618 reid_baseline.train INFO: Epoch[95] Iteration[180/186] loss_total: 1.202, loss_id: 1.065, loss_triplet: 0.031, loss_camera_triplet: 0.000, loss_cross_camera_positive: 0.244, loss_pcc: 0.334, cross_camera_positive_count: 62.2, Acc: 0.999, Base Lr: 3.50e-06
2026-08-15 13:53:49,618 reid_baseline.train INFO: Soft Alignment Batch - Epoch: 95 Iteration: 180 soft_alignment_loss: 0.326274 valid_alignment_pair_count: 77 mean_soft_path_cost: 3.589017 alignment_temperature: 0.1
2026-08-15 13:53:50,436 reid_baseline.train INFO: EPOCH_EVIDENCE epoch=95 global_iteration=17670 epoch_length=186
2026-08-15 13:53:50,437 reid_baseline.train INFO: Soft Alignment Epoch Summary - Epoch: 95 soft_alignment_loss: 0.332353 valid_alignment_pair_count: 13789 mean_soft_path_cost: 3.655887 alignment_temperature: 0.1
2026-08-15 13:53:50,437 reid_baseline.train INFO: Epoch 95 done. Time per batch: 24.531[s] Speed: 485.3[samples/s]
2026-08-15 13:53:50,437 reid_baseline.train INFO: ----------
2026-08-15 13:53:53,185 reid_baseline.train INFO: Epoch[96] Iteration[20/186] loss_total: 1.197, loss_id: 1.062, loss_triplet: 0.029, loss_camera_triplet: 0.000, loss_cross_camera_positive: 0.244, loss_pcc: 0.334, cross_camera_positive_count: 62.6, Acc: 0.999, Base Lr: 3.50e-06
2026-08-15 13:53:53,185 reid_baseline.train INFO: Soft Alignment Batch - Epoch: 96 Iteration: 20 soft_alignment_loss: 0.323713 valid_alignment_pair_count: 78 mean_soft_path_cost: 3.560839 alignment_temperature: 0.1
2026-08-15 13:53:55,930 reid_baseline.train INFO: Epoch[96] Iteration[40/186] loss_total: 1.196, loss_id: 1.060, loss_triplet: 0.029, loss_camera_triplet: 0.000, loss_cross_camera_positive: 0.243, loss_pcc: 0.334, cross_camera_positive_count: 62.8, Acc: 0.999, Base Lr: 3.50e-06
2026-08-15 13:53:55,930 reid_baseline.train INFO: Soft Alignment Batch - Epoch: 96 Iteration: 40 soft_alignment_loss: 0.334017 valid_alignment_pair_count: 78 mean_soft_path_cost: 3.674191 alignment_temperature: 0.1
2026-08-15 13:53:58,676 reid_baseline.train INFO: Epoch[96] Iteration[60/186] loss_total: 1.192, loss_id: 1.058, loss_triplet: 0.028, loss_camera_triplet: 0.000, loss_cross_camera_positive: 0.243, loss_pcc: 0.334, cross_camera_positive_count: 62.3, Acc: 1.000, Base Lr: 3.50e-06
2026-08-15 13:53:58,676 reid_baseline.train INFO: Soft Alignment Batch - Epoch: 96 Iteration: 60 soft_alignment_loss: 0.327093 valid_alignment_pair_count: 72 mean_soft_path_cost: 3.598026 alignment_temperature: 0.1
2026-08-15 13:54:01,443 reid_baseline.train INFO: Epoch[96] Iteration[80/186] loss_total: 1.194, loss_id: 1.059, loss_triplet: 0.030, loss_camera_triplet: 0.000, loss_cross_camera_positive: 0.243, loss_pcc: 0.332, cross_camera_positive_count: 62.3, Acc: 0.999, Base Lr: 3.50e-06
2026-08-15 13:54:01,443 reid_baseline.train INFO: Soft Alignment Batch - Epoch: 96 Iteration: 80 soft_alignment_loss: 0.332471 valid_alignment_pair_count: 75 mean_soft_path_cost: 3.657176 alignment_temperature: 0.1
2026-08-15 13:54:04,174 reid_baseline.train INFO: Epoch[96] Iteration[100/186] loss_total: 1.191, loss_id: 1.057, loss_triplet: 0.029, loss_camera_triplet: 0.000, loss_cross_camera_positive: 0.243, loss_pcc: 0.331, cross_camera_positive_count: 62.0, Acc: 0.999, Base Lr: 3.50e-06
2026-08-15 13:54:04,175 reid_baseline.train INFO: Soft Alignment Batch - Epoch: 96 Iteration: 100 soft_alignment_loss: 0.340020 valid_alignment_pair_count: 80 mean_soft_path_cost: 3.740222 alignment_temperature: 0.1
2026-08-15 13:54:07,440 reid_baseline.train INFO: Epoch[96] Iteration[120/186] loss_total: 1.197, loss_id: 1.062, loss_triplet: 0.030, loss_camera_triplet: 0.000, loss_cross_camera_positive: 0.242, loss_pcc: 0.328, cross_camera_positive_count: 61.9, Acc: 0.999, Base Lr: 3.50e-06
2026-08-15 13:54:07,440 reid_baseline.train INFO: Soft Alignment Batch - Epoch: 96 Iteration: 120 soft_alignment_loss: 0.331679 valid_alignment_pair_count: 77 mean_soft_path_cost: 3.648463 alignment_temperature: 0.1
2026-08-15 13:54:10,174 reid_baseline.train INFO: Epoch[96] Iteration[140/186] loss_total: 1.203, loss_id: 1.066, loss_triplet: 0.031, loss_camera_triplet: 0.000, loss_cross_camera_positive: 0.243, loss_pcc: 0.330, cross_camera_positive_count: 62.1, Acc: 0.999, Base Lr: 3.50e-06
2026-08-15 13:54:10,174 reid_baseline.train INFO: Soft Alignment Batch - Epoch: 96 Iteration: 140 soft_alignment_loss: 0.339177 valid_alignment_pair_count: 78 mean_soft_path_cost: 3.730945 alignment_temperature: 0.1
2026-08-15 13:54:12,927 reid_baseline.train INFO: Epoch[96] Iteration[160/186] loss_total: 1.209, loss_id: 1.070, loss_triplet: 0.032, loss_camera_triplet: 0.000, loss_cross_camera_positive: 0.246, loss_pcc: 0.334, cross_camera_positive_count: 62.0, Acc: 0.999, Base Lr: 3.50e-06
2026-08-15 13:54:12,927 reid_baseline.train INFO: Soft Alignment Batch - Epoch: 96 Iteration: 160 soft_alignment_loss: 0.344602 valid_alignment_pair_count: 71 mean_soft_path_cost: 3.790625 alignment_temperature: 0.1
2026-08-15 13:54:15,650 reid_baseline.train INFO: Epoch[96] Iteration[180/186] loss_total: 1.207, loss_id: 1.068, loss_triplet: 0.031, loss_camera_triplet: 0.000, loss_cross_camera_positive: 0.249, loss_pcc: 0.338, cross_camera_positive_count: 62.0, Acc: 0.998, Base Lr: 3.50e-06
2026-08-15 13:54:15,650 reid_baseline.train INFO: Soft Alignment Batch - Epoch: 96 Iteration: 180 soft_alignment_loss: 0.332747 valid_alignment_pair_count: 68 mean_soft_path_cost: 3.660214 alignment_temperature: 0.1
2026-08-15 13:54:16,473 reid_baseline.train INFO: EPOCH_EVIDENCE epoch=96 global_iteration=17856 epoch_length=186
2026-08-15 13:54:16,474 reid_baseline.train INFO: Soft Alignment Epoch Summary - Epoch: 96 soft_alignment_loss: 0.333689 valid_alignment_pair_count: 13601 mean_soft_path_cost: 3.670578 alignment_temperature: 0.1
2026-08-15 13:54:16,474 reid_baseline.train INFO: Epoch 96 done. Time per batch: 24.422[s] Speed: 487.4[samples/s]
2026-08-15 13:54:16,474 reid_baseline.train INFO: ----------
2026-08-15 13:54:19,270 reid_baseline.train INFO: Epoch[97] Iteration[20/186] loss_total: 1.205, loss_id: 1.066, loss_triplet: 0.030, loss_camera_triplet: 0.000, loss_cross_camera_positive: 0.250, loss_pcc: 0.341, cross_camera_positive_count: 62.0, Acc: 0.998, Base Lr: 3.50e-06
2026-08-15 13:54:19,270 reid_baseline.train INFO: Soft Alignment Batch - Epoch: 97 Iteration: 20 soft_alignment_loss: 0.336089 valid_alignment_pair_count: 71 mean_soft_path_cost: 3.696975 alignment_temperature: 0.1
2026-08-15 13:54:22,014 reid_baseline.train INFO: Epoch[97] Iteration[40/186] loss_total: 1.199, loss_id: 1.062, loss_triplet: 0.028, loss_camera_triplet: 0.000, loss_cross_camera_positive: 0.249, loss_pcc: 0.340, cross_camera_positive_count: 62.4, Acc: 0.999, Base Lr: 3.50e-06
2026-08-15 13:54:22,014 reid_baseline.train INFO: Soft Alignment Batch - Epoch: 97 Iteration: 40 soft_alignment_loss: 0.329856 valid_alignment_pair_count: 68 mean_soft_path_cost: 3.628414 alignment_temperature: 0.1
2026-08-15 13:54:24,775 reid_baseline.train INFO: Epoch[97] Iteration[60/186] loss_total: 1.197, loss_id: 1.062, loss_triplet: 0.028, loss_camera_triplet: 0.000, loss_cross_camera_positive: 0.247, loss_pcc: 0.338, cross_camera_positive_count: 62.9, Acc: 0.999, Base Lr: 3.50e-06
2026-08-15 13:54:24,775 reid_baseline.train INFO: Soft Alignment Batch - Epoch: 97 Iteration: 60 soft_alignment_loss: 0.338241 valid_alignment_pair_count: 75 mean_soft_path_cost: 3.720649 alignment_temperature: 0.1
2026-08-15 13:54:27,540 reid_baseline.train INFO: Epoch[97] Iteration[80/186] loss_total: 1.189, loss_id: 1.057, loss_triplet: 0.025, loss_camera_triplet: 0.000, loss_cross_camera_positive: 0.244, loss_pcc: 0.335, cross_camera_positive_count: 62.8, Acc: 0.999, Base Lr: 3.50e-06
2026-08-15 13:54:27,540 reid_baseline.train INFO: Soft Alignment Batch - Epoch: 97 Iteration: 80 soft_alignment_loss: 0.326229 valid_alignment_pair_count: 75 mean_soft_path_cost: 3.588521 alignment_temperature: 0.1
2026-08-15 13:54:30,270 reid_baseline.train INFO: Epoch[97] Iteration[100/186] loss_total: 1.182, loss_id: 1.053, loss_triplet: 0.024, loss_camera_triplet: 0.000, loss_cross_camera_positive: 0.241, loss_pcc: 0.330, cross_camera_positive_count: 62.8, Acc: 0.999, Base Lr: 3.50e-06
2026-08-15 13:54:30,270 reid_baseline.train INFO: Soft Alignment Batch - Epoch: 97 Iteration: 100 soft_alignment_loss: 0.317938 valid_alignment_pair_count: 76 mean_soft_path_cost: 3.497321 alignment_temperature: 0.1
2026-08-15 13:54:33,634 reid_baseline.train INFO: Epoch[97] Iteration[120/186] loss_total: 1.189, loss_id: 1.060, loss_triplet: 0.024, loss_camera_triplet: 0.000, loss_cross_camera_positive: 0.239, loss_pcc: 0.327, cross_camera_positive_count: 62.7, Acc: 0.999, Base Lr: 3.50e-06
2026-08-15 13:54:33,634 reid_baseline.train INFO: Soft Alignment Batch - Epoch: 97 Iteration: 120 soft_alignment_loss: 0.320780 valid_alignment_pair_count: 76 mean_soft_path_cost: 3.528578 alignment_temperature: 0.1
2026-08-15 13:54:36,362 reid_baseline.train INFO: Epoch[97] Iteration[140/186] loss_total: 1.199, loss_id: 1.064, loss_triplet: 0.030, loss_camera_triplet: 0.000, loss_cross_camera_positive: 0.241, loss_pcc: 0.328, cross_camera_positive_count: 62.8, Acc: 0.999, Base Lr: 3.50e-06
2026-08-15 13:54:36,362 reid_baseline.train INFO: Soft Alignment Batch - Epoch: 97 Iteration: 140 soft_alignment_loss: 0.329489 valid_alignment_pair_count: 78 mean_soft_path_cost: 3.624376 alignment_temperature: 0.1
2026-08-15 13:54:39,088 reid_baseline.train INFO: Epoch[97] Iteration[160/186] loss_total: 1.197, loss_id: 1.063, loss_triplet: 0.028, loss_camera_triplet: 0.000, loss_cross_camera_positive: 0.242, loss_pcc: 0.332, cross_camera_positive_count: 62.8, Acc: 0.999, Base Lr: 3.50e-06
2026-08-15 13:54:39,088 reid_baseline.train INFO: Soft Alignment Batch - Epoch: 97 Iteration: 160 soft_alignment_loss: 0.332501 valid_alignment_pair_count: 70 mean_soft_path_cost: 3.657510 alignment_temperature: 0.1
2026-08-15 13:54:41,819 reid_baseline.train INFO: Epoch[97] Iteration[180/186] loss_total: 1.200, loss_id: 1.063, loss_triplet: 0.030, loss_camera_triplet: 0.000, loss_cross_camera_positive: 0.246, loss_pcc: 0.334, cross_camera_positive_count: 62.8, Acc: 0.999, Base Lr: 3.50e-06
2026-08-15 13:54:41,819 reid_baseline.train INFO: Soft Alignment Batch - Epoch: 97 Iteration: 180 soft_alignment_loss: 0.329015 valid_alignment_pair_count: 70 mean_soft_path_cost: 3.619160 alignment_temperature: 0.1
2026-08-15 13:54:42,633 reid_baseline.train INFO: EPOCH_EVIDENCE epoch=97 global_iteration=18042 epoch_length=186
2026-08-15 13:54:42,633 reid_baseline.train INFO: Soft Alignment Epoch Summary - Epoch: 97 soft_alignment_loss: 0.333046 valid_alignment_pair_count: 13738 mean_soft_path_cost: 3.663507 alignment_temperature: 0.1
2026-08-15 13:54:42,633 reid_baseline.train INFO: Epoch 97 done. Time per batch: 24.483[s] Speed: 486.2[samples/s]
2026-08-15 13:54:42,633 reid_baseline.train INFO: ----------
2026-08-15 13:54:45,368 reid_baseline.train INFO: Epoch[98] Iteration[20/186] loss_total: 1.201, loss_id: 1.063, loss_triplet: 0.030, loss_camera_triplet: 0.000, loss_cross_camera_positive: 0.248, loss_pcc: 0.337, cross_camera_positive_count: 62.3, Acc: 0.999, Base Lr: 3.50e-06
2026-08-15 13:54:45,368 reid_baseline.train INFO: Soft Alignment Batch - Epoch: 98 Iteration: 20 soft_alignment_loss: 0.349699 valid_alignment_pair_count: 74 mean_soft_path_cost: 3.846687 alignment_temperature: 0.1
2026-08-15 13:54:48,111 reid_baseline.train INFO: Epoch[98] Iteration[40/186] loss_total: 1.200, loss_id: 1.062, loss_triplet: 0.029, loss_camera_triplet: 0.000, loss_cross_camera_positive: 0.250, loss_pcc: 0.338, cross_camera_positive_count: 62.6, Acc: 0.999, Base Lr: 3.50e-06
2026-08-15 13:54:48,111 reid_baseline.train INFO: Soft Alignment Batch - Epoch: 98 Iteration: 40 soft_alignment_loss: 0.332560 valid_alignment_pair_count: 75 mean_soft_path_cost: 3.658159 alignment_temperature: 0.1
2026-08-15 13:54:50,839 reid_baseline.train INFO: Epoch[98] Iteration[60/186] loss_total: 1.192, loss_id: 1.058, loss_triplet: 0.026, loss_camera_triplet: 0.000, loss_cross_camera_positive: 0.247, loss_pcc: 0.336, cross_camera_positive_count: 62.5, Acc: 0.999, Base Lr: 3.50e-06
2026-08-15 13:54:50,839 reid_baseline.train INFO: Soft Alignment Batch - Epoch: 98 Iteration: 60 soft_alignment_loss: 0.322725 valid_alignment_pair_count: 72 mean_soft_path_cost: 3.549972 alignment_temperature: 0.1
2026-08-15 13:54:53,576 reid_baseline.train INFO: Epoch[98] Iteration[80/186] loss_total: 1.189, loss_id: 1.056, loss_triplet: 0.026, loss_camera_triplet: 0.000, loss_cross_camera_positive: 0.244, loss_pcc: 0.333, cross_camera_positive_count: 62.4, Acc: 1.000, Base Lr: 3.50e-06
2026-08-15 13:54:53,577 reid_baseline.train INFO: Soft Alignment Batch - Epoch: 98 Iteration: 80 soft_alignment_loss: 0.323715 valid_alignment_pair_count: 74 mean_soft_path_cost: 3.560861 alignment_temperature: 0.1
2026-08-15 13:54:56,293 reid_baseline.train INFO: Epoch[98] Iteration[100/186] loss_total: 1.183, loss_id: 1.053, loss_triplet: 0.025, loss_camera_triplet: 0.000, loss_cross_camera_positive: 0.240, loss_pcc: 0.328, cross_camera_positive_count: 62.5, Acc: 1.000, Base Lr: 3.50e-06
2026-08-15 13:54:56,293 reid_baseline.train INFO: Soft Alignment Batch - Epoch: 98 Iteration: 100 soft_alignment_loss: 0.327367 valid_alignment_pair_count: 66 mean_soft_path_cost: 3.601041 alignment_temperature: 0.1
2026-08-15 13:54:59,533 reid_baseline.train INFO: Epoch[98] Iteration[120/186] loss_total: 1.192, loss_id: 1.060, loss_triplet: 0.028, loss_camera_triplet: 0.000, loss_cross_camera_positive: 0.238, loss_pcc: 0.325, cross_camera_positive_count: 62.4, Acc: 1.000, Base Lr: 3.50e-06
2026-08-15 13:54:59,534 reid_baseline.train INFO: Soft Alignment Batch - Epoch: 98 Iteration: 120 soft_alignment_loss: 0.315025 valid_alignment_pair_count: 65 mean_soft_path_cost: 3.465271 alignment_temperature: 0.1
2026-08-15 13:55:02,264 reid_baseline.train INFO: Epoch[98] Iteration[140/186] loss_total: 1.201, loss_id: 1.066, loss_triplet: 0.030, loss_camera_triplet: 0.000, loss_cross_camera_positive: 0.240, loss_pcc: 0.327, cross_camera_positive_count: 62.3, Acc: 0.999, Base Lr: 3.50e-06
2026-08-15 13:55:02,264 reid_baseline.train INFO: Soft Alignment Batch - Epoch: 98 Iteration: 140 soft_alignment_loss: 0.336201 valid_alignment_pair_count: 69 mean_soft_path_cost: 3.698214 alignment_temperature: 0.1
2026-08-15 13:55:05,031 reid_baseline.train INFO: Epoch[98] Iteration[160/186] loss_total: 1.203, loss_id: 1.067, loss_triplet: 0.030, loss_camera_triplet: 0.000, loss_cross_camera_positive: 0.243, loss_pcc: 0.333, cross_camera_positive_count: 62.5, Acc: 0.999, Base Lr: 3.50e-06
2026-08-15 13:55:05,031 reid_baseline.train INFO: Soft Alignment Batch - Epoch: 98 Iteration: 160 soft_alignment_loss: 0.340897 valid_alignment_pair_count: 81 mean_soft_path_cost: 3.749869 alignment_temperature: 0.1
2026-08-15 13:55:07,759 reid_baseline.train INFO: Epoch[98] Iteration[180/186] loss_total: 1.206, loss_id: 1.067, loss_triplet: 0.031, loss_camera_triplet: 0.000, loss_cross_camera_positive: 0.247, loss_pcc: 0.336, cross_camera_positive_count: 62.7, Acc: 0.999, Base Lr: 3.50e-06
2026-08-15 13:55:07,759 reid_baseline.train INFO: Soft Alignment Batch - Epoch: 98 Iteration: 180 soft_alignment_loss: 0.356493 valid_alignment_pair_count: 76 mean_soft_path_cost: 3.921419 alignment_temperature: 0.1
2026-08-15 13:55:08,580 reid_baseline.train INFO: EPOCH_EVIDENCE epoch=98 global_iteration=18228 epoch_length=186
2026-08-15 13:55:08,580 reid_baseline.train INFO: Soft Alignment Epoch Summary - Epoch: 98 soft_alignment_loss: 0.332923 valid_alignment_pair_count: 13751 mean_soft_path_cost: 3.662157 alignment_temperature: 0.1
2026-08-15 13:55:08,581 reid_baseline.train INFO: Epoch 98 done. Time per batch: 24.400[s] Speed: 487.9[samples/s]
2026-08-15 13:55:08,581 reid_baseline.train INFO: ----------
2026-08-15 13:55:11,338 reid_baseline.train INFO: Epoch[99] Iteration[20/186] loss_total: 1.200, loss_id: 1.064, loss_triplet: 0.029, loss_camera_triplet: 0.000, loss_cross_camera_positive: 0.247, loss_pcc: 0.337, cross_camera_positive_count: 62.7, Acc: 0.999, Base Lr: 3.50e-06
2026-08-15 13:55:11,338 reid_baseline.train INFO: Soft Alignment Batch - Epoch: 99 Iteration: 20 soft_alignment_loss: 0.348954 valid_alignment_pair_count: 78 mean_soft_path_cost: 3.838495 alignment_temperature: 0.1
2026-08-15 13:55:14,082 reid_baseline.train INFO: Epoch[99] Iteration[40/186] loss_total: 1.202, loss_id: 1.064, loss_triplet: 0.030, loss_camera_triplet: 0.000, loss_cross_camera_positive: 0.248, loss_pcc: 0.336, cross_camera_positive_count: 63.0, Acc: 0.999, Base Lr: 3.50e-06
2026-08-15 13:55:14,082 reid_baseline.train INFO: Soft Alignment Batch - Epoch: 99 Iteration: 40 soft_alignment_loss: 0.323714 valid_alignment_pair_count: 77 mean_soft_path_cost: 3.560854 alignment_temperature: 0.1
2026-08-15 13:55:16,820 reid_baseline.train INFO: Epoch[99] Iteration[60/186] loss_total: 1.196, loss_id: 1.060, loss_triplet: 0.029, loss_camera_triplet: 0.000, loss_cross_camera_positive: 0.247, loss_pcc: 0.335, cross_camera_positive_count: 62.9, Acc: 0.999, Base Lr: 3.50e-06
2026-08-15 13:55:16,820 reid_baseline.train INFO: Soft Alignment Batch - Epoch: 99 Iteration: 60 soft_alignment_loss: 0.332929 valid_alignment_pair_count: 74 mean_soft_path_cost: 3.662223 alignment_temperature: 0.1
2026-08-15 13:55:19,578 reid_baseline.train INFO: Epoch[99] Iteration[80/186] loss_total: 1.191, loss_id: 1.057, loss_triplet: 0.027, loss_camera_triplet: 0.000, loss_cross_camera_positive: 0.244, loss_pcc: 0.333, cross_camera_positive_count: 62.6, Acc: 0.999, Base Lr: 3.50e-06
2026-08-15 13:55:19,578 reid_baseline.train INFO: Soft Alignment Batch - Epoch: 99 Iteration: 80 soft_alignment_loss: 0.327022 valid_alignment_pair_count: 74 mean_soft_path_cost: 3.597242 alignment_temperature: 0.1
2026-08-15 13:55:22,318 reid_baseline.train INFO: Epoch[99] Iteration[100/186] loss_total: 1.183, loss_id: 1.054, loss_triplet: 0.024, loss_camera_triplet: 0.000, loss_cross_camera_positive: 0.240, loss_pcc: 0.328, cross_camera_positive_count: 62.6, Acc: 0.999, Base Lr: 3.50e-06
2026-08-15 13:55:22,318 reid_baseline.train INFO: Soft Alignment Batch - Epoch: 99 Iteration: 100 soft_alignment_loss: 0.309376 valid_alignment_pair_count: 75 mean_soft_path_cost: 3.403140 alignment_temperature: 0.1
2026-08-15 13:55:25,783 reid_baseline.train INFO: Epoch[99] Iteration[120/186] loss_total: 1.199, loss_id: 1.064, loss_triplet: 0.031, loss_camera_triplet: 0.000, loss_cross_camera_positive: 0.240, loss_pcc: 0.327, cross_camera_positive_count: 62.8, Acc: 1.000, Base Lr: 3.50e-06
2026-08-15 13:55:25,783 reid_baseline.train INFO: Soft Alignment Batch - Epoch: 99 Iteration: 120 soft_alignment_loss: 0.340536 valid_alignment_pair_count: 75 mean_soft_path_cost: 3.745901 alignment_temperature: 0.1
2026-08-15 13:55:28,531 reid_baseline.train INFO: Epoch[99] Iteration[140/186] loss_total: 1.206, loss_id: 1.068, loss_triplet: 0.033, loss_camera_triplet: 0.000, loss_cross_camera_positive: 0.242, loss_pcc: 0.330, cross_camera_positive_count: 62.7, Acc: 0.999, Base Lr: 3.50e-06
2026-08-15 13:55:28,531 reid_baseline.train INFO: Soft Alignment Batch - Epoch: 99 Iteration: 140 soft_alignment_loss: 0.327859 valid_alignment_pair_count: 79 mean_soft_path_cost: 3.606447 alignment_temperature: 0.1
2026-08-15 13:55:31,301 reid_baseline.train INFO: Epoch[99] Iteration[160/186] loss_total: 1.207, loss_id: 1.068, loss_triplet: 0.032, loss_camera_triplet: 0.000, loss_cross_camera_positive: 0.246, loss_pcc: 0.335, cross_camera_positive_count: 62.9, Acc: 0.999, Base Lr: 3.50e-06
2026-08-15 13:55:31,302 reid_baseline.train INFO: Soft Alignment Batch - Epoch: 99 Iteration: 160 soft_alignment_loss: 0.343989 valid_alignment_pair_count: 75 mean_soft_path_cost: 3.783877 alignment_temperature: 0.1
2026-08-15 13:55:34,040 reid_baseline.train INFO: Epoch[99] Iteration[180/186] loss_total: 1.204, loss_id: 1.065, loss_triplet: 0.031, loss_camera_triplet: 0.000, loss_cross_camera_positive: 0.248, loss_pcc: 0.338, cross_camera_positive_count: 62.6, Acc: 0.999, Base Lr: 3.50e-06
2026-08-15 13:55:34,040 reid_baseline.train INFO: Soft Alignment Batch - Epoch: 99 Iteration: 180 soft_alignment_loss: 0.344029 valid_alignment_pair_count: 74 mean_soft_path_cost: 3.784322 alignment_temperature: 0.1
2026-08-15 13:55:34,861 reid_baseline.train INFO: EPOCH_EVIDENCE epoch=99 global_iteration=18414 epoch_length=186
2026-08-15 13:55:34,861 reid_baseline.train INFO: Soft Alignment Epoch Summary - Epoch: 99 soft_alignment_loss: 0.333986 valid_alignment_pair_count: 13844 mean_soft_path_cost: 3.673843 alignment_temperature: 0.1
2026-08-15 13:55:34,861 reid_baseline.train INFO: Epoch 99 done. Time per batch: 24.539[s] Speed: 485.1[samples/s]
2026-08-15 13:55:34,861 reid_baseline.train INFO: ----------
2026-08-15 13:55:37,582 reid_baseline.train INFO: Epoch[100] Iteration[20/186] loss_total: 1.202, loss_id: 1.063, loss_triplet: 0.031, loss_camera_triplet: 0.000, loss_cross_camera_positive: 0.248, loss_pcc: 0.339, cross_camera_positive_count: 62.5, Acc: 0.999, Base Lr: 3.50e-06
2026-08-15 13:55:37,582 reid_baseline.train INFO: Soft Alignment Batch - Epoch: 100 Iteration: 20 soft_alignment_loss: 0.332901 valid_alignment_pair_count: 78 mean_soft_path_cost: 3.661913 alignment_temperature: 0.1
2026-08-15 13:55:40,323 reid_baseline.train INFO: Epoch[100] Iteration[40/186] loss_total: 1.194, loss_id: 1.058, loss_triplet: 0.029, loss_camera_triplet: 0.000, loss_cross_camera_positive: 0.244, loss_pcc: 0.336, cross_camera_positive_count: 62.4, Acc: 0.999, Base Lr: 3.50e-06
2026-08-15 13:55:40,323 reid_baseline.train INFO: Soft Alignment Batch - Epoch: 100 Iteration: 40 soft_alignment_loss: 0.330791 valid_alignment_pair_count: 78 mean_soft_path_cost: 3.638703 alignment_temperature: 0.1
2026-08-15 13:55:43,089 reid_baseline.train INFO: Epoch[100] Iteration[60/186] loss_total: 1.194, loss_id: 1.059, loss_triplet: 0.029, loss_camera_triplet: 0.000, loss_cross_camera_positive: 0.242, loss_pcc: 0.333, cross_camera_positive_count: 62.7, Acc: 1.000, Base Lr: 3.50e-06
2026-08-15 13:55:43,089 reid_baseline.train INFO: Soft Alignment Batch - Epoch: 100 Iteration: 60 soft_alignment_loss: 0.316389 valid_alignment_pair_count: 70 mean_soft_path_cost: 3.480274 alignment_temperature: 0.1
2026-08-15 13:55:45,840 reid_baseline.train INFO: Epoch[100] Iteration[80/186] loss_total: 1.186, loss_id: 1.055, loss_triplet: 0.027, loss_camera_triplet: 0.000, loss_cross_camera_positive: 0.239, loss_pcc: 0.329, cross_camera_positive_count: 62.4, Acc: 1.000, Base Lr: 3.50e-06
2026-08-15 13:55:45,841 reid_baseline.train INFO: Soft Alignment Batch - Epoch: 100 Iteration: 80 soft_alignment_loss: 0.311593 valid_alignment_pair_count: 70 mean_soft_path_cost: 3.427525 alignment_temperature: 0.1
2026-08-15 13:55:49,183 reid_baseline.train INFO: Epoch[100] Iteration[100/186] loss_total: 1.188, loss_id: 1.056, loss_triplet: 0.028, loss_camera_triplet: 0.000, loss_cross_camera_positive: 0.237, loss_pcc: 0.325, cross_camera_positive_count: 62.1, Acc: 0.999, Base Lr: 3.50e-06
2026-08-15 13:55:49,183 reid_baseline.train INFO: Soft Alignment Batch - Epoch: 100 Iteration: 100 soft_alignment_loss: 0.337181 valid_alignment_pair_count: 65 mean_soft_path_cost: 3.708996 alignment_temperature: 0.1
2026-08-15 13:55:51,921 reid_baseline.train INFO: Epoch[100] Iteration[120/186] loss_total: 1.199, loss_id: 1.063, loss_triplet: 0.032, loss_camera_triplet: 0.000, loss_cross_camera_positive: 0.238, loss_pcc: 0.325, cross_camera_positive_count: 62.2, Acc: 0.999, Base Lr: 3.50e-06
2026-08-15 13:55:51,921 reid_baseline.train INFO: Soft Alignment Batch - Epoch: 100 Iteration: 120 soft_alignment_loss: 0.330374 valid_alignment_pair_count: 76 mean_soft_path_cost: 3.634113 alignment_temperature: 0.1
2026-08-15 13:55:54,645 reid_baseline.train INFO: Epoch[100] Iteration[140/186] loss_total: 1.200, loss_id: 1.064, loss_triplet: 0.032, loss_camera_triplet: 0.000, loss_cross_camera_positive: 0.239, loss_pcc: 0.327, cross_camera_positive_count: 62.3, Acc: 1.000, Base Lr: 3.50e-06
2026-08-15 13:55:54,645 reid_baseline.train INFO: Soft Alignment Batch - Epoch: 100 Iteration: 140 soft_alignment_loss: 0.328852 valid_alignment_pair_count: 76 mean_soft_path_cost: 3.617368 alignment_temperature: 0.1
2026-08-15 13:55:57,387 reid_baseline.train INFO: Epoch[100] Iteration[160/186] loss_total: 1.203, loss_id: 1.064, loss_triplet: 0.033, loss_camera_triplet: 0.000, loss_cross_camera_positive: 0.242, loss_pcc: 0.332, cross_camera_positive_count: 62.6, Acc: 1.000, Base Lr: 3.50e-06
2026-08-15 13:55:57,388 reid_baseline.train INFO: Soft Alignment Batch - Epoch: 100 Iteration: 160 soft_alignment_loss: 0.332402 valid_alignment_pair_count: 76 mean_soft_path_cost: 3.656417 alignment_temperature: 0.1
2026-08-15 13:56:00,127 reid_baseline.train INFO: Epoch[100] Iteration[180/186] loss_total: 1.200, loss_id: 1.062, loss_triplet: 0.032, loss_camera_triplet: 0.000, loss_cross_camera_positive: 0.244, loss_pcc: 0.334, cross_camera_positive_count: 62.7, Acc: 1.000, Base Lr: 3.50e-06
2026-08-15 13:56:00,127 reid_baseline.train INFO: Soft Alignment Batch - Epoch: 100 Iteration: 180 soft_alignment_loss: 0.330070 valid_alignment_pair_count: 72 mean_soft_path_cost: 3.630766 alignment_temperature: 0.1
2026-08-15 13:56:00,947 reid_baseline.train INFO: EPOCH_EVIDENCE epoch=100 global_iteration=18600 epoch_length=186
2026-08-15 13:56:00,948 reid_baseline.train INFO: Soft Alignment Epoch Summary - Epoch: 100 soft_alignment_loss: 0.330612 valid_alignment_pair_count: 13679 mean_soft_path_cost: 3.636732 alignment_temperature: 0.1
2026-08-15 13:56:00,948 reid_baseline.train INFO: Epoch 100 done. Time per batch: 24.457[s] Speed: 486.7[samples/s]
2026-08-15 13:56:00,948 reid_baseline.train INFO: ----------
2026-08-15 13:56:03,683 reid_baseline.train INFO: Epoch[101] Iteration[20/186] loss_total: 1.198, loss_id: 1.060, loss_triplet: 0.031, loss_camera_triplet: 0.000, loss_cross_camera_positive: 0.244, loss_pcc: 0.334, cross_camera_positive_count: 62.4, Acc: 1.000, Base Lr: 3.50e-06
2026-08-15 13:56:03,683 reid_baseline.train INFO: Soft Alignment Batch - Epoch: 101 Iteration: 20 soft_alignment_loss: 0.333477 valid_alignment_pair_count: 82 mean_soft_path_cost: 3.668246 alignment_temperature: 0.1
2026-08-15 13:56:06,443 reid_baseline.train INFO: Epoch[101] Iteration[40/186] loss_total: 1.195, loss_id: 1.060, loss_triplet: 0.029, loss_camera_triplet: 0.000, loss_cross_camera_positive: 0.244, loss_pcc: 0.333, cross_camera_positive_count: 62.6, Acc: 1.000, Base Lr: 3.50e-06
2026-08-15 13:56:06,443 reid_baseline.train INFO: Soft Alignment Batch - Epoch: 101 Iteration: 40 soft_alignment_loss: 0.321846 valid_alignment_pair_count: 78 mean_soft_path_cost: 3.540308 alignment_temperature: 0.1
2026-08-15 13:56:09,198 reid_baseline.train INFO: Epoch[101] Iteration[60/186] loss_total: 1.192, loss_id: 1.057, loss_triplet: 0.029, loss_camera_triplet: 0.000, loss_cross_camera_positive: 0.243, loss_pcc: 0.332, cross_camera_positive_count: 62.3, Acc: 1.000, Base Lr: 3.50e-06
2026-08-15 13:56:09,198 reid_baseline.train INFO: Soft Alignment Batch - Epoch: 101 Iteration: 60 soft_alignment_loss: 0.338952 valid_alignment_pair_count: 84 mean_soft_path_cost: 3.728473 alignment_temperature: 0.1
2026-08-15 13:56:11,935 reid_baseline.train INFO: Epoch[101] Iteration[80/186] loss_total: 1.185, loss_id: 1.054, loss_triplet: 0.026, loss_camera_triplet: 0.000, loss_cross_camera_positive: 0.240, loss_pcc: 0.330, cross_camera_positive_count: 62.5, Acc: 1.000, Base Lr: 3.50e-06
2026-08-15 13:56:11,935 reid_baseline.train INFO: Soft Alignment Batch - Epoch: 101 Iteration: 80 soft_alignment_loss: 0.317072 valid_alignment_pair_count: 72 mean_soft_path_cost: 3.487790 alignment_temperature: 0.1
2026-08-15 13:56:15,327 reid_baseline.train INFO: Epoch[101] Iteration[100/186] loss_total: 1.184, loss_id: 1.055, loss_triplet: 0.025, loss_camera_triplet: 0.000, loss_cross_camera_positive: 0.238, loss_pcc: 0.325, cross_camera_positive_count: 62.1, Acc: 0.999, Base Lr: 3.50e-06
2026-08-15 13:56:15,327 reid_baseline.train INFO: Soft Alignment Batch - Epoch: 101 Iteration: 100 soft_alignment_loss: 0.331166 valid_alignment_pair_count: 70 mean_soft_path_cost: 3.642823 alignment_temperature: 0.1
2026-08-15 13:56:18,077 reid_baseline.train INFO: Epoch[101] Iteration[120/186] loss_total: 1.192, loss_id: 1.061, loss_triplet: 0.027, loss_camera_triplet: 0.000, loss_cross_camera_positive: 0.236, loss_pcc: 0.324, cross_camera_positive_count: 62.5, Acc: 0.999, Base Lr: 3.50e-06
2026-08-15 13:56:18,077 reid_baseline.train INFO: Soft Alignment Batch - Epoch: 101 Iteration: 120 soft_alignment_loss: 0.316444 valid_alignment_pair_count: 71 mean_soft_path_cost: 3.480884 alignment_temperature: 0.1
2026-08-15 13:56:20,804 reid_baseline.train INFO: Epoch[101] Iteration[140/186] loss_total: 1.203, loss_id: 1.066, loss_triplet: 0.032, loss_camera_triplet: 0.000, loss_cross_camera_positive: 0.240, loss_pcc: 0.328, cross_camera_positive_count: 62.6, Acc: 1.000, Base Lr: 3.50e-06
2026-08-15 13:56:20,804 reid_baseline.train INFO: Soft Alignment Batch - Epoch: 101 Iteration: 140 soft_alignment_loss: 0.323958 valid_alignment_pair_count: 70 mean_soft_path_cost: 3.563541 alignment_temperature: 0.1
2026-08-15 13:56:23,538 reid_baseline.train INFO: Epoch[101] Iteration[160/186] loss_total: 1.204, loss_id: 1.065, loss_triplet: 0.033, loss_camera_triplet: 0.000, loss_cross_camera_positive: 0.243, loss_pcc: 0.332, cross_camera_positive_count: 62.5, Acc: 0.999, Base Lr: 3.50e-06
2026-08-15 13:56:23,538 reid_baseline.train INFO: Soft Alignment Batch - Epoch: 101 Iteration: 160 soft_alignment_loss: 0.357409 valid_alignment_pair_count: 72 mean_soft_path_cost: 3.931497 alignment_temperature: 0.1
2026-08-15 13:56:26,286 reid_baseline.train INFO: Epoch[101] Iteration[180/186] loss_total: 1.200, loss_id: 1.063, loss_triplet: 0.030, loss_camera_triplet: 0.000, loss_cross_camera_positive: 0.245, loss_pcc: 0.335, cross_camera_positive_count: 62.3, Acc: 0.999, Base Lr: 3.50e-06
2026-08-15 13:56:26,286 reid_baseline.train INFO: Soft Alignment Batch - Epoch: 101 Iteration: 180 soft_alignment_loss: 0.340504 valid_alignment_pair_count: 79 mean_soft_path_cost: 3.745543 alignment_temperature: 0.1
2026-08-15 13:56:27,120 reid_baseline.train INFO: EPOCH_EVIDENCE epoch=101 global_iteration=18786 epoch_length=186
2026-08-15 13:56:27,120 reid_baseline.train INFO: Soft Alignment Epoch Summary - Epoch: 101 soft_alignment_loss: 0.330333 valid_alignment_pair_count: 13736 mean_soft_path_cost: 3.633659 alignment_temperature: 0.1
2026-08-15 13:56:27,120 reid_baseline.train INFO: Epoch 101 done. Time per batch: 24.475[s] Speed: 486.4[samples/s]
2026-08-15 13:56:27,120 reid_baseline.train INFO: ----------
2026-08-15 13:56:29,890 reid_baseline.train INFO: Epoch[102] Iteration[20/186] loss_total: 1.196, loss_id: 1.060, loss_triplet: 0.029, loss_camera_triplet: 0.000, loss_cross_camera_positive: 0.245, loss_pcc: 0.335, cross_camera_positive_count: 62.2, Acc: 0.999, Base Lr: 3.50e-06
2026-08-15 13:56:29,891 reid_baseline.train INFO: Soft Alignment Batch - Epoch: 102 Iteration: 20 soft_alignment_loss: 0.332871 valid_alignment_pair_count: 79 mean_soft_path_cost: 3.661582 alignment_temperature: 0.1
2026-08-15 13:56:32,634 reid_baseline.train INFO: Epoch[102] Iteration[40/186] loss_total: 1.192, loss_id: 1.059, loss_triplet: 0.027, loss_camera_triplet: 0.000, loss_cross_camera_positive: 0.242, loss_pcc: 0.333, cross_camera_positive_count: 62.4, Acc: 1.000, Base Lr: 3.50e-06
2026-08-15 13:56:32,634 reid_baseline.train INFO: Soft Alignment Batch - Epoch: 102 Iteration: 40 soft_alignment_loss: 0.319770 valid_alignment_pair_count: 75 mean_soft_path_cost: 3.517474 alignment_temperature: 0.1
2026-08-15 13:56:35,359 reid_baseline.train INFO: Epoch[102] Iteration[60/186] loss_total: 1.192, loss_id: 1.058, loss_triplet: 0.029, loss_camera_triplet: 0.000, loss_cross_camera_positive: 0.241, loss_pcc: 0.331, cross_camera_positive_count: 62.2, Acc: 1.000, Base Lr: 3.50e-06
2026-08-15 13:56:35,359 reid_baseline.train INFO: Soft Alignment Batch - Epoch: 102 Iteration: 60 soft_alignment_loss: 0.306385 valid_alignment_pair_count: 80 mean_soft_path_cost: 3.370230 alignment_temperature: 0.1
2026-08-15 13:56:38,094 reid_baseline.train INFO: Epoch[102] Iteration[80/186] loss_total: 1.186, loss_id: 1.055, loss_triplet: 0.026, loss_camera_triplet: 0.000, loss_cross_camera_positive: 0.240, loss_pcc: 0.329, cross_camera_positive_count: 62.7, Acc: 0.999, Base Lr: 3.50e-06
2026-08-15 13:56:38,095 reid_baseline.train INFO: Soft Alignment Batch - Epoch: 102 Iteration: 80 soft_alignment_loss: 0.322120 valid_alignment_pair_count: 76 mean_soft_path_cost: 3.543317 alignment_temperature: 0.1
2026-08-15 13:56:41,461 reid_baseline.train INFO: Epoch[102] Iteration[100/186] loss_total: 1.186, loss_id: 1.056, loss_triplet: 0.027, loss_camera_triplet: 0.000, loss_cross_camera_positive: 0.238, loss_pcc: 0.325, cross_camera_positive_count: 63.0, Acc: 0.999, Base Lr: 3.50e-06
2026-08-15 13:56:41,462 reid_baseline.train INFO: Soft Alignment Batch - Epoch: 102 Iteration: 100 soft_alignment_loss: 0.312310 valid_alignment_pair_count: 78 mean_soft_path_cost: 3.435407 alignment_temperature: 0.1
2026-08-15 13:56:44,183 reid_baseline.train INFO: Epoch[102] Iteration[120/186] loss_total: 1.193, loss_id: 1.062, loss_triplet: 0.028, loss_camera_triplet: 0.000, loss_cross_camera_positive: 0.237, loss_pcc: 0.325, cross_camera_positive_count: 62.7, Acc: 0.999, Base Lr: 3.50e-06
2026-08-15 13:56:44,183 reid_baseline.train INFO: Soft Alignment Batch - Epoch: 102 Iteration: 120 soft_alignment_loss: 0.339734 valid_alignment_pair_count: 71 mean_soft_path_cost: 3.737076 alignment_temperature: 0.1
2026-08-15 13:56:46,907 reid_baseline.train INFO: Epoch[102] Iteration[140/186] loss_total: 1.196, loss_id: 1.064, loss_triplet: 0.028, loss_camera_triplet: 0.000, loss_cross_camera_positive: 0.239, loss_pcc: 0.328, cross_camera_positive_count: 62.9, Acc: 0.999, Base Lr: 3.50e-06
2026-08-15 13:56:46,907 reid_baseline.train INFO: Soft Alignment Batch - Epoch: 102 Iteration: 140 soft_alignment_loss: 0.326588 valid_alignment_pair_count: 78 mean_soft_path_cost: 3.592466 alignment_temperature: 0.1
2026-08-15 13:56:49,656 reid_baseline.train INFO: Epoch[102] Iteration[160/186] loss_total: 1.199, loss_id: 1.065, loss_triplet: 0.028, loss_camera_triplet: 0.000, loss_cross_camera_positive: 0.243, loss_pcc: 0.332, cross_camera_positive_count: 63.0, Acc: 0.999, Base Lr: 3.50e-06
2026-08-15 13:56:49,656 reid_baseline.train INFO: Soft Alignment Batch - Epoch: 102 Iteration: 160 soft_alignment_loss: 0.331980 valid_alignment_pair_count: 71 mean_soft_path_cost: 3.651777 alignment_temperature: 0.1
2026-08-15 13:56:52,383 reid_baseline.train INFO: Epoch[102] Iteration[180/186] loss_total: 1.202, loss_id: 1.067, loss_triplet: 0.029, loss_camera_triplet: 0.000, loss_cross_camera_positive: 0.244, loss_pcc: 0.333, cross_camera_positive_count: 62.7, Acc: 0.998, Base Lr: 3.50e-06
2026-08-15 13:56:52,383 reid_baseline.train INFO: Soft Alignment Batch - Epoch: 102 Iteration: 180 soft_alignment_loss: 0.341253 valid_alignment_pair_count: 72 mean_soft_path_cost: 3.753784 alignment_temperature: 0.1
2026-08-15 13:56:53,196 reid_baseline.train INFO: EPOCH_EVIDENCE epoch=102 global_iteration=18972 epoch_length=186
2026-08-15 13:56:53,197 reid_baseline.train INFO: Soft Alignment Epoch Summary - Epoch: 102 soft_alignment_loss: 0.329947 valid_alignment_pair_count: 13785 mean_soft_path_cost: 3.629421 alignment_temperature: 0.1
2026-08-15 13:56:53,197 reid_baseline.train INFO: Epoch 102 done. Time per batch: 24.447[s] Speed: 486.9[samples/s]
2026-08-15 13:56:53,197 reid_baseline.train INFO: ----------
2026-08-15 13:56:55,934 reid_baseline.train INFO: Epoch[103] Iteration[20/186] loss_total: 1.199, loss_id: 1.064, loss_triplet: 0.028, loss_camera_triplet: 0.000, loss_cross_camera_positive: 0.245, loss_pcc: 0.334, cross_camera_positive_count: 62.6, Acc: 0.999, Base Lr: 3.50e-06
2026-08-15 13:56:55,934 reid_baseline.train INFO: Soft Alignment Batch - Epoch: 103 Iteration: 20 soft_alignment_loss: 0.330048 valid_alignment_pair_count: 72 mean_soft_path_cost: 3.630531 alignment_temperature: 0.1
2026-08-15 13:56:58,703 reid_baseline.train INFO: Epoch[103] Iteration[40/186] loss_total: 1.196, loss_id: 1.062, loss_triplet: 0.027, loss_camera_triplet: 0.000, loss_cross_camera_positive: 0.245, loss_pcc: 0.334, cross_camera_positive_count: 62.6, Acc: 0.999, Base Lr: 3.50e-06
2026-08-15 13:56:58,703 reid_baseline.train INFO: Soft Alignment Batch - Epoch: 103 Iteration: 40 soft_alignment_loss: 0.322317 valid_alignment_pair_count: 79 mean_soft_path_cost: 3.545492 alignment_temperature: 0.1
2026-08-15 13:57:01,427 reid_baseline.train INFO: Epoch[103] Iteration[60/186] loss_total: 1.191, loss_id: 1.059, loss_triplet: 0.027, loss_camera_triplet: 0.000, loss_cross_camera_positive: 0.242, loss_pcc: 0.332, cross_camera_positive_count: 62.7, Acc: 0.999, Base Lr: 3.50e-06
2026-08-15 13:57:01,427 reid_baseline.train INFO: Soft Alignment Batch - Epoch: 103 Iteration: 60 soft_alignment_loss: 0.334292 valid_alignment_pair_count: 78 mean_soft_path_cost: 3.677212 alignment_temperature: 0.1
2026-08-15 13:57:04,151 reid_baseline.train INFO: Epoch[103] Iteration[80/186] loss_total: 1.186, loss_id: 1.056, loss_triplet: 0.025, loss_camera_triplet: 0.000, loss_cross_camera_positive: 0.241, loss_pcc: 0.329, cross_camera_positive_count: 62.8, Acc: 0.999, Base Lr: 3.50e-06
2026-08-15 13:57:04,151 reid_baseline.train INFO: Soft Alignment Batch - Epoch: 103 Iteration: 80 soft_alignment_loss: 0.307721 valid_alignment_pair_count: 79 mean_soft_path_cost: 3.384935 alignment_temperature: 0.1
2026-08-15 13:57:07,449 reid_baseline.train INFO: Epoch[103] Iteration[100/186] loss_total: 1.191, loss_id: 1.060, loss_triplet: 0.026, loss_camera_triplet: 0.000, loss_cross_camera_positive: 0.239, loss_pcc: 0.326, cross_camera_positive_count: 62.6, Acc: 1.000, Base Lr: 3.50e-06
2026-08-15 13:57:07,449 reid_baseline.train INFO: Soft Alignment Batch - Epoch: 103 Iteration: 100 soft_alignment_loss: 0.332740 valid_alignment_pair_count: 77 mean_soft_path_cost: 3.660142 alignment_temperature: 0.1
2026-08-15 13:57:10,177 reid_baseline.train INFO: Epoch[103] Iteration[120/186] loss_total: 1.205, loss_id: 1.068, loss_triplet: 0.032, loss_camera_triplet: 0.000, loss_cross_camera_positive: 0.242, loss_pcc: 0.328, cross_camera_positive_count: 62.7, Acc: 0.999, Base Lr: 3.50e-06
2026-08-15 13:57:10,177 reid_baseline.train INFO: Soft Alignment Batch - Epoch: 103 Iteration: 120 soft_alignment_loss: 0.335889 valid_alignment_pair_count: 81 mean_soft_path_cost: 3.694779 alignment_temperature: 0.1
2026-08-15 13:57:12,907 reid_baseline.train INFO: Epoch[103] Iteration[140/186] loss_total: 1.207, loss_id: 1.069, loss_triplet: 0.032, loss_camera_triplet: 0.000, loss_cross_camera_positive: 0.245, loss_pcc: 0.333, cross_camera_positive_count: 62.5, Acc: 0.999, Base Lr: 3.50e-06
2026-08-15 13:57:12,907 reid_baseline.train INFO: Soft Alignment Batch - Epoch: 103 Iteration: 140 soft_alignment_loss: 0.342887 valid_alignment_pair_count: 80 mean_soft_path_cost: 3.771758 alignment_temperature: 0.1
2026-08-15 13:57:15,660 reid_baseline.train INFO: Epoch[103] Iteration[160/186] loss_total: 1.207, loss_id: 1.066, loss_triplet: 0.033, loss_camera_triplet: 0.000, loss_cross_camera_positive: 0.248, loss_pcc: 0.337, cross_camera_positive_count: 62.8, Acc: 0.999, Base Lr: 3.50e-06
2026-08-15 13:57:15,661 reid_baseline.train INFO: Soft Alignment Batch - Epoch: 103 Iteration: 160 soft_alignment_loss: 0.345888 valid_alignment_pair_count: 75 mean_soft_path_cost: 3.804765 alignment_temperature: 0.1
2026-08-15 13:57:18,393 reid_baseline.train INFO: Epoch[103] Iteration[180/186] loss_total: 1.201, loss_id: 1.063, loss_triplet: 0.031, loss_camera_triplet: 0.000, loss_cross_camera_positive: 0.247, loss_pcc: 0.337, cross_camera_positive_count: 62.6, Acc: 0.999, Base Lr: 3.50e-06
2026-08-15 13:57:18,393 reid_baseline.train INFO: Soft Alignment Batch - Epoch: 103 Iteration: 180 soft_alignment_loss: 0.347754 valid_alignment_pair_count: 71 mean_soft_path_cost: 3.825292 alignment_temperature: 0.1
2026-08-15 13:57:19,216 reid_baseline.train INFO: EPOCH_EVIDENCE epoch=103 global_iteration=19158 epoch_length=186
2026-08-15 13:57:19,216 reid_baseline.train INFO: Soft Alignment Epoch Summary - Epoch: 103 soft_alignment_loss: 0.333332 valid_alignment_pair_count: 13822 mean_soft_path_cost: 3.666655 alignment_temperature: 0.1
2026-08-15 13:57:19,216 reid_baseline.train INFO: Epoch 103 done. Time per batch: 24.422[s] Speed: 487.4[samples/s]
2026-08-15 13:57:19,216 reid_baseline.train INFO: ----------
2026-08-15 13:57:21,907 reid_baseline.train INFO: Epoch[104] Iteration[20/186] loss_total: 1.196, loss_id: 1.059, loss_triplet: 0.030, loss_camera_triplet: 0.000, loss_cross_camera_positive: 0.246, loss_pcc: 0.336, cross_camera_positive_count: 62.8, Acc: 0.999, Base Lr: 3.50e-06
2026-08-15 13:57:21,907 reid_baseline.train INFO: Soft Alignment Batch - Epoch: 104 Iteration: 20 soft_alignment_loss: 0.338682 valid_alignment_pair_count: 72 mean_soft_path_cost: 3.725499 alignment_temperature: 0.1
2026-08-15 13:57:24,588 reid_baseline.train INFO: Epoch[104] Iteration[40/186] loss_total: 1.192, loss_id: 1.056, loss_triplet: 0.029, loss_camera_triplet: 0.000, loss_cross_camera_positive: 0.244, loss_pcc: 0.334, cross_camera_positive_count: 62.5, Acc: 1.000, Base Lr: 3.50e-06
2026-08-15 13:57:24,589 reid_baseline.train INFO: Soft Alignment Batch - Epoch: 104 Iteration: 40 soft_alignment_loss: 0.328056 valid_alignment_pair_count: 73 mean_soft_path_cost: 3.608617 alignment_temperature: 0.1
2026-08-15 13:57:27,285 reid_baseline.train INFO: Epoch[104] Iteration[60/186] loss_total: 1.188, loss_id: 1.055, loss_triplet: 0.028, loss_camera_triplet: 0.000, loss_cross_camera_positive: 0.241, loss_pcc: 0.330, cross_camera_positive_count: 62.8, Acc: 1.000, Base Lr: 3.50e-06
2026-08-15 13:57:27,286 reid_baseline.train INFO: Soft Alignment Batch - Epoch: 104 Iteration: 60 soft_alignment_loss: 0.327208 valid_alignment_pair_count: 72 mean_soft_path_cost: 3.599284 alignment_temperature: 0.1
2026-08-15 13:57:29,964 reid_baseline.train INFO: Epoch[104] Iteration[80/186] loss_total: 1.182, loss_id: 1.052, loss_triplet: 0.026, loss_camera_triplet: 0.000, loss_cross_camera_positive: 0.238, loss_pcc: 0.326, cross_camera_positive_count: 62.6, Acc: 1.000, Base Lr: 3.50e-06
2026-08-15 13:57:29,964 reid_baseline.train INFO: Soft Alignment Batch - Epoch: 104 Iteration: 80 soft_alignment_loss: 0.322402 valid_alignment_pair_count: 69 mean_soft_path_cost: 3.546421 alignment_temperature: 0.1
2026-08-15 13:57:33,208 reid_baseline.train INFO: Epoch[104] Iteration[100/186] loss_total: 1.188, loss_id: 1.059, loss_triplet: 0.027, loss_camera_triplet: 0.000, loss_cross_camera_positive: 0.235, loss_pcc: 0.322, cross_camera_positive_count: 62.8, Acc: 0.999, Base Lr: 3.50e-06
2026-08-15 13:57:33,208 reid_baseline.train INFO: Soft Alignment Batch - Epoch: 104 Iteration: 100 soft_alignment_loss: 0.317904 valid_alignment_pair_count: 77 mean_soft_path_cost: 3.496941 alignment_temperature: 0.1
2026-08-15 13:57:35,926 reid_baseline.train INFO: Epoch[104] Iteration[120/186] loss_total: 1.202, loss_id: 1.067, loss_triplet: 0.031, loss_camera_triplet: 0.000, loss_cross_camera_positive: 0.238, loss_pcc: 0.325, cross_camera_positive_count: 62.9, Acc: 0.999, Base Lr: 3.50e-06
2026-08-15 13:57:35,926 reid_baseline.train INFO: Soft Alignment Batch - Epoch: 104 Iteration: 120 soft_alignment_loss: 0.335051 valid_alignment_pair_count: 71 mean_soft_path_cost: 3.685566 alignment_temperature: 0.1
2026-08-15 13:57:38,607 reid_baseline.train INFO: Epoch[104] Iteration[140/186] loss_total: 1.207, loss_id: 1.067, loss_triplet: 0.033, loss_camera_triplet: 0.000, loss_cross_camera_positive: 0.243, loss_pcc: 0.330, cross_camera_positive_count: 62.5, Acc: 0.999, Base Lr: 3.50e-06
2026-08-15 13:57:38,608 reid_baseline.train INFO: Soft Alignment Batch - Epoch: 104 Iteration: 140 soft_alignment_loss: 0.334571 valid_alignment_pair_count: 68 mean_soft_path_cost: 3.680277 alignment_temperature: 0.1
2026-08-15 13:57:41,331 reid_baseline.train INFO: Epoch[104] Iteration[160/186] loss_total: 1.204, loss_id: 1.065, loss_triplet: 0.032, loss_camera_triplet: 0.000, loss_cross_camera_positive: 0.246, loss_pcc: 0.333, cross_camera_positive_count: 62.3, Acc: 1.000, Base Lr: 3.50e-06
2026-08-15 13:57:41,331 reid_baseline.train INFO: Soft Alignment Batch - Epoch: 104 Iteration: 160 soft_alignment_loss: 0.353905 valid_alignment_pair_count: 80 mean_soft_path_cost: 3.892951 alignment_temperature: 0.1
2026-08-15 13:57:44,035 reid_baseline.train INFO: Epoch[104] Iteration[180/186] loss_total: 1.202, loss_id: 1.064, loss_triplet: 0.031, loss_camera_triplet: 0.000, loss_cross_camera_positive: 0.247, loss_pcc: 0.335, cross_camera_positive_count: 62.5, Acc: 0.999, Base Lr: 3.50e-06
2026-08-15 13:57:44,036 reid_baseline.train INFO: Soft Alignment Batch - Epoch: 104 Iteration: 180 soft_alignment_loss: 0.338446 valid_alignment_pair_count: 73 mean_soft_path_cost: 3.722904 alignment_temperature: 0.1
2026-08-15 13:57:44,842 reid_baseline.train INFO: EPOCH_EVIDENCE epoch=104 global_iteration=19344 epoch_length=186
2026-08-15 13:57:44,843 reid_baseline.train INFO: Soft Alignment Epoch Summary - Epoch: 104 soft_alignment_loss: 0.329412 valid_alignment_pair_count: 13807 mean_soft_path_cost: 3.623527 alignment_temperature: 0.1
2026-08-15 13:57:44,843 reid_baseline.train INFO: Epoch 104 done. Time per batch: 24.038[s] Speed: 495.2[samples/s]
2026-08-15 13:57:44,843 reid_baseline.train INFO: ----------
2026-08-15 13:57:47,575 reid_baseline.train INFO: Epoch[105] Iteration[20/186] loss_total: 1.197, loss_id: 1.061, loss_triplet: 0.029, loss_camera_triplet: 0.000, loss_cross_camera_positive: 0.245, loss_pcc: 0.333, cross_camera_positive_count: 62.7, Acc: 1.000, Base Lr: 3.50e-06
2026-08-15 13:57:47,575 reid_baseline.train INFO: Soft Alignment Batch - Epoch: 105 Iteration: 20 soft_alignment_loss: 0.329797 valid_alignment_pair_count: 81 mean_soft_path_cost: 3.627770 alignment_temperature: 0.1
2026-08-15 13:57:50,315 reid_baseline.train INFO: Epoch[105] Iteration[40/186] loss_total: 1.190, loss_id: 1.057, loss_triplet: 0.026, loss_camera_triplet: 0.000, loss_cross_camera_positive: 0.243, loss_pcc: 0.332, cross_camera_positive_count: 62.6, Acc: 1.000, Base Lr: 3.50e-06
2026-08-15 13:57:50,315 reid_baseline.train INFO: Soft Alignment Batch - Epoch: 105 Iteration: 40 soft_alignment_loss: 0.329074 valid_alignment_pair_count: 79 mean_soft_path_cost: 3.619809 alignment_temperature: 0.1
2026-08-15 13:57:53,032 reid_baseline.train INFO: Epoch[105] Iteration[60/186] loss_total: 1.186, loss_id: 1.054, loss_triplet: 0.027, loss_camera_triplet: 0.000, loss_cross_camera_positive: 0.239, loss_pcc: 0.328, cross_camera_positive_count: 62.8, Acc: 1.000, Base Lr: 3.50e-06
2026-08-15 13:57:53,032 reid_baseline.train INFO: Soft Alignment Batch - Epoch: 105 Iteration: 60 soft_alignment_loss: 0.315688 valid_alignment_pair_count: 75 mean_soft_path_cost: 3.472573 alignment_temperature: 0.1
2026-08-15 13:57:55,689 reid_baseline.train INFO: Epoch[105] Iteration[80/186] loss_total: 1.181, loss_id: 1.052, loss_triplet: 0.026, loss_camera_triplet: 0.000, loss_cross_camera_positive: 0.235, loss_pcc: 0.324, cross_camera_positive_count: 62.4, Acc: 1.000, Base Lr: 3.50e-06
2026-08-15 13:57:55,689 reid_baseline.train INFO: Soft Alignment Batch - Epoch: 105 Iteration: 80 soft_alignment_loss: 0.317527 valid_alignment_pair_count: 73 mean_soft_path_cost: 3.492796 alignment_temperature: 0.1
2026-08-15 13:57:58,981 reid_baseline.train INFO: Epoch[105] Iteration[100/186] loss_total: 1.188, loss_id: 1.059, loss_triplet: 0.027, loss_camera_triplet: 0.000, loss_cross_camera_positive: 0.233, loss_pcc: 0.320, cross_camera_positive_count: 62.5, Acc: 0.999, Base Lr: 3.50e-06
2026-08-15 13:57:58,981 reid_baseline.train INFO: Soft Alignment Batch - Epoch: 105 Iteration: 100 soft_alignment_loss: 0.309050 valid_alignment_pair_count: 70 mean_soft_path_cost: 3.399554 alignment_temperature: 0.1
2026-08-15 13:58:01,759 reid_baseline.train INFO: Epoch[105] Iteration[120/186] loss_total: 1.192, loss_id: 1.061, loss_triplet: 0.028, loss_camera_triplet: 0.000, loss_cross_camera_positive: 0.236, loss_pcc: 0.323, cross_camera_positive_count: 62.5, Acc: 1.000, Base Lr: 3.50e-06
2026-08-15 13:58:01,760 reid_baseline.train INFO: Soft Alignment Batch - Epoch: 105 Iteration: 120 soft_alignment_loss: 0.332961 valid_alignment_pair_count: 78 mean_soft_path_cost: 3.662568 alignment_temperature: 0.1
2026-08-15 13:58:04,528 reid_baseline.train INFO: Epoch[105] Iteration[140/186] loss_total: 1.195, loss_id: 1.063, loss_triplet: 0.028, loss_camera_triplet: 0.000, loss_cross_camera_positive: 0.239, loss_pcc: 0.327, cross_camera_positive_count: 62.8, Acc: 1.000, Base Lr: 3.50e-06
2026-08-15 13:58:04,528 reid_baseline.train INFO: Soft Alignment Batch - Epoch: 105 Iteration: 140 soft_alignment_loss: 0.331066 valid_alignment_pair_count: 78 mean_soft_path_cost: 3.641729 alignment_temperature: 0.1
2026-08-15 13:58:07,240 reid_baseline.train INFO: Epoch[105] Iteration[160/186] loss_total: 1.199, loss_id: 1.065, loss_triplet: 0.029, loss_camera_triplet: 0.000, loss_cross_camera_positive: 0.242, loss_pcc: 0.331, cross_camera_positive_count: 62.7, Acc: 0.999, Base Lr: 3.50e-06
2026-08-15 13:58:07,241 reid_baseline.train INFO: Soft Alignment Batch - Epoch: 105 Iteration: 160 soft_alignment_loss: 0.335198 valid_alignment_pair_count: 76 mean_soft_path_cost: 3.687176 alignment_temperature: 0.1
2026-08-15 13:58:09,965 reid_baseline.train INFO: Epoch[105] Iteration[180/186] loss_total: 1.201, loss_id: 1.064, loss_triplet: 0.031, loss_camera_triplet: 0.000, loss_cross_camera_positive: 0.245, loss_pcc: 0.334, cross_camera_positive_count: 62.8, Acc: 0.999, Base Lr: 3.50e-06
2026-08-15 13:58:09,966 reid_baseline.train INFO: Soft Alignment Batch - Epoch: 105 Iteration: 180 soft_alignment_loss: 0.344526 valid_alignment_pair_count: 76 mean_soft_path_cost: 3.789784 alignment_temperature: 0.1
2026-08-15 13:58:10,790 reid_baseline.train INFO: EPOCH_EVIDENCE epoch=105 global_iteration=19530 epoch_length=186
2026-08-15 13:58:10,790 reid_baseline.train INFO: Soft Alignment Epoch Summary - Epoch: 105 soft_alignment_loss: 0.328198 valid_alignment_pair_count: 13761 mean_soft_path_cost: 3.610178 alignment_temperature: 0.1
2026-08-15 13:58:10,790 reid_baseline.train INFO: Epoch 105 done. Time per batch: 24.349[s] Speed: 488.9[samples/s]
2026-08-15 13:58:10,790 reid_baseline.train INFO: ----------
2026-08-15 13:58:13,536 reid_baseline.train INFO: Epoch[106] Iteration[20/186] loss_total: 1.199, loss_id: 1.061, loss_triplet: 0.030, loss_camera_triplet: 0.000, loss_cross_camera_positive: 0.245, loss_pcc: 0.335, cross_camera_positive_count: 62.8, Acc: 0.999, Base Lr: 3.50e-06
2026-08-15 13:58:13,536 reid_baseline.train INFO: Soft Alignment Batch - Epoch: 106 Iteration: 20 soft_alignment_loss: 0.331619 valid_alignment_pair_count: 75 mean_soft_path_cost: 3.647808 alignment_temperature: 0.1
2026-08-15 13:58:16,285 reid_baseline.train INFO: Epoch[106] Iteration[40/186] loss_total: 1.192, loss_id: 1.058, loss_triplet: 0.028, loss_camera_triplet: 0.000, loss_cross_camera_positive: 0.242, loss_pcc: 0.332, cross_camera_positive_count: 62.7, Acc: 0.999, Base Lr: 3.50e-06
2026-08-15 13:58:16,285 reid_baseline.train INFO: Soft Alignment Batch - Epoch: 106 Iteration: 40 soft_alignment_loss: 0.325120 valid_alignment_pair_count: 77 mean_soft_path_cost: 3.576318 alignment_temperature: 0.1
2026-08-15 13:58:19,024 reid_baseline.train INFO: Epoch[106] Iteration[60/186] loss_total: 1.187, loss_id: 1.056, loss_triplet: 0.027, loss_camera_triplet: 0.000, loss_cross_camera_positive: 0.240, loss_pcc: 0.329, cross_camera_positive_count: 62.4, Acc: 0.999, Base Lr: 3.50e-06
2026-08-15 13:58:19,024 reid_baseline.train INFO: Soft Alignment Batch - Epoch: 106 Iteration: 60 soft_alignment_loss: 0.325812 valid_alignment_pair_count: 74 mean_soft_path_cost: 3.583937 alignment_temperature: 0.1
2026-08-15 13:58:21,747 reid_baseline.train INFO: Epoch[106] Iteration[80/186] loss_total: 1.181, loss_id: 1.051, loss_triplet: 0.026, loss_camera_triplet: 0.000, loss_cross_camera_positive: 0.238, loss_pcc: 0.325, cross_camera_positive_count: 62.4, Acc: 1.000, Base Lr: 3.50e-06
2026-08-15 13:58:21,747 reid_baseline.train INFO: Soft Alignment Batch - Epoch: 106 Iteration: 80 soft_alignment_loss: 0.324261 valid_alignment_pair_count: 78 mean_soft_path_cost: 3.566871 alignment_temperature: 0.1
2026-08-15 13:58:25,391 reid_baseline.train INFO: Epoch[106] Iteration[100/186] loss_total: 1.195, loss_id: 1.062, loss_triplet: 0.029, loss_camera_triplet: 0.000, loss_cross_camera_positive: 0.237, loss_pcc: 0.323, cross_camera_positive_count: 62.5, Acc: 0.999, Base Lr: 3.50e-06
2026-08-15 13:58:25,391 reid_baseline.train INFO: Soft Alignment Batch - Epoch: 106 Iteration: 100 soft_alignment_loss: 0.325616 valid_alignment_pair_count: 79 mean_soft_path_cost: 3.581775 alignment_temperature: 0.1
2026-08-15 13:58:28,164 reid_baseline.train INFO: Epoch[106] Iteration[120/186] loss_total: 1.199, loss_id: 1.065, loss_triplet: 0.030, loss_camera_triplet: 0.000, loss_cross_camera_positive: 0.240, loss_pcc: 0.327, cross_camera_positive_count: 62.8, Acc: 0.999, Base Lr: 3.50e-06
2026-08-15 13:58:28,164 reid_baseline.train INFO: Soft Alignment Batch - Epoch: 106 Iteration: 120 soft_alignment_loss: 0.336668 valid_alignment_pair_count: 73 mean_soft_path_cost: 3.703351 alignment_temperature: 0.1
2026-08-15 13:58:30,981 reid_baseline.train INFO: Epoch[106] Iteration[140/186] loss_total: 1.199, loss_id: 1.065, loss_triplet: 0.029, loss_camera_triplet: 0.000, loss_cross_camera_positive: 0.242, loss_pcc: 0.331, cross_camera_positive_count: 62.9, Acc: 0.999, Base Lr: 3.50e-06
2026-08-15 13:58:30,981 reid_baseline.train INFO: Soft Alignment Batch - Epoch: 106 Iteration: 140 soft_alignment_loss: 0.331940 valid_alignment_pair_count: 73 mean_soft_path_cost: 3.651337 alignment_temperature: 0.1
2026-08-15 13:58:33,728 reid_baseline.train INFO: Epoch[106] Iteration[160/186] loss_total: 1.201, loss_id: 1.064, loss_triplet: 0.031, loss_camera_triplet: 0.000, loss_cross_camera_positive: 0.244, loss_pcc: 0.334, cross_camera_positive_count: 62.9, Acc: 0.999, Base Lr: 3.50e-06
2026-08-15 13:58:33,728 reid_baseline.train INFO: Soft Alignment Batch - Epoch: 106 Iteration: 160 soft_alignment_loss: 0.351072 valid_alignment_pair_count: 80 mean_soft_path_cost: 3.861791 alignment_temperature: 0.1
2026-08-15 13:58:36,469 reid_baseline.train INFO: Epoch[106] Iteration[180/186] loss_total: 1.199, loss_id: 1.063, loss_triplet: 0.030, loss_camera_triplet: 0.000, loss_cross_camera_positive: 0.244, loss_pcc: 0.335, cross_camera_positive_count: 62.6, Acc: 0.999, Base Lr: 3.50e-06
2026-08-15 13:58:36,469 reid_baseline.train INFO: Soft Alignment Batch - Epoch: 106 Iteration: 180 soft_alignment_loss: 0.338602 valid_alignment_pair_count: 76 mean_soft_path_cost: 3.724618 alignment_temperature: 0.1
2026-08-15 13:58:37,300 reid_baseline.train INFO: EPOCH_EVIDENCE epoch=106 global_iteration=19716 epoch_length=186
2026-08-15 13:58:37,301 reid_baseline.train INFO: Soft Alignment Epoch Summary - Epoch: 106 soft_alignment_loss: 0.330346 valid_alignment_pair_count: 13811 mean_soft_path_cost: 3.633809 alignment_temperature: 0.1
2026-08-15 13:58:37,301 reid_baseline.train INFO: Epoch 106 done. Time per batch: 24.567[s] Speed: 484.5[samples/s]
2026-08-15 13:58:37,301 reid_baseline.train INFO: ----------
2026-08-15 13:58:40,079 reid_baseline.train INFO: Epoch[107] Iteration[20/186] loss_total: 1.193, loss_id: 1.058, loss_triplet: 0.029, loss_camera_triplet: 0.000, loss_cross_camera_positive: 0.242, loss_pcc: 0.332, cross_camera_positive_count: 62.7, Acc: 0.999, Base Lr: 3.50e-06
2026-08-15 13:58:40,079 reid_baseline.train INFO: Soft Alignment Batch - Epoch: 107 Iteration: 20 soft_alignment_loss: 0.318393 valid_alignment_pair_count: 74 mean_soft_path_cost: 3.502320 alignment_temperature: 0.1
2026-08-15 13:58:42,823 reid_baseline.train INFO: Epoch[107] Iteration[40/186] loss_total: 1.190, loss_id: 1.057, loss_triplet: 0.028, loss_camera_triplet: 0.000, loss_cross_camera_positive: 0.240, loss_pcc: 0.329, cross_camera_positive_count: 62.6, Acc: 0.999, Base Lr: 3.50e-06
2026-08-15 13:58:42,823 reid_baseline.train INFO: Soft Alignment Batch - Epoch: 107 Iteration: 40 soft_alignment_loss: 0.325350 valid_alignment_pair_count: 78 mean_soft_path_cost: 3.578851 alignment_temperature: 0.1
2026-08-15 13:58:45,559 reid_baseline.train INFO: Epoch[107] Iteration[60/186] loss_total: 1.184, loss_id: 1.055, loss_triplet: 0.026, loss_camera_triplet: 0.000, loss_cross_camera_positive: 0.236, loss_pcc: 0.325, cross_camera_positive_count: 62.8, Acc: 0.999, Base Lr: 3.50e-06
2026-08-15 13:58:45,559 reid_baseline.train INFO: Soft Alignment Batch - Epoch: 107 Iteration: 60 soft_alignment_loss: 0.315596 valid_alignment_pair_count: 77 mean_soft_path_cost: 3.471559 alignment_temperature: 0.1
2026-08-15 13:58:48,875 reid_baseline.train INFO: Epoch[107] Iteration[80/186] loss_total: 1.181, loss_id: 1.055, loss_triplet: 0.024, loss_camera_triplet: 0.000, loss_cross_camera_positive: 0.234, loss_pcc: 0.322, cross_camera_positive_count: 62.8, Acc: 0.999, Base Lr: 3.50e-06
2026-08-15 13:58:48,875 reid_baseline.train INFO: Soft Alignment Batch - Epoch: 107 Iteration: 80 soft_alignment_loss: 0.314017 valid_alignment_pair_count: 77 mean_soft_path_cost: 3.454190 alignment_temperature: 0.1
2026-08-15 13:58:51,606 reid_baseline.train INFO: Epoch[107] Iteration[100/186] loss_total: 1.190, loss_id: 1.061, loss_triplet: 0.027, loss_camera_triplet: 0.000, loss_cross_camera_positive: 0.234, loss_pcc: 0.321, cross_camera_positive_count: 62.6, Acc: 0.999, Base Lr: 3.50e-06
2026-08-15 13:58:51,606 reid_baseline.train INFO: Soft Alignment Batch - Epoch: 107 Iteration: 100 soft_alignment_loss: 0.345037 valid_alignment_pair_count: 75 mean_soft_path_cost: 3.795407 alignment_temperature: 0.1
2026-08-15 13:58:54,340 reid_baseline.train INFO: Epoch[107] Iteration[120/186] loss_total: 1.200, loss_id: 1.064, loss_triplet: 0.032, loss_camera_triplet: 0.000, loss_cross_camera_positive: 0.238, loss_pcc: 0.325, cross_camera_positive_count: 62.6, Acc: 0.999, Base Lr: 3.50e-06
2026-08-15 13:58:54,341 reid_baseline.train INFO: Soft Alignment Batch - Epoch: 107 Iteration: 120 soft_alignment_loss: 0.326117 valid_alignment_pair_count: 76 mean_soft_path_cost: 3.587282 alignment_temperature: 0.1
2026-08-15 13:58:57,102 reid_baseline.train INFO: Epoch[107] Iteration[140/186] loss_total: 1.200, loss_id: 1.064, loss_triplet: 0.031, loss_camera_triplet: 0.000, loss_cross_camera_positive: 0.241, loss_pcc: 0.329, cross_camera_positive_count: 62.8, Acc: 0.999, Base Lr: 3.50e-06
2026-08-15 13:58:57,103 reid_baseline.train INFO: Soft Alignment Batch - Epoch: 107 Iteration: 140 soft_alignment_loss: 0.336487 valid_alignment_pair_count: 70 mean_soft_path_cost: 3.701359 alignment_temperature: 0.1
2026-08-15 13:58:59,829 reid_baseline.train INFO: Epoch[107] Iteration[160/186] loss_total: 1.202, loss_id: 1.064, loss_triplet: 0.032, loss_camera_triplet: 0.000, loss_cross_camera_positive: 0.244, loss_pcc: 0.334, cross_camera_positive_count: 62.8, Acc: 0.999, Base Lr: 3.50e-06
2026-08-15 13:58:59,829 reid_baseline.train INFO: Soft Alignment Batch - Epoch: 107 Iteration: 160 soft_alignment_loss: 0.350011 valid_alignment_pair_count: 72 mean_soft_path_cost: 3.850125 alignment_temperature: 0.1
2026-08-15 13:59:02,570 reid_baseline.train INFO: Epoch[107] Iteration[180/186] loss_total: 1.201, loss_id: 1.064, loss_triplet: 0.031, loss_camera_triplet: 0.000, loss_cross_camera_positive: 0.244, loss_pcc: 0.334, cross_camera_positive_count: 62.9, Acc: 0.999, Base Lr: 3.50e-06
2026-08-15 13:59:02,570 reid_baseline.train INFO: Soft Alignment Batch - Epoch: 107 Iteration: 180 soft_alignment_loss: 0.334358 valid_alignment_pair_count: 75 mean_soft_path_cost: 3.677943 alignment_temperature: 0.1
2026-08-15 13:59:03,401 reid_baseline.train INFO: EPOCH_EVIDENCE epoch=107 global_iteration=19902 epoch_length=186
2026-08-15 13:59:03,401 reid_baseline.train INFO: Soft Alignment Epoch Summary - Epoch: 107 soft_alignment_loss: 0.327918 valid_alignment_pair_count: 13856 mean_soft_path_cost: 3.607094 alignment_temperature: 0.1
2026-08-15 13:59:03,401 reid_baseline.train INFO: Epoch 107 done. Time per batch: 24.457[s] Speed: 486.7[samples/s]
2026-08-15 13:59:03,401 reid_baseline.train INFO: ----------
2026-08-15 13:59:06,123 reid_baseline.train INFO: Epoch[108] Iteration[20/186] loss_total: 1.197, loss_id: 1.062, loss_triplet: 0.029, loss_camera_triplet: 0.000, loss_cross_camera_positive: 0.244, loss_pcc: 0.333, cross_camera_positive_count: 62.9, Acc: 0.999, Base Lr: 3.50e-06
2026-08-15 13:59:06,123 reid_baseline.train INFO: Soft Alignment Batch - Epoch: 108 Iteration: 20 soft_alignment_loss: 0.327689 valid_alignment_pair_count: 81 mean_soft_path_cost: 3.604575 alignment_temperature: 0.1
2026-08-15 13:59:08,854 reid_baseline.train INFO: Epoch[108] Iteration[40/186] loss_total: 1.191, loss_id: 1.057, loss_triplet: 0.028, loss_camera_triplet: 0.000, loss_cross_camera_positive: 0.243, loss_pcc: 0.332, cross_camera_positive_count: 62.9, Acc: 1.000, Base Lr: 3.50e-06
2026-08-15 13:59:08,854 reid_baseline.train INFO: Soft Alignment Batch - Epoch: 108 Iteration: 40 soft_alignment_loss: 0.339057 valid_alignment_pair_count: 76 mean_soft_path_cost: 3.729630 alignment_temperature: 0.1
2026-08-15 13:59:11,561 reid_baseline.train INFO: Epoch[108] Iteration[60/186] loss_total: 1.182, loss_id: 1.053, loss_triplet: 0.024, loss_camera_triplet: 0.000, loss_cross_camera_positive: 0.238, loss_pcc: 0.328, cross_camera_positive_count: 62.6, Acc: 1.000, Base Lr: 3.50e-06
2026-08-15 13:59:11,561 reid_baseline.train INFO: Soft Alignment Batch - Epoch: 108 Iteration: 60 soft_alignment_loss: 0.309965 valid_alignment_pair_count: 59 mean_soft_path_cost: 3.409611 alignment_temperature: 0.1
2026-08-15 13:59:14,800 reid_baseline.train INFO: Epoch[108] Iteration[80/186] loss_total: 1.183, loss_id: 1.055, loss_triplet: 0.024, loss_camera_triplet: 0.000, loss_cross_camera_positive: 0.235, loss_pcc: 0.323, cross_camera_positive_count: 62.3, Acc: 1.000, Base Lr: 3.50e-06
2026-08-15 13:59:14,800 reid_baseline.train INFO: Soft Alignment Batch - Epoch: 108 Iteration: 80 soft_alignment_loss: 0.305804 valid_alignment_pair_count: 63 mean_soft_path_cost: 3.363840 alignment_temperature: 0.1
2026-08-15 13:59:17,526 reid_baseline.train INFO: Epoch[108] Iteration[100/186] loss_total: 1.192, loss_id: 1.061, loss_triplet: 0.027, loss_camera_triplet: 0.000, loss_cross_camera_positive: 0.236, loss_pcc: 0.323, cross_camera_positive_count: 62.4, Acc: 1.000, Base Lr: 3.50e-06
2026-08-15 13:59:17,526 reid_baseline.train INFO: Soft Alignment Batch - Epoch: 108 Iteration: 100 soft_alignment_loss: 0.328684 valid_alignment_pair_count: 73 mean_soft_path_cost: 3.615522 alignment_temperature: 0.1
2026-08-15 13:59:20,258 reid_baseline.train INFO: Epoch[108] Iteration[120/186] loss_total: 1.193, loss_id: 1.062, loss_triplet: 0.027, loss_camera_triplet: 0.000, loss_cross_camera_positive: 0.238, loss_pcc: 0.326, cross_camera_positive_count: 62.4, Acc: 0.999, Base Lr: 3.50e-06
2026-08-15 13:59:20,258 reid_baseline.train INFO: Soft Alignment Batch - Epoch: 108 Iteration: 120 soft_alignment_loss: 0.327463 valid_alignment_pair_count: 73 mean_soft_path_cost: 3.602094 alignment_temperature: 0.1
2026-08-15 13:59:22,980 reid_baseline.train INFO: Epoch[108] Iteration[140/186] loss_total: 1.199, loss_id: 1.064, loss_triplet: 0.030, loss_camera_triplet: 0.000, loss_cross_camera_positive: 0.241, loss_pcc: 0.329, cross_camera_positive_count: 62.6, Acc: 0.999, Base Lr: 3.50e-06
2026-08-15 13:59:22,980 reid_baseline.train INFO: Soft Alignment Batch - Epoch: 108 Iteration: 140 soft_alignment_loss: 0.350194 valid_alignment_pair_count: 73 mean_soft_path_cost: 3.852139 alignment_temperature: 0.1
2026-08-15 13:59:25,709 reid_baseline.train INFO: Epoch[108] Iteration[160/186] loss_total: 1.200, loss_id: 1.063, loss_triplet: 0.031, loss_camera_triplet: 0.000, loss_cross_camera_positive: 0.243, loss_pcc: 0.332, cross_camera_positive_count: 62.6, Acc: 0.999, Base Lr: 3.50e-06
2026-08-15 13:59:25,709 reid_baseline.train INFO: Soft Alignment Batch - Epoch: 108 Iteration: 160 soft_alignment_loss: 0.333019 valid_alignment_pair_count: 66 mean_soft_path_cost: 3.663210 alignment_temperature: 0.1
2026-08-15 13:59:28,443 reid_baseline.train INFO: Epoch[108] Iteration[180/186] loss_total: 1.199, loss_id: 1.061, loss_triplet: 0.032, loss_camera_triplet: 0.000, loss_cross_camera_positive: 0.243, loss_pcc: 0.333, cross_camera_positive_count: 62.8, Acc: 0.999, Base Lr: 3.50e-06
2026-08-15 13:59:28,444 reid_baseline.train INFO: Soft Alignment Batch - Epoch: 108 Iteration: 180 soft_alignment_loss: 0.328318 valid_alignment_pair_count: 81 mean_soft_path_cost: 3.611498 alignment_temperature: 0.1
2026-08-15 13:59:29,261 reid_baseline.train INFO: EPOCH_EVIDENCE epoch=108 global_iteration=20088 epoch_length=186
2026-08-15 13:59:29,261 reid_baseline.train INFO: Soft Alignment Epoch Summary - Epoch: 108 soft_alignment_loss: 0.328827 valid_alignment_pair_count: 13693 mean_soft_path_cost: 3.617095 alignment_temperature: 0.1
2026-08-15 13:59:29,261 reid_baseline.train INFO: Epoch 108 done. Time per batch: 24.294[s] Speed: 490.0[samples/s]
2026-08-15 13:59:29,261 reid_baseline.train INFO: ----------
2026-08-15 13:59:32,012 reid_baseline.train INFO: Epoch[109] Iteration[20/186] loss_total: 1.193, loss_id: 1.058, loss_triplet: 0.030, loss_camera_triplet: 0.000, loss_cross_camera_positive: 0.242, loss_pcc: 0.332, cross_camera_positive_count: 62.7, Acc: 0.999, Base Lr: 3.50e-06
2026-08-15 13:59:32,013 reid_baseline.train INFO: Soft Alignment Batch - Epoch: 109 Iteration: 20 soft_alignment_loss: 0.324326 valid_alignment_pair_count: 74 mean_soft_path_cost: 3.567590 alignment_temperature: 0.1
2026-08-15 13:59:34,744 reid_baseline.train INFO: Epoch[109] Iteration[40/186] loss_total: 1.186, loss_id: 1.055, loss_triplet: 0.027, loss_camera_triplet: 0.000, loss_cross_camera_positive: 0.239, loss_pcc: 0.329, cross_camera_positive_count: 62.7, Acc: 1.000, Base Lr: 3.50e-06
2026-08-15 13:59:34,744 reid_baseline.train INFO: Soft Alignment Batch - Epoch: 109 Iteration: 40 soft_alignment_loss: 0.321898 valid_alignment_pair_count: 78 mean_soft_path_cost: 3.540877 alignment_temperature: 0.1
2026-08-15 13:59:37,463 reid_baseline.train INFO: Epoch[109] Iteration[60/186] loss_total: 1.179, loss_id: 1.052, loss_triplet: 0.024, loss_camera_triplet: 0.000, loss_cross_camera_positive: 0.235, loss_pcc: 0.325, cross_camera_positive_count: 62.6, Acc: 0.999, Base Lr: 3.50e-06
2026-08-15 13:59:37,463 reid_baseline.train INFO: Soft Alignment Batch - Epoch: 109 Iteration: 60 soft_alignment_loss: 0.304963 valid_alignment_pair_count: 67 mean_soft_path_cost: 3.354588 alignment_temperature: 0.1
2026-08-15 13:59:40,733 reid_baseline.train INFO: Epoch[109] Iteration[80/186] loss_total: 1.181, loss_id: 1.055, loss_triplet: 0.024, loss_camera_triplet: 0.000, loss_cross_camera_positive: 0.233, loss_pcc: 0.320, cross_camera_positive_count: 62.4, Acc: 0.999, Base Lr: 3.50e-06
2026-08-15 13:59:40,733 reid_baseline.train INFO: Soft Alignment Batch - Epoch: 109 Iteration: 80 soft_alignment_loss: 0.307839 valid_alignment_pair_count: 72 mean_soft_path_cost: 3.386224 alignment_temperature: 0.1
2026-08-15 13:59:43,464 reid_baseline.train INFO: Epoch[109] Iteration[100/186] loss_total: 1.191, loss_id: 1.063, loss_triplet: 0.026, loss_camera_triplet: 0.000, loss_cross_camera_positive: 0.234, loss_pcc: 0.320, cross_camera_positive_count: 62.5, Acc: 0.999, Base Lr: 3.50e-06
2026-08-15 13:59:43,464 reid_baseline.train INFO: Soft Alignment Batch - Epoch: 109 Iteration: 100 soft_alignment_loss: 0.330526 valid_alignment_pair_count: 74 mean_soft_path_cost: 3.635783 alignment_temperature: 0.1
2026-08-15 13:59:46,188 reid_baseline.train INFO: Epoch[109] Iteration[120/186] loss_total: 1.191, loss_id: 1.061, loss_triplet: 0.026, loss_camera_triplet: 0.000, loss_cross_camera_positive: 0.236, loss_pcc: 0.325, cross_camera_positive_count: 62.5, Acc: 1.000, Base Lr: 3.50e-06
2026-08-15 13:59:46,188 reid_baseline.train INFO: Soft Alignment Batch - Epoch: 109 Iteration: 120 soft_alignment_loss: 0.336059 valid_alignment_pair_count: 76 mean_soft_path_cost: 3.696646 alignment_temperature: 0.1
2026-08-15 13:59:48,907 reid_baseline.train INFO: Epoch[109] Iteration[140/186] loss_total: 1.194, loss_id: 1.062, loss_triplet: 0.028, loss_camera_triplet: 0.000, loss_cross_camera_positive: 0.239, loss_pcc: 0.327, cross_camera_positive_count: 62.4, Acc: 1.000, Base Lr: 3.50e-06
2026-08-15 13:59:48,907 reid_baseline.train INFO: Soft Alignment Batch - Epoch: 109 Iteration: 140 soft_alignment_loss: 0.333701 valid_alignment_pair_count: 75 mean_soft_path_cost: 3.670705 alignment_temperature: 0.1
2026-08-15 13:59:51,646 reid_baseline.train INFO: Epoch[109] Iteration[160/186] loss_total: 1.194, loss_id: 1.061, loss_triplet: 0.028, loss_camera_triplet: 0.000, loss_cross_camera_positive: 0.241, loss_pcc: 0.330, cross_camera_positive_count: 62.4, Acc: 1.000, Base Lr: 3.50e-06
2026-08-15 13:59:51,646 reid_baseline.train INFO: Soft Alignment Batch - Epoch: 109 Iteration: 160 soft_alignment_loss: 0.326486 valid_alignment_pair_count: 79 mean_soft_path_cost: 3.591345 alignment_temperature: 0.1
2026-08-15 13:59:54,374 reid_baseline.train INFO: Epoch[109] Iteration[180/186] loss_total: 1.193, loss_id: 1.060, loss_triplet: 0.028, loss_camera_triplet: 0.000, loss_cross_camera_positive: 0.242, loss_pcc: 0.331, cross_camera_positive_count: 62.6, Acc: 1.000, Base Lr: 3.50e-06
2026-08-15 13:59:54,374 reid_baseline.train INFO: Soft Alignment Batch - Epoch: 109 Iteration: 180 soft_alignment_loss: 0.323225 valid_alignment_pair_count: 78 mean_soft_path_cost: 3.555475 alignment_temperature: 0.1
2026-08-15 13:59:55,208 reid_baseline.train INFO: EPOCH_EVIDENCE epoch=109 global_iteration=20274 epoch_length=186
2026-08-15 13:59:55,208 reid_baseline.train INFO: Soft Alignment Epoch Summary - Epoch: 109 soft_alignment_loss: 0.326129 valid_alignment_pair_count: 13705 mean_soft_path_cost: 3.587419 alignment_temperature: 0.1
2026-08-15 13:59:55,208 reid_baseline.train INFO: Epoch 109 done. Time per batch: 24.390[s] Speed: 488.1[samples/s]
2026-08-15 13:59:55,208 reid_baseline.train INFO: ----------
2026-08-15 13:59:57,939 reid_baseline.train INFO: Epoch[110] Iteration[20/186] loss_total: 1.190, loss_id: 1.058, loss_triplet: 0.027, loss_camera_triplet: 0.000, loss_cross_camera_positive: 0.241, loss_pcc: 0.330, cross_camera_positive_count: 62.3, Acc: 1.000, Base Lr: 3.50e-06
2026-08-15 13:59:57,939 reid_baseline.train INFO: Soft Alignment Batch - Epoch: 110 Iteration: 20 soft_alignment_loss: 0.319023 valid_alignment_pair_count: 78 mean_soft_path_cost: 3.509258 alignment_temperature: 0.1
2026-08-15 14:00:00,667 reid_baseline.train INFO: Epoch[110] Iteration[40/186] loss_total: 1.185, loss_id: 1.055, loss_triplet: 0.026, loss_camera_triplet: 0.000, loss_cross_camera_positive: 0.238, loss_pcc: 0.327, cross_camera_positive_count: 62.1, Acc: 1.000, Base Lr: 3.50e-06
2026-08-15 14:00:00,667 reid_baseline.train INFO: Soft Alignment Batch - Epoch: 110 Iteration: 40 soft_alignment_loss: 0.328054 valid_alignment_pair_count: 71 mean_soft_path_cost: 3.608598 alignment_temperature: 0.1
2026-08-15 14:00:03,406 reid_baseline.train INFO: Epoch[110] Iteration[60/186] loss_total: 1.180, loss_id: 1.052, loss_triplet: 0.024, loss_camera_triplet: 0.000, loss_cross_camera_positive: 0.236, loss_pcc: 0.325, cross_camera_positive_count: 62.0, Acc: 0.999, Base Lr: 3.50e-06
2026-08-15 14:00:03,407 reid_baseline.train INFO: Soft Alignment Batch - Epoch: 110 Iteration: 60 soft_alignment_loss: 0.317061 valid_alignment_pair_count: 73 mean_soft_path_cost: 3.487672 alignment_temperature: 0.1
2026-08-15 14:00:06,612 reid_baseline.train INFO: Epoch[110] Iteration[80/186] loss_total: 1.185, loss_id: 1.056, loss_triplet: 0.026, loss_camera_triplet: 0.000, loss_cross_camera_positive: 0.236, loss_pcc: 0.321, cross_camera_positive_count: 62.3, Acc: 1.000, Base Lr: 3.50e-06
2026-08-15 14:00:06,612 reid_baseline.train INFO: Soft Alignment Batch - Epoch: 110 Iteration: 80 soft_alignment_loss: 0.322488 valid_alignment_pair_count: 75 mean_soft_path_cost: 3.547363 alignment_temperature: 0.1
2026-08-15 14:00:09,301 reid_baseline.train INFO: Epoch[110] Iteration[100/186] loss_total: 1.191, loss_id: 1.060, loss_triplet: 0.028, loss_camera_triplet: 0.000, loss_cross_camera_positive: 0.237, loss_pcc: 0.323, cross_camera_positive_count: 62.1, Acc: 1.000, Base Lr: 3.50e-06
2026-08-15 14:00:09,301 reid_baseline.train INFO: Soft Alignment Batch - Epoch: 110 Iteration: 100 soft_alignment_loss: 0.329156 valid_alignment_pair_count: 75 mean_soft_path_cost: 3.620715 alignment_temperature: 0.1
2026-08-15 14:00:12,039 reid_baseline.train INFO: Epoch[110] Iteration[120/186] loss_total: 1.198, loss_id: 1.064, loss_triplet: 0.029, loss_camera_triplet: 0.000, loss_cross_camera_positive: 0.242, loss_pcc: 0.329, cross_camera_positive_count: 62.5, Acc: 1.000, Base Lr: 3.50e-06
2026-08-15 14:00:12,039 reid_baseline.train INFO: Soft Alignment Batch - Epoch: 110 Iteration: 120 soft_alignment_loss: 0.336066 valid_alignment_pair_count: 81 mean_soft_path_cost: 3.696721 alignment_temperature: 0.1
2026-08-15 14:00:14,765 reid_baseline.train INFO: Epoch[110] Iteration[140/186] loss_total: 1.202, loss_id: 1.064, loss_triplet: 0.030, loss_camera_triplet: 0.000, loss_cross_camera_positive: 0.245, loss_pcc: 0.334, cross_camera_positive_count: 62.7, Acc: 1.000, Base Lr: 3.50e-06
2026-08-15 14:00:14,765 reid_baseline.train INFO: Soft Alignment Batch - Epoch: 110 Iteration: 140 soft_alignment_loss: 0.351172 valid_alignment_pair_count: 71 mean_soft_path_cost: 3.862889 alignment_temperature: 0.1
2026-08-15 14:00:17,485 reid_baseline.train INFO: Epoch[110] Iteration[160/186] loss_total: 1.200, loss_id: 1.063, loss_triplet: 0.029, loss_camera_triplet: 0.000, loss_cross_camera_positive: 0.246, loss_pcc: 0.336, cross_camera_positive_count: 63.0, Acc: 0.999, Base Lr: 3.50e-06
2026-08-15 14:00:17,485 reid_baseline.train INFO: Soft Alignment Batch - Epoch: 110 Iteration: 160 soft_alignment_loss: 0.340779 valid_alignment_pair_count: 74 mean_soft_path_cost: 3.748564 alignment_temperature: 0.1
2026-08-15 14:00:20,210 reid_baseline.train INFO: Epoch[110] Iteration[180/186] loss_total: 1.195, loss_id: 1.061, loss_triplet: 0.027, loss_camera_triplet: 0.000, loss_cross_camera_positive: 0.246, loss_pcc: 0.336, cross_camera_positive_count: 62.7, Acc: 0.999, Base Lr: 3.50e-06
2026-08-15 14:00:20,210 reid_baseline.train INFO: Soft Alignment Batch - Epoch: 110 Iteration: 180 soft_alignment_loss: 0.328513 valid_alignment_pair_count: 77 mean_soft_path_cost: 3.613639 alignment_temperature: 0.1
2026-08-15 14:00:21,023 reid_baseline.train INFO: EPOCH_EVIDENCE epoch=110 global_iteration=20460 epoch_length=186
2026-08-15 14:00:21,024 reid_baseline.train INFO: Soft Alignment Epoch Summary - Epoch: 110 soft_alignment_loss: 0.330246 valid_alignment_pair_count: 13825 mean_soft_path_cost: 3.632704 alignment_temperature: 0.1
2026-08-15 14:00:21,025 reid_baseline.train INFO: Epoch 110 done. Time per batch: 24.278[s] Speed: 490.3[samples/s]
2026-08-15 14:00:21,025 reid_baseline.train INFO: ----------
2026-08-15 14:00:23,723 reid_baseline.train INFO: Epoch[111] Iteration[20/186] loss_total: 1.189, loss_id: 1.058, loss_triplet: 0.026, loss_camera_triplet: 0.000, loss_cross_camera_positive: 0.242, loss_pcc: 0.333, cross_camera_positive_count: 63.0, Acc: 0.999, Base Lr: 3.50e-06
2026-08-15 14:00:23,724 reid_baseline.train INFO: Soft Alignment Batch - Epoch: 111 Iteration: 20 soft_alignment_loss: 0.317096 valid_alignment_pair_count: 72 mean_soft_path_cost: 3.488053 alignment_temperature: 0.1
2026-08-15 14:00:26,412 reid_baseline.train INFO: Epoch[111] Iteration[40/186] loss_total: 1.185, loss_id: 1.056, loss_triplet: 0.024, loss_camera_triplet: 0.000, loss_cross_camera_positive: 0.241, loss_pcc: 0.330, cross_camera_positive_count: 62.8, Acc: 0.999, Base Lr: 3.50e-06
2026-08-15 14:00:26,412 reid_baseline.train INFO: Soft Alignment Batch - Epoch: 111 Iteration: 40 soft_alignment_loss: 0.307697 valid_alignment_pair_count: 70 mean_soft_path_cost: 3.384671 alignment_temperature: 0.1
2026-08-15 14:00:29,153 reid_baseline.train INFO: Epoch[111] Iteration[60/186] loss_total: 1.181, loss_id: 1.054, loss_triplet: 0.024, loss_camera_triplet: 0.000, loss_cross_camera_positive: 0.237, loss_pcc: 0.326, cross_camera_positive_count: 62.7, Acc: 0.999, Base Lr: 3.50e-06
2026-08-15 14:00:29,153 reid_baseline.train INFO: Soft Alignment Batch - Epoch: 111 Iteration: 60 soft_alignment_loss: 0.321523 valid_alignment_pair_count: 66 mean_soft_path_cost: 3.536758 alignment_temperature: 0.1
2026-08-15 14:00:32,357 reid_baseline.train INFO: Epoch[111] Iteration[80/186] loss_total: 1.193, loss_id: 1.062, loss_triplet: 0.027, loss_camera_triplet: 0.000, loss_cross_camera_positive: 0.237, loss_pcc: 0.323, cross_camera_positive_count: 62.7, Acc: 1.000, Base Lr: 3.50e-06
2026-08-15 14:00:32,357 reid_baseline.train INFO: Soft Alignment Batch - Epoch: 111 Iteration: 80 soft_alignment_loss: 0.329820 valid_alignment_pair_count: 75 mean_soft_path_cost: 3.628018 alignment_temperature: 0.1
2026-08-15 14:00:35,113 reid_baseline.train INFO: Epoch[111] Iteration[100/186] loss_total: 1.197, loss_id: 1.064, loss_triplet: 0.029, loss_camera_triplet: 0.000, loss_cross_camera_positive: 0.239, loss_pcc: 0.325, cross_camera_positive_count: 62.6, Acc: 1.000, Base Lr: 3.50e-06
2026-08-15 14:00:35,113 reid_baseline.train INFO: Soft Alignment Batch - Epoch: 111 Iteration: 100 soft_alignment_loss: 0.322769 valid_alignment_pair_count: 79 mean_soft_path_cost: 3.550460 alignment_temperature: 0.1
2026-08-15 14:00:37,884 reid_baseline.train INFO: Epoch[111] Iteration[120/186] loss_total: 1.204, loss_id: 1.066, loss_triplet: 0.031, loss_camera_triplet: 0.000, loss_cross_camera_positive: 0.244, loss_pcc: 0.330, cross_camera_positive_count: 62.4, Acc: 1.000, Base Lr: 3.50e-06
2026-08-15 14:00:37,885 reid_baseline.train INFO: Soft Alignment Batch - Epoch: 111 Iteration: 120 soft_alignment_loss: 0.337588 valid_alignment_pair_count: 69 mean_soft_path_cost: 3.713473 alignment_temperature: 0.1
2026-08-15 14:00:40,633 reid_baseline.train INFO: Epoch[111] Iteration[140/186] loss_total: 1.200, loss_id: 1.065, loss_triplet: 0.029, loss_camera_triplet: 0.000, loss_cross_camera_positive: 0.244, loss_pcc: 0.333, cross_camera_positive_count: 62.5, Acc: 1.000, Base Lr: 3.50e-06
2026-08-15 14:00:40,633 reid_baseline.train INFO: Soft Alignment Batch - Epoch: 111 Iteration: 140 soft_alignment_loss: 0.321693 valid_alignment_pair_count: 75 mean_soft_path_cost: 3.538627 alignment_temperature: 0.1
2026-08-15 14:00:43,348 reid_baseline.train INFO: Epoch[111] Iteration[160/186] loss_total: 1.199, loss_id: 1.064, loss_triplet: 0.029, loss_camera_triplet: 0.000, loss_cross_camera_positive: 0.244, loss_pcc: 0.334, cross_camera_positive_count: 62.4, Acc: 1.000, Base Lr: 3.50e-06
2026-08-15 14:00:43,348 reid_baseline.train INFO: Soft Alignment Batch - Epoch: 111 Iteration: 160 soft_alignment_loss: 0.337471 valid_alignment_pair_count: 70 mean_soft_path_cost: 3.712180 alignment_temperature: 0.1
2026-08-15 14:00:46,071 reid_baseline.train INFO: Epoch[111] Iteration[180/186] loss_total: 1.196, loss_id: 1.062, loss_triplet: 0.028, loss_camera_triplet: 0.000, loss_cross_camera_positive: 0.244, loss_pcc: 0.334, cross_camera_positive_count: 62.5, Acc: 1.000, Base Lr: 3.50e-06
2026-08-15 14:00:46,071 reid_baseline.train INFO: Soft Alignment Batch - Epoch: 111 Iteration: 180 soft_alignment_loss: 0.328729 valid_alignment_pair_count: 71 mean_soft_path_cost: 3.616024 alignment_temperature: 0.1
2026-08-15 14:00:46,913 reid_baseline.train INFO: EPOCH_EVIDENCE epoch=111 global_iteration=20646 epoch_length=186
2026-08-15 14:00:46,914 reid_baseline.train INFO: Soft Alignment Epoch Summary - Epoch: 111 soft_alignment_loss: 0.329553 valid_alignment_pair_count: 13754 mean_soft_path_cost: 3.625087 alignment_temperature: 0.1
2026-08-15 14:00:46,914 reid_baseline.train INFO: Epoch 111 done. Time per batch: 24.318[s] Speed: 489.5[samples/s]
2026-08-15 14:00:46,914 reid_baseline.train INFO: ----------
2026-08-15 14:00:49,635 reid_baseline.train INFO: Epoch[112] Iteration[20/186] loss_total: 1.191, loss_id: 1.059, loss_triplet: 0.027, loss_camera_triplet: 0.000, loss_cross_camera_positive: 0.240, loss_pcc: 0.331, cross_camera_positive_count: 62.7, Acc: 1.000, Base Lr: 3.50e-06
2026-08-15 14:00:49,635 reid_baseline.train INFO: Soft Alignment Batch - Epoch: 112 Iteration: 20 soft_alignment_loss: 0.318683 valid_alignment_pair_count: 77 mean_soft_path_cost: 3.505510 alignment_temperature: 0.1
2026-08-15 14:00:52,353 reid_baseline.train INFO: Epoch[112] Iteration[40/186] loss_total: 1.181, loss_id: 1.054, loss_triplet: 0.024, loss_camera_triplet: 0.000, loss_cross_camera_positive: 0.235, loss_pcc: 0.325, cross_camera_positive_count: 62.8, Acc: 1.000, Base Lr: 3.50e-06
2026-08-15 14:00:52,353 reid_baseline.train INFO: Soft Alignment Batch - Epoch: 112 Iteration: 40 soft_alignment_loss: 0.307165 valid_alignment_pair_count: 72 mean_soft_path_cost: 3.378819 alignment_temperature: 0.1
2026-08-15 14:00:55,045 reid_baseline.train INFO: Epoch[112] Iteration[60/186] loss_total: 1.177, loss_id: 1.052, loss_triplet: 0.023, loss_camera_triplet: 0.000, loss_cross_camera_positive: 0.233, loss_pcc: 0.322, cross_camera_positive_count: 62.6, Acc: 1.000, Base Lr: 3.50e-06
2026-08-15 14:00:55,045 reid_baseline.train INFO: Soft Alignment Batch - Epoch: 112 Iteration: 60 soft_alignment_loss: 0.302730 valid_alignment_pair_count: 73 mean_soft_path_cost: 3.330029 alignment_temperature: 0.1
2026-08-15 14:00:58,303 reid_baseline.train INFO: Epoch[112] Iteration[80/186] loss_total: 1.187, loss_id: 1.059, loss_triplet: 0.027, loss_camera_triplet: 0.000, loss_cross_camera_positive: 0.233, loss_pcc: 0.319, cross_camera_positive_count: 62.6, Acc: 1.000, Base Lr: 3.50e-06
2026-08-15 14:00:58,303 reid_baseline.train INFO: Soft Alignment Batch - Epoch: 112 Iteration: 80 soft_alignment_loss: 0.315002 valid_alignment_pair_count: 71 mean_soft_path_cost: 3.465025 alignment_temperature: 0.1
2026-08-15 14:01:01,046 reid_baseline.train INFO: Epoch[112] Iteration[100/186] loss_total: 1.192, loss_id: 1.062, loss_triplet: 0.027, loss_camera_triplet: 0.000, loss_cross_camera_positive: 0.237, loss_pcc: 0.323, cross_camera_positive_count: 62.7, Acc: 0.999, Base Lr: 3.50e-06
2026-08-15 14:01:01,046 reid_baseline.train INFO: Soft Alignment Batch - Epoch: 112 Iteration: 100 soft_alignment_loss: 0.331518 valid_alignment_pair_count: 79 mean_soft_path_cost: 3.646695 alignment_temperature: 0.1
2026-08-15 14:01:03,785 reid_baseline.train INFO: Epoch[112] Iteration[120/186] loss_total: 1.195, loss_id: 1.062, loss_triplet: 0.028, loss_camera_triplet: 0.000, loss_cross_camera_positive: 0.239, loss_pcc: 0.328, cross_camera_positive_count: 62.9, Acc: 1.000, Base Lr: 3.50e-06
2026-08-15 14:01:03,785 reid_baseline.train INFO: Soft Alignment Batch - Epoch: 112 Iteration: 120 soft_alignment_loss: 0.339565 valid_alignment_pair_count: 67 mean_soft_path_cost: 3.735215 alignment_temperature: 0.1
2026-08-15 14:01:06,511 reid_baseline.train INFO: Epoch[112] Iteration[140/186] loss_total: 1.197, loss_id: 1.063, loss_triplet: 0.028, loss_camera_triplet: 0.000, loss_cross_camera_positive: 0.242, loss_pcc: 0.331, cross_camera_positive_count: 63.0, Acc: 1.000, Base Lr: 3.50e-06
2026-08-15 14:01:06,511 reid_baseline.train INFO: Soft Alignment Batch - Epoch: 112 Iteration: 140 soft_alignment_loss: 0.337775 valid_alignment_pair_count: 85 mean_soft_path_cost: 3.715526 alignment_temperature: 0.1
2026-08-15 14:01:09,246 reid_baseline.train INFO: Epoch[112] Iteration[160/186] loss_total: 1.198, loss_id: 1.062, loss_triplet: 0.030, loss_camera_triplet: 0.000, loss_cross_camera_positive: 0.242, loss_pcc: 0.331, cross_camera_positive_count: 62.7, Acc: 0.999, Base Lr: 3.50e-06
2026-08-15 14:01:09,246 reid_baseline.train INFO: Soft Alignment Batch - Epoch: 112 Iteration: 160 soft_alignment_loss: 0.327771 valid_alignment_pair_count: 77 mean_soft_path_cost: 3.605481 alignment_temperature: 0.1
2026-08-15 14:01:11,980 reid_baseline.train INFO: Epoch[112] Iteration[180/186] loss_total: 1.193, loss_id: 1.061, loss_triplet: 0.026, loss_camera_triplet: 0.000, loss_cross_camera_positive: 0.242, loss_pcc: 0.331, cross_camera_positive_count: 62.7, Acc: 0.999, Base Lr: 3.50e-06
2026-08-15 14:01:11,980 reid_baseline.train INFO: Soft Alignment Batch - Epoch: 112 Iteration: 180 soft_alignment_loss: 0.332941 valid_alignment_pair_count: 76 mean_soft_path_cost: 3.662353 alignment_temperature: 0.1
2026-08-15 14:01:12,799 reid_baseline.train INFO: EPOCH_EVIDENCE epoch=112 global_iteration=20832 epoch_length=186
2026-08-15 14:01:12,799 reid_baseline.train INFO: Soft Alignment Epoch Summary - Epoch: 112 soft_alignment_loss: 0.326409 valid_alignment_pair_count: 13784 mean_soft_path_cost: 3.590495 alignment_temperature: 0.1
2026-08-15 14:01:12,799 reid_baseline.train INFO: Epoch 112 done. Time per batch: 24.297[s] Speed: 489.9[samples/s]
2026-08-15 14:01:12,799 reid_baseline.train INFO: ----------
2026-08-15 14:01:15,535 reid_baseline.train INFO: Epoch[113] Iteration[20/186] loss_total: 1.188, loss_id: 1.057, loss_triplet: 0.026, loss_camera_triplet: 0.000, loss_cross_camera_positive: 0.239, loss_pcc: 0.328, cross_camera_positive_count: 62.2, Acc: 0.999, Base Lr: 3.50e-06
2026-08-15 14:01:15,535 reid_baseline.train INFO: Soft Alignment Batch - Epoch: 113 Iteration: 20 soft_alignment_loss: 0.323749 valid_alignment_pair_count: 77 mean_soft_path_cost: 3.561234 alignment_temperature: 0.1
2026-08-15 14:01:18,236 reid_baseline.train INFO: Epoch[113] Iteration[40/186] loss_total: 1.184, loss_id: 1.055, loss_triplet: 0.025, loss_camera_triplet: 0.000, loss_cross_camera_positive: 0.238, loss_pcc: 0.326, cross_camera_positive_count: 62.2, Acc: 0.999, Base Lr: 3.50e-06
2026-08-15 14:01:18,236 reid_baseline.train INFO: Soft Alignment Batch - Epoch: 113 Iteration: 40 soft_alignment_loss: 0.323067 valid_alignment_pair_count: 63 mean_soft_path_cost: 3.553742 alignment_temperature: 0.1
2026-08-15 14:01:20,967 reid_baseline.train INFO: Epoch[113] Iteration[60/186] loss_total: 1.177, loss_id: 1.051, loss_triplet: 0.024, loss_camera_triplet: 0.000, loss_cross_camera_positive: 0.235, loss_pcc: 0.322, cross_camera_positive_count: 62.0, Acc: 1.000, Base Lr: 3.50e-06
2026-08-15 14:01:20,967 reid_baseline.train INFO: Soft Alignment Batch - Epoch: 113 Iteration: 60 soft_alignment_loss: 0.319001 valid_alignment_pair_count: 75 mean_soft_path_cost: 3.509010 alignment_temperature: 0.1
2026-08-15 14:01:24,342 reid_baseline.train INFO: Epoch[113] Iteration[80/186] loss_total: 1.187, loss_id: 1.058, loss_triplet: 0.026, loss_camera_triplet: 0.000, loss_cross_camera_positive: 0.234, loss_pcc: 0.320, cross_camera_positive_count: 61.9, Acc: 0.999, Base Lr: 3.50e-06
2026-08-15 14:01:24,342 reid_baseline.train INFO: Soft Alignment Batch - Epoch: 113 Iteration: 80 soft_alignment_loss: 0.319528 valid_alignment_pair_count: 74 mean_soft_path_cost: 3.514812 alignment_temperature: 0.1
2026-08-15 14:01:27,136 reid_baseline.train INFO: Epoch[113] Iteration[100/186] loss_total: 1.199, loss_id: 1.066, loss_triplet: 0.029, loss_camera_triplet: 0.000, loss_cross_camera_positive: 0.239, loss_pcc: 0.325, cross_camera_positive_count: 62.1, Acc: 0.999, Base Lr: 3.50e-06
2026-08-15 14:01:27,136 reid_baseline.train INFO: Soft Alignment Batch - Epoch: 113 Iteration: 100 soft_alignment_loss: 0.340324 valid_alignment_pair_count: 67 mean_soft_path_cost: 3.743569 alignment_temperature: 0.1
2026-08-15 14:01:29,935 reid_baseline.train INFO: Epoch[113] Iteration[120/186] loss_total: 1.201, loss_id: 1.066, loss_triplet: 0.029, loss_camera_triplet: 0.000, loss_cross_camera_positive: 0.242, loss_pcc: 0.329, cross_camera_positive_count: 62.5, Acc: 0.999, Base Lr: 3.50e-06
2026-08-15 14:01:29,935 reid_baseline.train INFO: Soft Alignment Batch - Epoch: 113 Iteration: 120 soft_alignment_loss: 0.349932 valid_alignment_pair_count: 66 mean_soft_path_cost: 3.849248 alignment_temperature: 0.1
2026-08-15 14:01:32,719 reid_baseline.train INFO: Epoch[113] Iteration[140/186] loss_total: 1.198, loss_id: 1.064, loss_triplet: 0.029, loss_camera_triplet: 0.000, loss_cross_camera_positive: 0.242, loss_pcc: 0.332, cross_camera_positive_count: 62.5, Acc: 0.999, Base Lr: 3.50e-06
2026-08-15 14:01:32,719 reid_baseline.train INFO: Soft Alignment Batch - Epoch: 113 Iteration: 140 soft_alignment_loss: 0.324565 valid_alignment_pair_count: 73 mean_soft_path_cost: 3.570212 alignment_temperature: 0.1
2026-08-15 14:01:35,470 reid_baseline.train INFO: Epoch[113] Iteration[160/186] loss_total: 1.198, loss_id: 1.063, loss_triplet: 0.028, loss_camera_triplet: 0.000, loss_cross_camera_positive: 0.243, loss_pcc: 0.333, cross_camera_positive_count: 62.5, Acc: 0.999, Base Lr: 3.50e-06
2026-08-15 14:01:35,470 reid_baseline.train INFO: Soft Alignment Batch - Epoch: 113 Iteration: 160 soft_alignment_loss: 0.349229 valid_alignment_pair_count: 68 mean_soft_path_cost: 3.841523 alignment_temperature: 0.1
2026-08-15 14:01:38,210 reid_baseline.train INFO: Epoch[113] Iteration[180/186] loss_total: 1.201, loss_id: 1.064, loss_triplet: 0.031, loss_camera_triplet: 0.000, loss_cross_camera_positive: 0.242, loss_pcc: 0.332, cross_camera_positive_count: 62.3, Acc: 0.999, Base Lr: 3.50e-06
2026-08-15 14:01:38,210 reid_baseline.train INFO: Soft Alignment Batch - Epoch: 113 Iteration: 180 soft_alignment_loss: 0.329898 valid_alignment_pair_count: 76 mean_soft_path_cost: 3.628879 alignment_temperature: 0.1
2026-08-15 14:01:39,031 reid_baseline.train INFO: EPOCH_EVIDENCE epoch=113 global_iteration=21018 epoch_length=186
2026-08-15 14:01:39,031 reid_baseline.train INFO: Soft Alignment Epoch Summary - Epoch: 113 soft_alignment_loss: 0.327632 valid_alignment_pair_count: 13666 mean_soft_path_cost: 3.603956 alignment_temperature: 0.1
2026-08-15 14:01:39,031 reid_baseline.train INFO: Epoch 113 done. Time per batch: 24.535[s] Speed: 485.2[samples/s]
2026-08-15 14:01:39,031 reid_baseline.train INFO: ----------
2026-08-15 14:01:41,733 reid_baseline.train INFO: Epoch[114] Iteration[20/186] loss_total: 1.195, loss_id: 1.061, loss_triplet: 0.029, loss_camera_triplet: 0.000, loss_cross_camera_positive: 0.240, loss_pcc: 0.330, cross_camera_positive_count: 62.6, Acc: 0.999, Base Lr: 3.50e-06
2026-08-15 14:01:41,733 reid_baseline.train INFO: Soft Alignment Batch - Epoch: 114 Iteration: 20 soft_alignment_loss: 0.323453 valid_alignment_pair_count: 78 mean_soft_path_cost: 3.557984 alignment_temperature: 0.1
2026-08-15 14:01:44,431 reid_baseline.train INFO: Epoch[114] Iteration[40/186] loss_total: 1.186, loss_id: 1.056, loss_triplet: 0.026, loss_camera_triplet: 0.000, loss_cross_camera_positive: 0.238, loss_pcc: 0.327, cross_camera_positive_count: 62.8, Acc: 0.999, Base Lr: 3.50e-06
2026-08-15 14:01:44,431 reid_baseline.train INFO: Soft Alignment Batch - Epoch: 114 Iteration: 40 soft_alignment_loss: 0.317733 valid_alignment_pair_count: 79 mean_soft_path_cost: 3.495067 alignment_temperature: 0.1
2026-08-15 14:01:47,091 reid_baseline.train INFO: Epoch[114] Iteration[60/186] loss_total: 1.177, loss_id: 1.051, loss_triplet: 0.023, loss_camera_triplet: 0.000, loss_cross_camera_positive: 0.235, loss_pcc: 0.322, cross_camera_positive_count: 62.6, Acc: 0.999, Base Lr: 3.50e-06
2026-08-15 14:01:47,092 reid_baseline.train INFO: Soft Alignment Batch - Epoch: 114 Iteration: 60 soft_alignment_loss: 0.300383 valid_alignment_pair_count: 66 mean_soft_path_cost: 3.304218 alignment_temperature: 0.1
2026-08-15 14:01:50,381 reid_baseline.train INFO: Epoch[114] Iteration[80/186] loss_total: 1.188, loss_id: 1.059, loss_triplet: 0.026, loss_camera_triplet: 0.000, loss_cross_camera_positive: 0.235, loss_pcc: 0.320, cross_camera_positive_count: 62.7, Acc: 0.999, Base Lr: 3.50e-06
2026-08-15 14:01:50,381 reid_baseline.train INFO: Soft Alignment Batch - Epoch: 114 Iteration: 80 soft_alignment_loss: 0.323500 valid_alignment_pair_count: 78 mean_soft_path_cost: 3.558494 alignment_temperature: 0.1
2026-08-15 14:01:53,124 reid_baseline.train INFO: Epoch[114] Iteration[100/186] loss_total: 1.193, loss_id: 1.062, loss_triplet: 0.027, loss_camera_triplet: 0.000, loss_cross_camera_positive: 0.237, loss_pcc: 0.325, cross_camera_positive_count: 62.9, Acc: 0.999, Base Lr: 3.50e-06
2026-08-15 14:01:53,125 reid_baseline.train INFO: Soft Alignment Batch - Epoch: 114 Iteration: 100 soft_alignment_loss: 0.329039 valid_alignment_pair_count: 75 mean_soft_path_cost: 3.619429 alignment_temperature: 0.1
2026-08-15 14:01:55,827 reid_baseline.train INFO: Epoch[114] Iteration[120/186] loss_total: 1.197, loss_id: 1.063, loss_triplet: 0.029, loss_camera_triplet: 0.000, loss_cross_camera_positive: 0.240, loss_pcc: 0.329, cross_camera_positive_count: 62.7, Acc: 0.999, Base Lr: 3.50e-06
2026-08-15 14:01:55,827 reid_baseline.train INFO: Soft Alignment Batch - Epoch: 114 Iteration: 120 soft_alignment_loss: 0.330587 valid_alignment_pair_count: 68 mean_soft_path_cost: 3.636461 alignment_temperature: 0.1
2026-08-15 14:01:58,512 reid_baseline.train INFO: Epoch[114] Iteration[140/186] loss_total: 1.198, loss_id: 1.064, loss_triplet: 0.028, loss_camera_triplet: 0.000, loss_cross_camera_positive: 0.244, loss_pcc: 0.334, cross_camera_positive_count: 62.8, Acc: 0.999, Base Lr: 3.50e-06
2026-08-15 14:01:58,513 reid_baseline.train INFO: Soft Alignment Batch - Epoch: 114 Iteration: 140 soft_alignment_loss: 0.342902 valid_alignment_pair_count: 73 mean_soft_path_cost: 3.771921 alignment_temperature: 0.1
2026-08-15 14:02:01,236 reid_baseline.train INFO: Epoch[114] Iteration[160/186] loss_total: 1.195, loss_id: 1.061, loss_triplet: 0.028, loss_camera_triplet: 0.000, loss_cross_camera_positive: 0.243, loss_pcc: 0.334, cross_camera_positive_count: 62.8, Acc: 0.999, Base Lr: 3.50e-06
2026-08-15 14:02:01,236 reid_baseline.train INFO: Soft Alignment Batch - Epoch: 114 Iteration: 160 soft_alignment_loss: 0.327469 valid_alignment_pair_count: 64 mean_soft_path_cost: 3.602156 alignment_temperature: 0.1
2026-08-15 14:02:04,041 reid_baseline.train INFO: Epoch[114] Iteration[180/186] loss_total: 1.193, loss_id: 1.059, loss_triplet: 0.027, loss_camera_triplet: 0.000, loss_cross_camera_positive: 0.244, loss_pcc: 0.335, cross_camera_positive_count: 62.8, Acc: 0.999, Base Lr: 3.50e-06
2026-08-15 14:02:04,042 reid_baseline.train INFO: Soft Alignment Batch - Epoch: 114 Iteration: 180 soft_alignment_loss: 0.333209 valid_alignment_pair_count: 78 mean_soft_path_cost: 3.665302 alignment_temperature: 0.1
2026-08-15 14:02:04,878 reid_baseline.train INFO: EPOCH_EVIDENCE epoch=114 global_iteration=21204 epoch_length=186
2026-08-15 14:02:04,878 reid_baseline.train INFO: Soft Alignment Epoch Summary - Epoch: 114 soft_alignment_loss: 0.329472 valid_alignment_pair_count: 13807 mean_soft_path_cost: 3.624188 alignment_temperature: 0.1
2026-08-15 14:02:04,878 reid_baseline.train INFO: Epoch 114 done. Time per batch: 24.252[s] Speed: 490.8[samples/s]
2026-08-15 14:02:04,878 reid_baseline.train INFO: ----------
2026-08-15 14:02:07,644 reid_baseline.train INFO: Epoch[115] Iteration[20/186] loss_total: 1.189, loss_id: 1.056, loss_triplet: 0.028, loss_camera_triplet: 0.000, loss_cross_camera_positive: 0.241, loss_pcc: 0.332, cross_camera_positive_count: 62.6, Acc: 0.999, Base Lr: 3.50e-06
2026-08-15 14:02:07,644 reid_baseline.train INFO: Soft Alignment Batch - Epoch: 115 Iteration: 20 soft_alignment_loss: 0.323328 valid_alignment_pair_count: 76 mean_soft_path_cost: 3.556605 alignment_temperature: 0.1
2026-08-15 14:02:10,434 reid_baseline.train INFO: Epoch[115] Iteration[40/186] loss_total: 1.182, loss_id: 1.053, loss_triplet: 0.026, loss_camera_triplet: 0.000, loss_cross_camera_positive: 0.238, loss_pcc: 0.328, cross_camera_positive_count: 62.6, Acc: 1.000, Base Lr: 3.50e-06
2026-08-15 14:02:10,434 reid_baseline.train INFO: Soft Alignment Batch - Epoch: 115 Iteration: 40 soft_alignment_loss: 0.312305 valid_alignment_pair_count: 73 mean_soft_path_cost: 3.435353 alignment_temperature: 0.1
2026-08-15 14:02:13,754 reid_baseline.train INFO: Epoch[115] Iteration[60/186] loss_total: 1.178, loss_id: 1.051, loss_triplet: 0.025, loss_camera_triplet: 0.000, loss_cross_camera_positive: 0.233, loss_pcc: 0.323, cross_camera_positive_count: 62.5, Acc: 1.000, Base Lr: 3.50e-06
2026-08-15 14:02:13,754 reid_baseline.train INFO: Soft Alignment Batch - Epoch: 115 Iteration: 60 soft_alignment_loss: 0.320336 valid_alignment_pair_count: 76 mean_soft_path_cost: 3.523701 alignment_temperature: 0.1
2026-08-15 14:02:16,551 reid_baseline.train INFO: Epoch[115] Iteration[80/186] loss_total: 1.189, loss_id: 1.059, loss_triplet: 0.028, loss_camera_triplet: 0.000, loss_cross_camera_positive: 0.233, loss_pcc: 0.322, cross_camera_positive_count: 62.5, Acc: 1.000, Base Lr: 3.50e-06
2026-08-15 14:02:16,552 reid_baseline.train INFO: Soft Alignment Batch - Epoch: 115 Iteration: 80 soft_alignment_loss: 0.332147 valid_alignment_pair_count: 77 mean_soft_path_cost: 3.653620 alignment_temperature: 0.1
2026-08-15 14:02:19,358 reid_baseline.train INFO: Epoch[115] Iteration[100/186] loss_total: 1.194, loss_id: 1.061, loss_triplet: 0.028, loss_camera_triplet: 0.000, loss_cross_camera_positive: 0.238, loss_pcc: 0.328, cross_camera_positive_count: 62.5, Acc: 1.000, Base Lr: 3.50e-06
2026-08-15 14:02:19,358 reid_baseline.train INFO: Soft Alignment Batch - Epoch: 115 Iteration: 100 soft_alignment_loss: 0.335260 valid_alignment_pair_count: 74 mean_soft_path_cost: 3.687855 alignment_temperature: 0.1
2026-08-15 14:02:22,098 reid_baseline.train INFO: Epoch[115] Iteration[120/186] loss_total: 1.195, loss_id: 1.062, loss_triplet: 0.027, loss_camera_triplet: 0.000, loss_cross_camera_positive: 0.240, loss_pcc: 0.331, cross_camera_positive_count: 62.5, Acc: 0.999, Base Lr: 3.50e-06
2026-08-15 14:02:22,098 reid_baseline.train INFO: Soft Alignment Batch - Epoch: 115 Iteration: 120 soft_alignment_loss: 0.339266 valid_alignment_pair_count: 75 mean_soft_path_cost: 3.731930 alignment_temperature: 0.1
2026-08-15 14:02:24,826 reid_baseline.train INFO: Epoch[115] Iteration[140/186] loss_total: 1.197, loss_id: 1.063, loss_triplet: 0.028, loss_camera_triplet: 0.000, loss_cross_camera_positive: 0.242, loss_pcc: 0.333, cross_camera_positive_count: 62.2, Acc: 0.999, Base Lr: 3.50e-06
2026-08-15 14:02:24,827 reid_baseline.train INFO: Soft Alignment Batch - Epoch: 115 Iteration: 140 soft_alignment_loss: 0.341953 valid_alignment_pair_count: 76 mean_soft_path_cost: 3.761479 alignment_temperature: 0.1
2026-08-15 14:02:27,607 reid_baseline.train INFO: Epoch[115] Iteration[160/186] loss_total: 1.195, loss_id: 1.062, loss_triplet: 0.027, loss_camera_triplet: 0.000, loss_cross_camera_positive: 0.243, loss_pcc: 0.334, cross_camera_positive_count: 62.6, Acc: 0.999, Base Lr: 3.50e-06
2026-08-15 14:02:27,607 reid_baseline.train INFO: Soft Alignment Batch - Epoch: 115 Iteration: 160 soft_alignment_loss: 0.344140 valid_alignment_pair_count: 73 mean_soft_path_cost: 3.785535 alignment_temperature: 0.1
2026-08-15 14:02:30,354 reid_baseline.train INFO: Epoch[115] Iteration[180/186] loss_total: 1.198, loss_id: 1.062, loss_triplet: 0.030, loss_camera_triplet: 0.000, loss_cross_camera_positive: 0.244, loss_pcc: 0.333, cross_camera_positive_count: 62.6, Acc: 0.999, Base Lr: 3.50e-06
2026-08-15 14:02:30,354 reid_baseline.train INFO: Soft Alignment Batch - Epoch: 115 Iteration: 180 soft_alignment_loss: 0.341324 valid_alignment_pair_count: 76 mean_soft_path_cost: 3.754560 alignment_temperature: 0.1
2026-08-15 14:02:31,174 reid_baseline.train INFO: EPOCH_EVIDENCE epoch=115 global_iteration=21390 epoch_length=186
2026-08-15 14:02:31,174 reid_baseline.train INFO: Soft Alignment Epoch Summary - Epoch: 115 soft_alignment_loss: 0.328878 valid_alignment_pair_count: 13791 mean_soft_path_cost: 3.617657 alignment_temperature: 0.1
2026-08-15 14:02:31,174 reid_baseline.train INFO: Epoch 115 done. Time per batch: 24.515[s] Speed: 485.6[samples/s]
2026-08-15 14:02:31,174 reid_baseline.train INFO: ----------
2026-08-15 14:02:33,973 reid_baseline.train INFO: Epoch[116] Iteration[20/186] loss_total: 1.190, loss_id: 1.056, loss_triplet: 0.028, loss_camera_triplet: 0.000, loss_cross_camera_positive: 0.242, loss_pcc: 0.332, cross_camera_positive_count: 62.6, Acc: 0.999, Base Lr: 3.50e-06
2026-08-15 14:02:33,974 reid_baseline.train INFO: Soft Alignment Batch - Epoch: 116 Iteration: 20 soft_alignment_loss: 0.332643 valid_alignment_pair_count: 75 mean_soft_path_cost: 3.659069 alignment_temperature: 0.1
2026-08-15 14:02:36,734 reid_baseline.train INFO: Epoch[116] Iteration[40/186] loss_total: 1.181, loss_id: 1.052, loss_triplet: 0.024, loss_camera_triplet: 0.000, loss_cross_camera_positive: 0.239, loss_pcc: 0.328, cross_camera_positive_count: 62.9, Acc: 1.000, Base Lr: 3.50e-06
2026-08-15 14:02:36,734 reid_baseline.train INFO: Soft Alignment Batch - Epoch: 116 Iteration: 40 soft_alignment_loss: 0.317189 valid_alignment_pair_count: 74 mean_soft_path_cost: 3.489080 alignment_temperature: 0.1
2026-08-15 14:02:39,905 reid_baseline.train INFO: Epoch[116] Iteration[60/186] loss_total: 1.178, loss_id: 1.052, loss_triplet: 0.023, loss_camera_triplet: 0.000, loss_cross_camera_positive: 0.235, loss_pcc: 0.322, cross_camera_positive_count: 62.8, Acc: 1.000, Base Lr: 3.50e-06
2026-08-15 14:02:39,905 reid_baseline.train INFO: Soft Alignment Batch - Epoch: 116 Iteration: 60 soft_alignment_loss: 0.309806 valid_alignment_pair_count: 72 mean_soft_path_cost: 3.407866 alignment_temperature: 0.1
2026-08-15 14:02:42,645 reid_baseline.train INFO: Epoch[116] Iteration[80/186] loss_total: 1.191, loss_id: 1.061, loss_triplet: 0.027, loss_camera_triplet: 0.000, loss_cross_camera_positive: 0.235, loss_pcc: 0.322, cross_camera_positive_count: 62.6, Acc: 1.000, Base Lr: 3.50e-06
2026-08-15 14:02:42,645 reid_baseline.train INFO: Soft Alignment Batch - Epoch: 116 Iteration: 80 soft_alignment_loss: 0.331437 valid_alignment_pair_count: 74 mean_soft_path_cost: 3.645808 alignment_temperature: 0.1
2026-08-15 14:02:45,356 reid_baseline.train INFO: Epoch[116] Iteration[100/186] loss_total: 1.197, loss_id: 1.064, loss_triplet: 0.028, loss_camera_triplet: 0.000, loss_cross_camera_positive: 0.238, loss_pcc: 0.327, cross_camera_positive_count: 62.2, Acc: 0.999, Base Lr: 3.50e-06
2026-08-15 14:02:45,357 reid_baseline.train INFO: Soft Alignment Batch - Epoch: 116 Iteration: 100 soft_alignment_loss: 0.329942 valid_alignment_pair_count: 76 mean_soft_path_cost: 3.629358 alignment_temperature: 0.1
2026-08-15 14:02:48,075 reid_baseline.train INFO: Epoch[116] Iteration[120/186] loss_total: 1.196, loss_id: 1.063, loss_triplet: 0.027, loss_camera_triplet: 0.000, loss_cross_camera_positive: 0.241, loss_pcc: 0.331, cross_camera_positive_count: 62.4, Acc: 1.000, Base Lr: 3.50e-06
2026-08-15 14:02:48,075 reid_baseline.train INFO: Soft Alignment Batch - Epoch: 116 Iteration: 120 soft_alignment_loss: 0.345257 valid_alignment_pair_count: 74 mean_soft_path_cost: 3.797824 alignment_temperature: 0.1
2026-08-15 14:02:50,810 reid_baseline.train INFO: Epoch[116] Iteration[140/186] loss_total: 1.193, loss_id: 1.060, loss_triplet: 0.027, loss_camera_triplet: 0.000, loss_cross_camera_positive: 0.242, loss_pcc: 0.331, cross_camera_positive_count: 62.7, Acc: 1.000, Base Lr: 3.50e-06
2026-08-15 14:02:50,810 reid_baseline.train INFO: Soft Alignment Batch - Epoch: 116 Iteration: 140 soft_alignment_loss: 0.333526 valid_alignment_pair_count: 82 mean_soft_path_cost: 3.668781 alignment_temperature: 0.1
2026-08-15 14:02:53,547 reid_baseline.train INFO: Epoch[116] Iteration[160/186] loss_total: 1.187, loss_id: 1.058, loss_triplet: 0.024, loss_camera_triplet: 0.000, loss_cross_camera_positive: 0.241, loss_pcc: 0.331, cross_camera_positive_count: 62.7, Acc: 1.000, Base Lr: 3.50e-06
2026-08-15 14:02:53,547 reid_baseline.train INFO: Soft Alignment Batch - Epoch: 116 Iteration: 160 soft_alignment_loss: 0.327188 valid_alignment_pair_count: 71 mean_soft_path_cost: 3.599071 alignment_temperature: 0.1
2026-08-15 14:02:56,305 reid_baseline.train INFO: Epoch[116] Iteration[180/186] loss_total: 1.184, loss_id: 1.056, loss_triplet: 0.024, loss_camera_triplet: 0.000, loss_cross_camera_positive: 0.239, loss_pcc: 0.329, cross_camera_positive_count: 62.8, Acc: 0.999, Base Lr: 3.50e-06
2026-08-15 14:02:56,305 reid_baseline.train INFO: Soft Alignment Batch - Epoch: 116 Iteration: 180 soft_alignment_loss: 0.319941 valid_alignment_pair_count: 69 mean_soft_path_cost: 3.519346 alignment_temperature: 0.1
2026-08-15 14:02:57,127 reid_baseline.train INFO: EPOCH_EVIDENCE epoch=116 global_iteration=21576 epoch_length=186
2026-08-15 14:02:57,127 reid_baseline.train INFO: Soft Alignment Epoch Summary - Epoch: 116 soft_alignment_loss: 0.326992 valid_alignment_pair_count: 13729 mean_soft_path_cost: 3.596912 alignment_temperature: 0.1
2026-08-15 14:02:57,127 reid_baseline.train INFO: Epoch 116 done. Time per batch: 24.472[s] Speed: 486.4[samples/s]
2026-08-15 14:02:57,127 reid_baseline.train INFO: ----------
2026-08-15 14:02:59,859 reid_baseline.train INFO: Epoch[117] Iteration[20/186] loss_total: 1.184, loss_id: 1.054, loss_triplet: 0.026, loss_camera_triplet: 0.000, loss_cross_camera_positive: 0.237, loss_pcc: 0.326, cross_camera_positive_count: 62.6, Acc: 0.999, Base Lr: 3.50e-06
2026-08-15 14:02:59,859 reid_baseline.train INFO: Soft Alignment Batch - Epoch: 117 Iteration: 20 soft_alignment_loss: 0.314678 valid_alignment_pair_count: 81 mean_soft_path_cost: 3.461458 alignment_temperature: 0.1
2026-08-15 14:03:02,591 reid_baseline.train INFO: Epoch[117] Iteration[40/186] loss_total: 1.178, loss_id: 1.051, loss_triplet: 0.024, loss_camera_triplet: 0.000, loss_cross_camera_positive: 0.234, loss_pcc: 0.323, cross_camera_positive_count: 62.6, Acc: 0.999, Base Lr: 3.50e-06
2026-08-15 14:03:02,592 reid_baseline.train INFO: Soft Alignment Batch - Epoch: 117 Iteration: 40 soft_alignment_loss: 0.321400 valid_alignment_pair_count: 75 mean_soft_path_cost: 3.535395 alignment_temperature: 0.1
2026-08-15 14:03:05,787 reid_baseline.train INFO: Epoch[117] Iteration[60/186] loss_total: 1.183, loss_id: 1.055, loss_triplet: 0.026, loss_camera_triplet: 0.000, loss_cross_camera_positive: 0.234, loss_pcc: 0.320, cross_camera_positive_count: 62.5, Acc: 1.000, Base Lr: 3.50e-06
2026-08-15 14:03:05,787 reid_baseline.train INFO: Soft Alignment Batch - Epoch: 117 Iteration: 60 soft_alignment_loss: 0.317811 valid_alignment_pair_count: 80 mean_soft_path_cost: 3.495923 alignment_temperature: 0.1
2026-08-15 14:03:08,535 reid_baseline.train INFO: Epoch[117] Iteration[80/186] loss_total: 1.190, loss_id: 1.061, loss_triplet: 0.027, loss_camera_triplet: 0.000, loss_cross_camera_positive: 0.235, loss_pcc: 0.322, cross_camera_positive_count: 62.5, Acc: 0.999, Base Lr: 3.50e-06
2026-08-15 14:03:08,536 reid_baseline.train INFO: Soft Alignment Batch - Epoch: 117 Iteration: 80 soft_alignment_loss: 0.316366 valid_alignment_pair_count: 76 mean_soft_path_cost: 3.480026 alignment_temperature: 0.1
2026-08-15 14:03:11,243 reid_baseline.train INFO: Epoch[117] Iteration[100/186] loss_total: 1.194, loss_id: 1.062, loss_triplet: 0.029, loss_camera_triplet: 0.000, loss_cross_camera_positive: 0.238, loss_pcc: 0.327, cross_camera_positive_count: 62.3, Acc: 0.999, Base Lr: 3.50e-06
2026-08-15 14:03:11,243 reid_baseline.train INFO: Soft Alignment Batch - Epoch: 117 Iteration: 100 soft_alignment_loss: 0.347389 valid_alignment_pair_count: 78 mean_soft_path_cost: 3.821276 alignment_temperature: 0.1
2026-08-15 14:03:13,966 reid_baseline.train INFO: Epoch[117] Iteration[120/186] loss_total: 1.196, loss_id: 1.062, loss_triplet: 0.029, loss_camera_triplet: 0.000, loss_cross_camera_positive: 0.241, loss_pcc: 0.330, cross_camera_positive_count: 62.7, Acc: 0.999, Base Lr: 3.50e-06
2026-08-15 14:03:13,966 reid_baseline.train INFO: Soft Alignment Batch - Epoch: 117 Iteration: 120 soft_alignment_loss: 0.338563 valid_alignment_pair_count: 79 mean_soft_path_cost: 3.724198 alignment_temperature: 0.1
2026-08-15 14:03:16,650 reid_baseline.train INFO: Epoch[117] Iteration[140/186] loss_total: 1.194, loss_id: 1.061, loss_triplet: 0.027, loss_camera_triplet: 0.000, loss_cross_camera_positive: 0.240, loss_pcc: 0.331, cross_camera_positive_count: 62.8, Acc: 0.999, Base Lr: 3.50e-06
2026-08-15 14:03:16,650 reid_baseline.train INFO: Soft Alignment Batch - Epoch: 117 Iteration: 140 soft_alignment_loss: 0.338881 valid_alignment_pair_count: 70 mean_soft_path_cost: 3.727690 alignment_temperature: 0.1
2026-08-15 14:03:19,318 reid_baseline.train INFO: Epoch[117] Iteration[160/186] loss_total: 1.193, loss_id: 1.060, loss_triplet: 0.027, loss_camera_triplet: 0.000, loss_cross_camera_positive: 0.240, loss_pcc: 0.331, cross_camera_positive_count: 62.6, Acc: 1.000, Base Lr: 3.50e-06
2026-08-15 14:03:19,318 reid_baseline.train INFO: Soft Alignment Batch - Epoch: 117 Iteration: 160 soft_alignment_loss: 0.325342 valid_alignment_pair_count: 70 mean_soft_path_cost: 3.578765 alignment_temperature: 0.1
2026-08-15 14:03:21,990 reid_baseline.train INFO: Epoch[117] Iteration[180/186] loss_total: 1.189, loss_id: 1.058, loss_triplet: 0.026, loss_camera_triplet: 0.000, loss_cross_camera_positive: 0.240, loss_pcc: 0.331, cross_camera_positive_count: 62.2, Acc: 0.999, Base Lr: 3.50e-06
2026-08-15 14:03:21,990 reid_baseline.train INFO: Soft Alignment Batch - Epoch: 117 Iteration: 180 soft_alignment_loss: 0.323978 valid_alignment_pair_count: 68 mean_soft_path_cost: 3.563759 alignment_temperature: 0.1
2026-08-15 14:03:22,800 reid_baseline.train INFO: EPOCH_EVIDENCE epoch=117 global_iteration=21762 epoch_length=186
2026-08-15 14:03:22,800 reid_baseline.train INFO: Soft Alignment Epoch Summary - Epoch: 117 soft_alignment_loss: 0.327610 valid_alignment_pair_count: 13814 mean_soft_path_cost: 3.603714 alignment_temperature: 0.1
2026-08-15 14:03:22,800 reid_baseline.train INFO: Epoch 117 done. Time per batch: 24.186[s] Speed: 492.2[samples/s]
2026-08-15 14:03:22,800 reid_baseline.train INFO: ----------
2026-08-15 14:03:25,480 reid_baseline.train INFO: Epoch[118] Iteration[20/186] loss_total: 1.184, loss_id: 1.055, loss_triplet: 0.025, loss_camera_triplet: 0.000, loss_cross_camera_positive: 0.239, loss_pcc: 0.328, cross_camera_positive_count: 62.1, Acc: 0.999, Base Lr: 3.50e-06
2026-08-15 14:03:25,480 reid_baseline.train INFO: Soft Alignment Batch - Epoch: 118 Iteration: 20 soft_alignment_loss: 0.320511 valid_alignment_pair_count: 74 mean_soft_path_cost: 3.525618 alignment_temperature: 0.1
2026-08-15 14:03:28,162 reid_baseline.train INFO: Epoch[118] Iteration[40/186] loss_total: 1.179, loss_id: 1.052, loss_triplet: 0.025, loss_camera_triplet: 0.000, loss_cross_camera_positive: 0.235, loss_pcc: 0.324, cross_camera_positive_count: 62.3, Acc: 0.999, Base Lr: 3.50e-06
2026-08-15 14:03:28,162 reid_baseline.train INFO: Soft Alignment Batch - Epoch: 118 Iteration: 40 soft_alignment_loss: 0.320634 valid_alignment_pair_count: 77 mean_soft_path_cost: 3.526973 alignment_temperature: 0.1
2026-08-15 14:03:31,358 reid_baseline.train INFO: Epoch[118] Iteration[60/186] loss_total: 1.189, loss_id: 1.060, loss_triplet: 0.026, loss_camera_triplet: 0.000, loss_cross_camera_positive: 0.235, loss_pcc: 0.322, cross_camera_positive_count: 62.4, Acc: 0.999, Base Lr: 3.50e-06
2026-08-15 14:03:31,358 reid_baseline.train INFO: Soft Alignment Batch - Epoch: 118 Iteration: 60 soft_alignment_loss: 0.314727 valid_alignment_pair_count: 82 mean_soft_path_cost: 3.461994 alignment_temperature: 0.1
2026-08-15 14:03:34,084 reid_baseline.train INFO: Epoch[118] Iteration[80/186] loss_total: 1.192, loss_id: 1.062, loss_triplet: 0.027, loss_camera_triplet: 0.000, loss_cross_camera_positive: 0.236, loss_pcc: 0.323, cross_camera_positive_count: 62.3, Acc: 1.000, Base Lr: 3.50e-06
2026-08-15 14:03:34,084 reid_baseline.train INFO: Soft Alignment Batch - Epoch: 118 Iteration: 80 soft_alignment_loss: 0.330805 valid_alignment_pair_count: 76 mean_soft_path_cost: 3.638855 alignment_temperature: 0.1
2026-08-15 14:03:36,821 reid_baseline.train INFO: Epoch[118] Iteration[100/186] loss_total: 1.194, loss_id: 1.062, loss_triplet: 0.027, loss_camera_triplet: 0.000, loss_cross_camera_positive: 0.240, loss_pcc: 0.328, cross_camera_positive_count: 62.4, Acc: 1.000, Base Lr: 3.50e-06
2026-08-15 14:03:36,821 reid_baseline.train INFO: Soft Alignment Batch - Epoch: 118 Iteration: 100 soft_alignment_loss: 0.346857 valid_alignment_pair_count: 71 mean_soft_path_cost: 3.815428 alignment_temperature: 0.1
2026-08-15 14:03:39,526 reid_baseline.train INFO: Epoch[118] Iteration[120/186] loss_total: 1.194, loss_id: 1.061, loss_triplet: 0.027, loss_camera_triplet: 0.000, loss_cross_camera_positive: 0.241, loss_pcc: 0.331, cross_camera_positive_count: 62.6, Acc: 1.000, Base Lr: 3.50e-06
2026-08-15 14:03:39,526 reid_baseline.train INFO: Soft Alignment Batch - Epoch: 118 Iteration: 120 soft_alignment_loss: 0.324779 valid_alignment_pair_count: 74 mean_soft_path_cost: 3.572571 alignment_temperature: 0.1
2026-08-15 14:03:42,212 reid_baseline.train INFO: Epoch[118] Iteration[140/186] loss_total: 1.197, loss_id: 1.062, loss_triplet: 0.029, loss_camera_triplet: 0.000, loss_cross_camera_positive: 0.242, loss_pcc: 0.332, cross_camera_positive_count: 62.5, Acc: 1.000, Base Lr: 3.50e-06
2026-08-15 14:03:42,212 reid_baseline.train INFO: Soft Alignment Batch - Epoch: 118 Iteration: 140 soft_alignment_loss: 0.330742 valid_alignment_pair_count: 67 mean_soft_path_cost: 3.638160 alignment_temperature: 0.1
2026-08-15 14:03:44,927 reid_baseline.train INFO: Epoch[118] Iteration[160/186] loss_total: 1.196, loss_id: 1.061, loss_triplet: 0.029, loss_camera_triplet: 0.000, loss_cross_camera_positive: 0.242, loss_pcc: 0.332, cross_camera_positive_count: 62.7, Acc: 0.999, Base Lr: 3.50e-06
2026-08-15 14:03:44,928 reid_baseline.train INFO: Soft Alignment Batch - Epoch: 118 Iteration: 160 soft_alignment_loss: 0.336081 valid_alignment_pair_count: 76 mean_soft_path_cost: 3.696887 alignment_temperature: 0.1
2026-08-15 14:03:47,654 reid_baseline.train INFO: Epoch[118] Iteration[180/186] loss_total: 1.192, loss_id: 1.058, loss_triplet: 0.029, loss_camera_triplet: 0.000, loss_cross_camera_positive: 0.239, loss_pcc: 0.329, cross_camera_positive_count: 62.5, Acc: 0.999, Base Lr: 3.50e-06
2026-08-15 14:03:47,654 reid_baseline.train INFO: Soft Alignment Batch - Epoch: 118 Iteration: 180 soft_alignment_loss: 0.324110 valid_alignment_pair_count: 77 mean_soft_path_cost: 3.565205 alignment_temperature: 0.1
2026-08-15 14:03:48,469 reid_baseline.train INFO: EPOCH_EVIDENCE epoch=118 global_iteration=21948 epoch_length=186
2026-08-15 14:03:48,470 reid_baseline.train INFO: Soft Alignment Epoch Summary - Epoch: 118 soft_alignment_loss: 0.326892 valid_alignment_pair_count: 13752 mean_soft_path_cost: 3.595808 alignment_temperature: 0.1
2026-08-15 14:03:48,470 reid_baseline.train INFO: Epoch 118 done. Time per batch: 24.146[s] Speed: 493.0[samples/s]
2026-08-15 14:03:48,470 reid_baseline.train INFO: ----------
2026-08-15 14:03:51,225 reid_baseline.train INFO: Epoch[119] Iteration[20/186] loss_total: 1.184, loss_id: 1.055, loss_triplet: 0.026, loss_camera_triplet: 0.000, loss_cross_camera_positive: 0.235, loss_pcc: 0.324, cross_camera_positive_count: 62.6, Acc: 0.999, Base Lr: 3.50e-06
2026-08-15 14:03:51,225 reid_baseline.train INFO: Soft Alignment Batch - Epoch: 119 Iteration: 20 soft_alignment_loss: 0.310974 valid_alignment_pair_count: 74 mean_soft_path_cost: 3.420713 alignment_temperature: 0.1
2026-08-15 14:03:53,952 reid_baseline.train INFO: Epoch[119] Iteration[40/186] loss_total: 1.175, loss_id: 1.051, loss_triplet: 0.023, loss_camera_triplet: 0.000, loss_cross_camera_positive: 0.231, loss_pcc: 0.320, cross_camera_positive_count: 62.6, Acc: 1.000, Base Lr: 3.50e-06
2026-08-15 14:03:53,952 reid_baseline.train INFO: Soft Alignment Batch - Epoch: 119 Iteration: 40 soft_alignment_loss: 0.317919 valid_alignment_pair_count: 68 mean_soft_path_cost: 3.497112 alignment_temperature: 0.1
2026-08-15 14:03:57,397 reid_baseline.train INFO: Epoch[119] Iteration[60/186] loss_total: 1.189, loss_id: 1.060, loss_triplet: 0.028, loss_camera_triplet: 0.000, loss_cross_camera_positive: 0.231, loss_pcc: 0.317, cross_camera_positive_count: 62.4, Acc: 0.999, Base Lr: 3.50e-06
2026-08-15 14:03:57,398 reid_baseline.train INFO: Soft Alignment Batch - Epoch: 119 Iteration: 60 soft_alignment_loss: 0.321527 valid_alignment_pair_count: 71 mean_soft_path_cost: 3.536794 alignment_temperature: 0.1
2026-08-15 14:04:00,189 reid_baseline.train INFO: Epoch[119] Iteration[80/186] loss_total: 1.193, loss_id: 1.062, loss_triplet: 0.028, loss_camera_triplet: 0.000, loss_cross_camera_positive: 0.234, loss_pcc: 0.321, cross_camera_positive_count: 62.6, Acc: 1.000, Base Lr: 3.50e-06
2026-08-15 14:04:00,189 reid_baseline.train INFO: Soft Alignment Batch - Epoch: 119 Iteration: 80 soft_alignment_loss: 0.331926 valid_alignment_pair_count: 71 mean_soft_path_cost: 3.651181 alignment_temperature: 0.1
2026-08-15 14:04:02,990 reid_baseline.train INFO: Epoch[119] Iteration[100/186] loss_total: 1.195, loss_id: 1.063, loss_triplet: 0.028, loss_camera_triplet: 0.000, loss_cross_camera_positive: 0.237, loss_pcc: 0.326, cross_camera_positive_count: 62.5, Acc: 1.000, Base Lr: 3.50e-06
2026-08-15 14:04:02,990 reid_baseline.train INFO: Soft Alignment Batch - Epoch: 119 Iteration: 100 soft_alignment_loss: 0.339604 valid_alignment_pair_count: 82 mean_soft_path_cost: 3.735646 alignment_temperature: 0.1
2026-08-15 14:04:05,731 reid_baseline.train INFO: Epoch[119] Iteration[120/186] loss_total: 1.196, loss_id: 1.063, loss_triplet: 0.028, loss_camera_triplet: 0.000, loss_cross_camera_positive: 0.240, loss_pcc: 0.330, cross_camera_positive_count: 62.7, Acc: 1.000, Base Lr: 3.50e-06
2026-08-15 14:04:05,731 reid_baseline.train INFO: Soft Alignment Batch - Epoch: 119 Iteration: 120 soft_alignment_loss: 0.334197 valid_alignment_pair_count: 78 mean_soft_path_cost: 3.676168 alignment_temperature: 0.1
2026-08-15 14:04:08,490 reid_baseline.train INFO: Epoch[119] Iteration[140/186] loss_total: 1.198, loss_id: 1.063, loss_triplet: 0.028, loss_camera_triplet: 0.000, loss_cross_camera_positive: 0.244, loss_pcc: 0.331, cross_camera_positive_count: 62.5, Acc: 1.000, Base Lr: 3.50e-06
2026-08-15 14:04:08,490 reid_baseline.train INFO: Soft Alignment Batch - Epoch: 119 Iteration: 140 soft_alignment_loss: 0.331297 valid_alignment_pair_count: 65 mean_soft_path_cost: 3.644264 alignment_temperature: 0.1
2026-08-15 14:04:11,177 reid_baseline.train INFO: Epoch[119] Iteration[160/186] loss_total: 1.195, loss_id: 1.061, loss_triplet: 0.028, loss_camera_triplet: 0.000, loss_cross_camera_positive: 0.244, loss_pcc: 0.332, cross_camera_positive_count: 62.5, Acc: 1.000, Base Lr: 3.50e-06
2026-08-15 14:04:11,178 reid_baseline.train INFO: Soft Alignment Batch - Epoch: 119 Iteration: 160 soft_alignment_loss: 0.339307 valid_alignment_pair_count: 76 mean_soft_path_cost: 3.732381 alignment_temperature: 0.1
2026-08-15 14:04:13,877 reid_baseline.train INFO: Epoch[119] Iteration[180/186] loss_total: 1.189, loss_id: 1.057, loss_triplet: 0.027, loss_camera_triplet: 0.000, loss_cross_camera_positive: 0.241, loss_pcc: 0.331, cross_camera_positive_count: 62.7, Acc: 1.000, Base Lr: 3.50e-06
2026-08-15 14:04:13,877 reid_baseline.train INFO: Soft Alignment Batch - Epoch: 119 Iteration: 180 soft_alignment_loss: 0.331741 valid_alignment_pair_count: 73 mean_soft_path_cost: 3.649156 alignment_temperature: 0.1
2026-08-15 14:04:14,685 reid_baseline.train INFO: EPOCH_EVIDENCE epoch=119 global_iteration=22134 epoch_length=186
2026-08-15 14:04:14,685 reid_baseline.train INFO: Soft Alignment Epoch Summary - Epoch: 119 soft_alignment_loss: 0.326347 valid_alignment_pair_count: 13813 mean_soft_path_cost: 3.589820 alignment_temperature: 0.1
2026-08-15 14:04:14,685 reid_baseline.train INFO: Epoch 119 done. Time per batch: 24.452[s] Speed: 486.8[samples/s]
2026-08-15 14:04:14,685 reid_baseline.train INFO: ----------
2026-08-15 14:04:17,345 reid_baseline.train INFO: Epoch[120] Iteration[20/186] loss_total: 1.183, loss_id: 1.054, loss_triplet: 0.026, loss_camera_triplet: 0.000, loss_cross_camera_positive: 0.237, loss_pcc: 0.327, cross_camera_positive_count: 62.4, Acc: 1.000, Base Lr: 3.50e-06
2026-08-15 14:04:17,345 reid_baseline.train INFO: Soft Alignment Batch - Epoch: 120 Iteration: 20 soft_alignment_loss: 0.316160 valid_alignment_pair_count: 80 mean_soft_path_cost: 3.477762 alignment_temperature: 0.1
2026-08-15 14:04:20,020 reid_baseline.train INFO: Epoch[120] Iteration[40/186] loss_total: 1.173, loss_id: 1.049, loss_triplet: 0.022, loss_camera_triplet: 0.000, loss_cross_camera_positive: 0.233, loss_pcc: 0.322, cross_camera_positive_count: 62.4, Acc: 1.000, Base Lr: 3.50e-06
2026-08-15 14:04:20,020 reid_baseline.train INFO: Soft Alignment Batch - Epoch: 120 Iteration: 40 soft_alignment_loss: 0.307224 valid_alignment_pair_count: 70 mean_soft_path_cost: 3.379466 alignment_temperature: 0.1
2026-08-15 14:04:23,334 reid_baseline.train INFO: Epoch[120] Iteration[60/186] loss_total: 1.186, loss_id: 1.058, loss_triplet: 0.026, loss_camera_triplet: 0.000, loss_cross_camera_positive: 0.233, loss_pcc: 0.321, cross_camera_positive_count: 62.4, Acc: 1.000, Base Lr: 3.50e-06
2026-08-15 14:04:23,335 reid_baseline.train INFO: Soft Alignment Batch - Epoch: 120 Iteration: 60 soft_alignment_loss: 0.323140 valid_alignment_pair_count: 67 mean_soft_path_cost: 3.554539 alignment_temperature: 0.1
2026-08-15 14:04:26,101 reid_baseline.train INFO: Epoch[120] Iteration[80/186] loss_total: 1.195, loss_id: 1.062, loss_triplet: 0.029, loss_camera_triplet: 0.000, loss_cross_camera_positive: 0.237, loss_pcc: 0.324, cross_camera_positive_count: 62.7, Acc: 1.000, Base Lr: 3.50e-06
2026-08-15 14:04:26,101 reid_baseline.train INFO: Soft Alignment Batch - Epoch: 120 Iteration: 80 soft_alignment_loss: 0.340721 valid_alignment_pair_count: 73 mean_soft_path_cost: 3.747930 alignment_temperature: 0.1
2026-08-15 14:04:28,819 reid_baseline.train INFO: Epoch[120] Iteration[100/186] loss_total: 1.197, loss_id: 1.063, loss_triplet: 0.029, loss_camera_triplet: 0.000, loss_cross_camera_positive: 0.240, loss_pcc: 0.328, cross_camera_positive_count: 62.4, Acc: 0.999, Base Lr: 3.50e-06
2026-08-15 14:04:28,819 reid_baseline.train INFO: Soft Alignment Batch - Epoch: 120 Iteration: 100 soft_alignment_loss: 0.328104 valid_alignment_pair_count: 68 mean_soft_path_cost: 3.609145 alignment_temperature: 0.1
2026-08-15 14:04:31,503 reid_baseline.train INFO: Epoch[120] Iteration[120/186] loss_total: 1.199, loss_id: 1.064, loss_triplet: 0.029, loss_camera_triplet: 0.000, loss_cross_camera_positive: 0.243, loss_pcc: 0.331, cross_camera_positive_count: 62.5, Acc: 0.999, Base Lr: 3.50e-06
2026-08-15 14:04:31,503 reid_baseline.train INFO: Soft Alignment Batch - Epoch: 120 Iteration: 120 soft_alignment_loss: 0.337059 valid_alignment_pair_count: 74 mean_soft_path_cost: 3.707650 alignment_temperature: 0.1
2026-08-15 14:04:34,199 reid_baseline.train INFO: Epoch[120] Iteration[140/186] loss_total: 1.197, loss_id: 1.063, loss_triplet: 0.028, loss_camera_triplet: 0.000, loss_cross_camera_positive: 0.243, loss_pcc: 0.332, cross_camera_positive_count: 62.5, Acc: 0.999, Base Lr: 3.50e-06
2026-08-15 14:04:34,199 reid_baseline.train INFO: Soft Alignment Batch - Epoch: 120 Iteration: 140 soft_alignment_loss: 0.322698 valid_alignment_pair_count: 76 mean_soft_path_cost: 3.549675 alignment_temperature: 0.1
2026-08-15 14:04:36,903 reid_baseline.train INFO: Epoch[120] Iteration[160/186] loss_total: 1.194, loss_id: 1.061, loss_triplet: 0.027, loss_camera_triplet: 0.000, loss_cross_camera_positive: 0.242, loss_pcc: 0.331, cross_camera_positive_count: 62.5, Acc: 0.999, Base Lr: 3.50e-06
2026-08-15 14:04:36,903 reid_baseline.train INFO: Soft Alignment Batch - Epoch: 120 Iteration: 160 soft_alignment_loss: 0.320837 valid_alignment_pair_count: 78 mean_soft_path_cost: 3.529210 alignment_temperature: 0.1
2026-08-15 14:04:39,601 reid_baseline.train INFO: Epoch[120] Iteration[180/186] loss_total: 1.190, loss_id: 1.060, loss_triplet: 0.026, loss_camera_triplet: 0.000, loss_cross_camera_positive: 0.241, loss_pcc: 0.329, cross_camera_positive_count: 62.3, Acc: 0.999, Base Lr: 3.50e-06
2026-08-15 14:04:39,601 reid_baseline.train INFO: Soft Alignment Batch - Epoch: 120 Iteration: 180 soft_alignment_loss: 0.324674 valid_alignment_pair_count: 77 mean_soft_path_cost: 3.571418 alignment_temperature: 0.1
2026-08-15 14:04:40,700 reid_baseline.train INFO: EPOCH_EVIDENCE epoch=120 global_iteration=22320 epoch_length=186
2026-08-15 14:04:40,701 reid_baseline.train INFO: Soft Alignment Epoch Summary - Epoch: 120 soft_alignment_loss: 0.326975 valid_alignment_pair_count: 13670 mean_soft_path_cost: 3.596725 alignment_temperature: 0.1
2026-08-15 14:04:40,701 reid_baseline.train INFO: Epoch 120 done. Time per batch: 24.100[s] Speed: 494.0[samples/s]
2026-08-15 14:04:40,701 reid_baseline.train INFO: ----------
The test feature is normalized
2026-08-15 14:06:05,094 reid_baseline.train INFO: Validation Results - Epoch: 120
2026-08-15 14:06:05,095 reid_baseline.train INFO: mAP: 87.4%
2026-08-15 14:06:05,095 reid_baseline.train INFO: CMC curve, Rank-1  :94.9%
2026-08-15 14:06:05,095 reid_baseline.train INFO: CMC curve, Rank-5  :98.1%
2026-08-15 14:06:05,095 reid_baseline.train INFO: CMC curve, Rank-10 :98.8%
